table,ordinal,column,type,max_length,precision,scale,is_nullable,is_identity
122020,1,month_year,nchar,20,0,0,False,False
122020,2,tax_type,nvarchar,2,0,0,False,False
122020,3,seq_rpt_id,bigint,8,19,0,False,False
122020,4,tax_date,datetime,8,23,3,False,False
122020,5,tax_number,nvarchar,100,0,0,False,False
122020,6,tax_name,nvarchar,100,0,0,False,False
122020,7,tax_id,nvarchar,100,0,0,False,False
122020,8,tax_corp_center,nvarchar,100,0,0,False,False
122020,9,tax_corp_branch,nchar,20,0,0,True,False
122020,10,tax_net_amount,money,8,19,4,False,False
122020,11,tax_vat_amount,money,8,19,4,False,False
122020,12,tax_total_amount,money,8,19,4,False,False
122020,13,doc_app_no,nvarchar,100,0,0,True,False
122020,14,doc_cont_no,nvarchar,100,0,0,True,False
20241218_MIS_FD_CustCard,1,CONTRACT_NUMBER,int,4,10,0,True,False
20241218_MIS_FD_CustCard,2,INSTALL_NUM,int,4,10,0,True,False
20241218_MIS_FD_CustCard,3,DUEDATE,varchar,50,0,0,True,False
20241218_MIS_FD_CustCard,4,INSTALL_AMT,float,8,53,0,True,False
20241218_MIS_FD_CustCard,5,PAY_PRINCIPLE,float,8,53,0,True,False
20241218_MIS_FD_CustCard,6,PAY_INTEREST,float,8,53,0,True,False
20241218_MIS_FD_CustCard,7,PAY_INSTALL_VAT,float,8,53,0,True,False
20241218_MIS_FD_CustCard,8,OUTSTD_SUM_PRINCIPLE,float,8,53,0,True,False
20241218_MIS_FD_CustCard,9,OUTSTD_SUM_INTEREST,float,8,53,0,True,False
20241218_MIS_FD_CustCard,10,DISCOUNT_AMT,float,8,53,0,True,False
20250211_MIS_CustCard,1,CONTRACT_ID,int,4,10,0,True,False
20250211_MIS_CustCard,2,CONTRACT_NUMBER,int,4,10,0,True,False
20250211_MIS_CustCard,3,APPLICATION_NUMBER,nvarchar,40,0,0,True,False
20250211_MIS_CustCard,4,INSTALL_NUM,int,4,10,0,True,False
20250211_MIS_CustCard,5,DUEDATE,varchar,50,0,0,True,False
20250211_MIS_CustCard,6,INSTALL_AMT,float,8,53,0,True,False
20250211_MIS_CustCard,7,PAY_PRINCIPLE,float,8,53,0,True,False
20250211_MIS_CustCard,8,PAY_INTEREST,float,8,53,0,True,False
20250211_MIS_CustCard,9,PAY_INSTALL_VAT,float,8,53,0,True,False
20250211_MIS_CustCard,10,OUTSTD_SUM_PRINCIPLE,float,8,53,0,True,False
20250211_MIS_CustCard,11,OUTSTD_SUM_INTEREST,float,8,53,0,True,False
20250211_MIS_CustCard,12,DISCOUNT_AMT,float,8,53,0,True,False
ACCOUNT,1,ACCOUNT_ID,int,4,10,0,False,True
ACCOUNT,2,CONTRACT_ID,int,4,10,0,True,False
ACCOUNT,3,CONTRACT_NUMBER,nvarchar,40,0,0,True,False
ACCOUNT,4,APP_ID,int,4,10,0,True,False
ACCOUNT,5,APP_NUMBER,nvarchar,40,0,0,True,False
ACCOUNT,6,REPAY_ID,int,4,10,0,True,False
ACCOUNT,7,PAY_ID,int,4,10,0,True,False
ACCOUNT,8,VOURCHER_NO,nvarchar,40,0,0,True,False
ACCOUNT,9,DATE,date,3,10,0,True,False
ACCOUNT,10,DATE_POST,date,3,10,0,True,False
ACCOUNT,11,APAR_CODE,nvarchar,40,0,0,True,False
ACCOUNT,12,ACCOUNT_CODE,nvarchar,40,0,0,True,False
ACCOUNT,13,ACCOUNT_CATEGORY,nvarchar,10,0,0,True,False
ACCOUNT,14,ACCOUNT_DESCIPTION,nvarchar,400,0,0,True,False
ACCOUNT,15,RECORD_TYPE,nvarchar,20,0,0,True,False
ACCOUNT,16,AMOUNT,float,8,53,0,True,False
ACCOUNT_200917_1045,1,ACCOUNT_ID,int,4,10,0,False,True
ACCOUNT_200917_1045,2,CONTRACT_ID,int,4,10,0,True,False
ACCOUNT_200917_1045,3,CONTRACT_NUMBER,nvarchar,40,0,0,True,False
ACCOUNT_200917_1045,4,APP_ID,int,4,10,0,True,False
ACCOUNT_200917_1045,5,APP_NUMBER,nvarchar,40,0,0,True,False
ACCOUNT_200917_1045,6,REPAY_ID,int,4,10,0,True,False
ACCOUNT_200917_1045,7,PAY_ID,int,4,10,0,True,False
ACCOUNT_200917_1045,8,VOURCHER_NO,nvarchar,40,0,0,True,False
ACCOUNT_200917_1045,9,DATE,date,3,10,0,True,False
ACCOUNT_200917_1045,10,DATE_POST,date,3,10,0,True,False
ACCOUNT_200917_1045,11,APAR_CODE,nvarchar,40,0,0,True,False
ACCOUNT_200917_1045,12,ACCOUNT_CODE,nvarchar,40,0,0,True,False
ACCOUNT_200917_1045,13,ACCOUNT_CATEGORY,nvarchar,10,0,0,True,False
ACCOUNT_200917_1045,14,ACCOUNT_DESCIPTION,nvarchar,400,0,0,True,False
ACCOUNT_200917_1045,15,RECORD_TYPE,nvarchar,20,0,0,True,False
ACCOUNT_200917_1045,16,AMOUNT,float,8,53,0,True,False
ACCOUNT_CHECK_GL,1,SEQ_ID,int,4,10,0,False,True
ACCOUNT_CHECK_GL,2,ACCOUNT_ID,int,4,10,0,True,False
ACCOUNT_CHECK_GL,3,CONTRACT_ID,int,4,10,0,True,False
ACCOUNT_CHECK_GL,4,CONTRACT_NUMBER,nvarchar,40,0,0,True,False
ACCOUNT_CHECK_GL,5,APP_ID,int,4,10,0,True,False
ACCOUNT_CHECK_GL,6,APP_NUMBER,nvarchar,40,0,0,True,False
ACCOUNT_CHECK_GL,7,REPAY_ID,int,4,10,0,True,False
ACCOUNT_CHECK_GL,8,PAY_ID,int,4,10,0,True,False
ACCOUNT_CHECK_GL,9,VOURCHER_NO,nvarchar,40,0,0,True,False
ACCOUNT_CHECK_GL,10,DATE,date,3,10,0,True,False
ACCOUNT_CHECK_GL,11,DATE_POST,date,3,10,0,True,False
ACCOUNT_CHECK_GL,12,APAR_CODE,nvarchar,40,0,0,True,False
ACCOUNT_CHECK_GL,13,ACCOUNT_CODE,nvarchar,40,0,0,True,False
ACCOUNT_CHECK_GL,14,ACCOUNT_CATEGORY,nvarchar,10,0,0,True,False
ACCOUNT_CHECK_GL,15,ACCOUNT_DESCIPTION,nvarchar,400,0,0,True,False
ACCOUNT_CHECK_GL,16,RECORD_TYPE,nvarchar,20,0,0,True,False
ACCOUNT_CHECK_GL,17,AMOUNT,float,8,53,0,True,False
ACCOUNT_CHECK_GL,18,LOG_DATETIME,datetime,8,23,3,True,False
ACCOUNT_CHECK_GL,19,LOG_CREATE_BY,nvarchar,200,0,0,True,False
ACCOUNT_GENERAL,1,GENERAL_ID,int,4,10,0,False,True
ACCOUNT_GENERAL,2,G_VOURCHER_NO,nvarchar,40,0,0,True,False
ACCOUNT_GENERAL,3,G_DATE,date,3,10,0,True,False
ACCOUNT_GENERAL,4,G_DATE_POST,date,3,10,0,True,False
ACCOUNT_GENERAL,5,G_APAR_CODE,nvarchar,40,0,0,True,False
ACCOUNT_GENERAL,6,G_ACCOUNT_CODE,nvarchar,40,0,0,True,False
ACCOUNT_GENERAL,7,G_ACCOUNT_CATEGORY,nvarchar,10,0,0,True,False
ACCOUNT_GENERAL,8,G_ACCOUNT_DESCIPTION,nvarchar,400,0,0,True,False
ACCOUNT_GENERAL,9,G_RECORD_TYPE,nvarchar,20,0,0,True,False
ACCOUNT_GENERAL,10,G_AMOUNT,float,8,53,0,True,False
ACCOUNT_LOG,1,ID,int,4,10,0,False,True
ACCOUNT_LOG,2,ACCOUNT_ID,int,4,10,0,True,False
ACCOUNT_LOG,3,CONTRACT_ID,int,4,10,0,True,False
ACCOUNT_LOG,4,APP_ID,int,4,10,0,True,False
ACCOUNT_LOG,5,REPAY_ID,int,4,10,0,True,False
ACCOUNT_LOG,6,ACCOUNT_CODE,nvarchar,40,0,0,True,False
ACCOUNT_LOG,7,JSON_string,nvarchar,-1,0,0,True,False
ACCOUNT_LOG,8,INPUT BY METHOD,nvarchar,20,0,0,True,False
ACCOUNT_LOG,9,CREATE_AT,datetime,8,23,3,True,False
ACCOUNT_LOG,10,MODIFY_AT,datetime,8,23,3,True,False
ACCOUNT_LOG,11,MODIFY_BY,nvarchar,100,0,0,True,False
ACCOUNT_LOG_BK20230809,1,ID,int,4,10,0,False,True
ACCOUNT_LOG_BK20230809,2,ACCOUNT_ID,int,4,10,0,True,False
ACCOUNT_LOG_BK20230809,3,CONTRACT_ID,int,4,10,0,True,False
ACCOUNT_LOG_BK20230809,4,APP_ID,int,4,10,0,True,False
ACCOUNT_LOG_BK20230809,5,REPAY_ID,int,4,10,0,True,False
ACCOUNT_LOG_BK20230809,6,ACCOUNT_CODE,int,4,10,0,True,False
ACCOUNT_LOG_BK20230809,7,JSON_string,nvarchar,-1,0,0,True,False
ACCOUNT_LOG_BK20230809,8,INPUT BY METHOD,nvarchar,20,0,0,True,False
ACCOUNT_LOG_BK20230809,9,CREATE_AT,datetime,8,23,3,True,False
ACCOUNT_LOG_BK20230809,10,MODIFY_AT,datetime,8,23,3,True,False
ACCOUNT_LOG_BK20230809,11,MODIFY_BY,nvarchar,100,0,0,True,False
ACCOUNT_PAYABLE,1,PAYABLE_ID,int,4,10,0,False,True
ACCOUNT_PAYABLE,2,PAY_ID,int,4,10,0,True,False
ACCOUNT_PAYABLE,3,P_VOURCHER_NO,nvarchar,40,0,0,True,False
ACCOUNT_PAYABLE,4,P_DATE,date,3,10,0,True,False
ACCOUNT_PAYABLE,5,P_DATE_POST,date,3,10,0,True,False
ACCOUNT_PAYABLE,6,P_APAR_CODE,nvarchar,40,0,0,True,False
ACCOUNT_PAYABLE,7,P_ACCOUNT_CODE,nvarchar,40,0,0,True,False
ACCOUNT_PAYABLE,8,P_ACCOUNT_CATEGORY,nvarchar,10,0,0,True,False
ACCOUNT_PAYABLE,9,P_ACCOUNT_DESCIPTION,nvarchar,400,0,0,True,False
ACCOUNT_PAYABLE,10,P_RECORD_TYPE,nvarchar,20,0,0,True,False
ACCOUNT_PAYABLE,11,P_AMOUNT,float,8,53,0,True,False
ACCOUNT_RECEIVABLE,1,RECEIVABLE_ID,int,4,10,0,False,True
ACCOUNT_RECEIVABLE,2,REPAY_ID,int,4,10,0,True,False
ACCOUNT_RECEIVABLE,3,R_VOURCHER_NO,nvarchar,40,0,0,True,False
ACCOUNT_RECEIVABLE,4,R_DATE,date,3,10,0,True,False
ACCOUNT_RECEIVABLE,5,R_DATE_POST,date,3,10,0,True,False
ACCOUNT_RECEIVABLE,6,R_APAR_CODE,nvarchar,40,0,0,True,False
ACCOUNT_RECEIVABLE,7,R_ACCOUNT_CODE,nvarchar,40,0,0,True,False
ACCOUNT_RECEIVABLE,8,R_ACCOUNT_CATEGORY,nvarchar,10,0,0,True,False
ACCOUNT_RECEIVABLE,9,R_ACCOUNT_DESCIPTION,nvarchar,400,0,0,True,False
ACCOUNT_RECEIVABLE,10,R_RECORD_TYPE,nvarchar,20,0,0,True,False
ACCOUNT_RECEIVABLE,11,R_AMOUNT,float,8,53,0,True,False
ADDRESS,1,ADDRESS_ID,int,4,10,0,False,True
ADDRESS,2,PERSON_ID,int,4,10,0,True,False
ADDRESS,3,CIF_PERSON_ID,int,4,10,0,True,False
ADDRESS,4,JURISTIC_ID,int,4,10,0,True,False
ADDRESS,5,QUOTATION_ID,int,4,10,0,True,False
ADDRESS,6,A1_MASTER,int,4,10,0,True,False
ADDRESS,7,A1_COPY,int,4,10,0,True,False
ADDRESS,8,A1_NO,nvarchar,40,0,0,True,False
ADDRESS,9,A1_MOI,nvarchar,40,0,0,True,False
ADDRESS,10,A1_VILLAGE,nvarchar,200,0,0,True,False
ADDRESS,11,A1_BUILDING,nvarchar,100,0,0,True,False
ADDRESS,12,A1_FLOOR,nvarchar,10,0,0,True,False
ADDRESS,13,A1_ROOM_NO,nvarchar,30,0,0,True,False
ADDRESS,14,A1_SOI,nvarchar,100,0,0,True,False
ADDRESS,15,A1_ROAD,nvarchar,100,0,0,True,False
ADDRESS,16,A1_PROVINCE,nvarchar,6,0,0,True,False
ADDRESS,17,A1_DISTRICT,int,4,10,0,True,False
ADDRESS,18,A1_SUBDISTRICT,int,4,10,0,True,False
ADDRESS,19,A1_POSTALCODE,int,4,10,0,True,False
ADDRESS,20,A1_OWNER_TYPE,int,4,10,0,True,False
ADDRESS,21,A1_LIVEING_TIME,nvarchar,20,0,0,True,False
ADDRESS,22,A1_PHONE,nvarchar,30,0,0,True,False
ADDRESS,23,A1_LATITUDE,nvarchar,400,0,0,True,False
ADDRESS,24,A1_LONGITUDE,nvarchar,400,0,0,True,False
ADDRESS,25,A2_MASTER,int,4,10,0,True,False
ADDRESS,26,A2_COPY,int,4,10,0,True,False
ADDRESS,27,A2_NO,nvarchar,40,0,0,True,False
ADDRESS,28,A2_MOI,nvarchar,40,0,0,True,False
ADDRESS,29,A2_VILLAGE,nvarchar,200,0,0,True,False
ADDRESS,30,A2_BUILDING,nvarchar,100,0,0,True,False
ADDRESS,31,A2_FLOOR,nvarchar,10,0,0,True,False
ADDRESS,32,A2_ROOM_NO,nvarchar,30,0,0,True,False
ADDRESS,33,A2_SOI,nvarchar,100,0,0,True,False
ADDRESS,34,A2_ROAD,nvarchar,100,0,0,True,False
ADDRESS,35,A2_PROVINCE,nvarchar,6,0,0,True,False
ADDRESS,36,A2_DISTRICT,int,4,10,0,True,False
ADDRESS,37,A2_SUBDISTRICT,int,4,10,0,True,False
ADDRESS,38,A2_POSTALCODE,int,4,10,0,True,False
ADDRESS,39,A2_OWNER_TYPE,int,4,10,0,True,False
ADDRESS,40,A2_LIVEING_TIME,nvarchar,20,0,0,True,False
ADDRESS,41,A2_PHONE,nvarchar,30,0,0,True,False
ADDRESS,42,A2_LATITUDE,nvarchar,400,0,0,True,False
ADDRESS,43,A2_LONGITUDE,nvarchar,400,0,0,True,False
ADDRESS,44,A3_MASTER,int,4,10,0,True,False
ADDRESS,45,A3_COPY,int,4,10,0,True,False
ADDRESS,46,A3_NO,nvarchar,40,0,0,True,False
ADDRESS,47,A3_MOI,nvarchar,40,0,0,True,False
ADDRESS,48,A3_VILLAGE,nvarchar,200,0,0,True,False
ADDRESS,49,A3_BUILDING,nvarchar,100,0,0,True,False
ADDRESS,50,A3_FLOOR,nvarchar,10,0,0,True,False
ADDRESS,51,A3_ROOM_NO,nvarchar,30,0,0,True,False
ADDRESS,52,A3_SOI,nvarchar,100,0,0,True,False
ADDRESS,53,A3_ROAD,nvarchar,100,0,0,True,False
ADDRESS,54,A3_PROVINCE,nvarchar,6,0,0,True,False
ADDRESS,55,A3_DISTRICT,int,4,10,0,True,False
ADDRESS,56,A3_SUBDISTRICT,int,4,10,0,True,False
ADDRESS,57,A3_POSTALCODE,int,4,10,0,True,False
ADDRESS,58,A3_OWNER_TYPE,int,4,10,0,True,False
ADDRESS,59,A3_LIVEING_TIME,nvarchar,20,0,0,True,False
ADDRESS,60,A3_PHONE,nvarchar,30,0,0,True,False
ADDRESS,61,A3_LATITUDE,nvarchar,400,0,0,True,False
ADDRESS,62,A3_LONGITUDE,nvarchar,400,0,0,True,False
ADDRESS,63,A4_MASTER,int,4,10,0,True,False
ADDRESS,64,A4_COPY,int,4,10,0,True,False
ADDRESS,65,A4_NO,nvarchar,40,0,0,True,False
ADDRESS,66,A4_MOI,nvarchar,40,0,0,True,False
ADDRESS,67,A4_VILLAGE,nvarchar,200,0,0,True,False
ADDRESS,68,A4_BUILDING,nvarchar,100,0,0,True,False
ADDRESS,69,A4_FLOOR,nvarchar,10,0,0,True,False
ADDRESS,70,A4_ROOM_NO,nvarchar,30,0,0,True,False
ADDRESS,71,A4_SOI,nvarchar,100,0,0,True,False
ADDRESS,72,A4_ROAD,nvarchar,100,0,0,True,False
ADDRESS,73,A4_PROVINCE,nvarchar,6,0,0,True,False
ADDRESS,74,A4_DISTRICT,int,4,10,0,True,False
ADDRESS,75,A4_SUBDISTRICT,int,4,10,0,True,False
ADDRESS,76,A4_POSTALCODE,int,4,10,0,True,False
ADDRESS,77,A4_OWNER_TYPE,int,4,10,0,True,False
ADDRESS,78,A4_LIVEING_TIME,nvarchar,20,0,0,True,False
ADDRESS,79,A4_PHONE,nvarchar,30,0,0,True,False
ADDRESS,80,A4_LATITUDE,nvarchar,400,0,0,True,False
ADDRESS,81,A4_LONGITUDE,nvarchar,400,0,0,True,False
ADDRESS,82,A_MASTER_WORK,int,4,10,0,True,False
ADDRESS,83,A_COPY_WORK,int,4,10,0,True,False
ADDRESS,84,A_NO_WORK,nvarchar,40,0,0,True,False
ADDRESS,85,A_MOI_WORK,nvarchar,40,0,0,True,False
ADDRESS,86,A_VILLAGE_WORK,nvarchar,200,0,0,True,False
ADDRESS,87,A_BUILDING_WORK,nvarchar,100,0,0,True,False
ADDRESS,88,A_FLOOR_WORK,nvarchar,10,0,0,True,False
ADDRESS,89,A_ROOM_NO_WORK,nvarchar,30,0,0,True,False
ADDRESS,90,A_SOI_WORK,nvarchar,100,0,0,True,False
ADDRESS,91,A_ROAD_WORK,nvarchar,100,0,0,True,False
ADDRESS,92,A_PROVINCE_WORK,nvarchar,6,0,0,True,False
ADDRESS,93,A_DISTRICT_WORK,int,4,10,0,True,False
ADDRESS,94,A_SUBDISTRICT_WORK,int,4,10,0,True,False
ADDRESS,95,A_POSTALCODE_WORK,int,4,10,0,True,False
ADDRESS,96,A_OWNER_TYPE_WORK,int,4,10,0,True,False
ADDRESS,97,A_LIVEING_TIME_WORK,nvarchar,20,0,0,True,False
ADDRESS,98,A_PHONE_WORK,nvarchar,30,0,0,True,False
ADDRESS,99,A_LATITUDE_WORK,nvarchar,400,0,0,True,False
ADDRESS,100,A_LONGITUDE_WORK,nvarchar,400,0,0,True,False
ADDRESS,101,A_NAME_WORK,nvarchar,300,0,0,True,False
ADDRESS_Dept,1,ADDRESS_ID,int,4,10,0,False,True
ADDRESS_Dept,2,PERSON_ID,int,4,10,0,True,False
ADDRESS_Dept,3,CIF_PERSON_ID,int,4,10,0,True,False
ADDRESS_Dept,4,JURISTIC_ID,int,4,10,0,True,False
ADDRESS_Dept,5,QUOTATION_ID,int,4,10,0,True,False
ADDRESS_Dept,6,A1_MASTER,int,4,10,0,True,False
ADDRESS_Dept,7,A1_COPY,int,4,10,0,True,False
ADDRESS_Dept,8,A1_NO,nvarchar,40,0,0,True,False
ADDRESS_Dept,9,A1_MOI,nvarchar,40,0,0,True,False
ADDRESS_Dept,10,A1_VILLAGE,nvarchar,200,0,0,True,False
ADDRESS_Dept,11,A1_BUILDING,nvarchar,100,0,0,True,False
ADDRESS_Dept,12,A1_FLOOR,nvarchar,10,0,0,True,False
ADDRESS_Dept,13,A1_ROOM_NO,nvarchar,30,0,0,True,False
ADDRESS_Dept,14,A1_SOI,nvarchar,100,0,0,True,False
ADDRESS_Dept,15,A1_ROAD,nvarchar,100,0,0,True,False
ADDRESS_Dept,16,A1_PROVINCE,nvarchar,6,0,0,True,False
ADDRESS_Dept,17,A1_DISTRICT,int,4,10,0,True,False
ADDRESS_Dept,18,A1_SUBDISTRICT,int,4,10,0,True,False
ADDRESS_Dept,19,A1_POSTALCODE,int,4,10,0,True,False
ADDRESS_Dept,20,A1_OWNER_TYPE,int,4,10,0,True,False
ADDRESS_Dept,21,A1_LIVEING_TIME,nvarchar,20,0,0,True,False
ADDRESS_Dept,22,A1_PHONE,nvarchar,30,0,0,True,False
ADDRESS_Dept,23,A1_LATITUDE,nvarchar,400,0,0,True,False
ADDRESS_Dept,24,A1_LONGITUDE,nvarchar,400,0,0,True,False
ADDRESS_Dept,25,A2_MASTER,int,4,10,0,True,False
ADDRESS_Dept,26,A2_COPY,int,4,10,0,True,False
ADDRESS_Dept,27,A2_NO,nvarchar,40,0,0,True,False
ADDRESS_Dept,28,A2_MOI,nvarchar,40,0,0,True,False
ADDRESS_Dept,29,A2_VILLAGE,nvarchar,200,0,0,True,False
ADDRESS_Dept,30,A2_BUILDING,nvarchar,100,0,0,True,False
ADDRESS_Dept,31,A2_FLOOR,nvarchar,10,0,0,True,False
ADDRESS_Dept,32,A2_ROOM_NO,nvarchar,30,0,0,True,False
ADDRESS_Dept,33,A2_SOI,nvarchar,100,0,0,True,False
ADDRESS_Dept,34,A2_ROAD,nvarchar,100,0,0,True,False
ADDRESS_Dept,35,A2_PROVINCE,nvarchar,6,0,0,True,False
ADDRESS_Dept,36,A2_DISTRICT,int,4,10,0,True,False
ADDRESS_Dept,37,A2_SUBDISTRICT,int,4,10,0,True,False
ADDRESS_Dept,38,A2_POSTALCODE,int,4,10,0,True,False
ADDRESS_Dept,39,A2_OWNER_TYPE,int,4,10,0,True,False
ADDRESS_Dept,40,A2_LIVEING_TIME,nvarchar,20,0,0,True,False
ADDRESS_Dept,41,A2_PHONE,nvarchar,30,0,0,True,False
ADDRESS_Dept,42,A2_LATITUDE,nvarchar,400,0,0,True,False
ADDRESS_Dept,43,A2_LONGITUDE,nvarchar,400,0,0,True,False
ADDRESS_Dept,44,A3_MASTER,int,4,10,0,True,False
ADDRESS_Dept,45,A3_COPY,int,4,10,0,True,False
ADDRESS_Dept,46,A3_NO,nvarchar,40,0,0,True,False
ADDRESS_Dept,47,A3_MOI,nvarchar,40,0,0,True,False
ADDRESS_Dept,48,A3_VILLAGE,nvarchar,200,0,0,True,False
ADDRESS_Dept,49,A3_BUILDING,nvarchar,100,0,0,True,False
ADDRESS_Dept,50,A3_FLOOR,nvarchar,10,0,0,True,False
ADDRESS_Dept,51,A3_ROOM_NO,nvarchar,30,0,0,True,False
ADDRESS_Dept,52,A3_SOI,nvarchar,100,0,0,True,False
ADDRESS_Dept,53,A3_ROAD,nvarchar,100,0,0,True,False
ADDRESS_Dept,54,A3_PROVINCE,nvarchar,6,0,0,True,False
ADDRESS_Dept,55,A3_DISTRICT,int,4,10,0,True,False
ADDRESS_Dept,56,A3_SUBDISTRICT,int,4,10,0,True,False
ADDRESS_Dept,57,A3_POSTALCODE,int,4,10,0,True,False
ADDRESS_Dept,58,A3_OWNER_TYPE,int,4,10,0,True,False
ADDRESS_Dept,59,A3_LIVEING_TIME,nvarchar,20,0,0,True,False
ADDRESS_Dept,60,A3_PHONE,nvarchar,30,0,0,True,False
ADDRESS_Dept,61,A3_LATITUDE,nvarchar,400,0,0,True,False
ADDRESS_Dept,62,A3_LONGITUDE,nvarchar,400,0,0,True,False
ADDRESS_Dept,63,A4_MASTER,int,4,10,0,True,False
ADDRESS_Dept,64,A4_COPY,int,4,10,0,True,False
ADDRESS_Dept,65,A4_NO,nvarchar,40,0,0,True,False
ADDRESS_Dept,66,A4_MOI,nvarchar,40,0,0,True,False
ADDRESS_Dept,67,A4_VILLAGE,nvarchar,200,0,0,True,False
ADDRESS_Dept,68,A4_BUILDING,nvarchar,100,0,0,True,False
ADDRESS_Dept,69,A4_FLOOR,nvarchar,10,0,0,True,False
ADDRESS_Dept,70,A4_ROOM_NO,nvarchar,30,0,0,True,False
ADDRESS_Dept,71,A4_SOI,nvarchar,100,0,0,True,False
ADDRESS_Dept,72,A4_ROAD,nvarchar,100,0,0,True,False
ADDRESS_Dept,73,A4_PROVINCE,nvarchar,6,0,0,True,False
ADDRESS_Dept,74,A4_DISTRICT,int,4,10,0,True,False
ADDRESS_Dept,75,A4_SUBDISTRICT,int,4,10,0,True,False
ADDRESS_Dept,76,A4_POSTALCODE,int,4,10,0,True,False
ADDRESS_Dept,77,A4_OWNER_TYPE,int,4,10,0,True,False
ADDRESS_Dept,78,A4_LIVEING_TIME,nvarchar,20,0,0,True,False
ADDRESS_Dept,79,A4_PHONE,nvarchar,30,0,0,True,False
ADDRESS_Dept,80,A4_LATITUDE,nvarchar,400,0,0,True,False
ADDRESS_Dept,81,A4_LONGITUDE,nvarchar,400,0,0,True,False
ADDRESS_GUARANTOR,1,ADD_GUAR_ID,int,4,10,0,False,True
ADDRESS_GUARANTOR,2,APP_ID,int,4,10,0,True,False
ADDRESS_GUARANTOR,3,GUAR_ID,int,4,10,0,True,False
ADDRESS_GUARANTOR,4,A1_MASTER,int,4,10,0,True,False
ADDRESS_GUARANTOR,5,A1_COPY,int,4,10,0,True,False
ADDRESS_GUARANTOR,6,A1_NO,nvarchar,40,0,0,True,False
ADDRESS_GUARANTOR,7,A1_MOI,nvarchar,40,0,0,True,False
ADDRESS_GUARANTOR,8,A1_VILLAGE,nvarchar,200,0,0,True,False
ADDRESS_GUARANTOR,9,A1_BUILDING,nvarchar,100,0,0,True,False
ADDRESS_GUARANTOR,10,A1_FLOOR,nvarchar,10,0,0,True,False
ADDRESS_GUARANTOR,11,A1_ROOM_NO,nvarchar,30,0,0,True,False
ADDRESS_GUARANTOR,12,A1_SOI,nvarchar,100,0,0,True,False
ADDRESS_GUARANTOR,13,A1_ROAD,nvarchar,100,0,0,True,False
ADDRESS_GUARANTOR,14,A1_PROVINCE,nvarchar,6,0,0,True,False
ADDRESS_GUARANTOR,15,A1_DISTRICT,int,4,10,0,True,False
ADDRESS_GUARANTOR,16,A1_SUBDISTRICT,int,4,10,0,True,False
ADDRESS_GUARANTOR,17,A1_POSTALCODE,int,4,10,0,True,False
ADDRESS_GUARANTOR,18,A1_OWNER_TYPE,int,4,10,0,True,False
ADDRESS_GUARANTOR,19,A1_LIVEING_TIME,nvarchar,20,0,0,True,False
ADDRESS_GUARANTOR,20,A1_PHONE,nvarchar,30,0,0,True,False
ADDRESS_GUARANTOR,21,A1_LATITUDE,nvarchar,400,0,0,True,False
ADDRESS_GUARANTOR,22,A1_LONGITUDE,nvarchar,400,0,0,True,False
ADDRESS_GUARANTOR,23,A2_MASTER,int,4,10,0,True,False
ADDRESS_GUARANTOR,24,A2_COPY,int,4,10,0,True,False
ADDRESS_GUARANTOR,25,A2_NO,nvarchar,40,0,0,True,False
ADDRESS_GUARANTOR,26,A2_MOI,nvarchar,40,0,0,True,False
ADDRESS_GUARANTOR,27,A2_VILLAGE,nvarchar,200,0,0,True,False
ADDRESS_GUARANTOR,28,A2_BUILDING,nvarchar,100,0,0,True,False
ADDRESS_GUARANTOR,29,A2_FLOOR,nvarchar,10,0,0,True,False
ADDRESS_GUARANTOR,30,A2_ROOM_NO,nvarchar,30,0,0,True,False
ADDRESS_GUARANTOR,31,A2_SOI,nvarchar,100,0,0,True,False
ADDRESS_GUARANTOR,32,A2_ROAD,nvarchar,100,0,0,True,False
ADDRESS_GUARANTOR,33,A2_PROVINCE,nvarchar,6,0,0,True,False
ADDRESS_GUARANTOR,34,A2_DISTRICT,int,4,10,0,True,False
ADDRESS_GUARANTOR,35,A2_SUBDISTRICT,int,4,10,0,True,False
ADDRESS_GUARANTOR,36,A2_POSTALCODE,int,4,10,0,True,False
ADDRESS_GUARANTOR,37,A2_OWNER_TYPE,int,4,10,0,True,False
ADDRESS_GUARANTOR,38,A2_LIVEING_TIME,nvarchar,20,0,0,True,False
ADDRESS_GUARANTOR,39,A2_PHONE,nvarchar,30,0,0,True,False
ADDRESS_GUARANTOR,40,A2_LATITUDE,nvarchar,400,0,0,True,False
ADDRESS_GUARANTOR,41,A2_LONGITUDE,nvarchar,400,0,0,True,False
ADDRESS_GUARANTOR,42,A3_MASTER,int,4,10,0,True,False
ADDRESS_GUARANTOR,43,A3_COPY,int,4,10,0,True,False
ADDRESS_GUARANTOR,44,A3_NO,nvarchar,40,0,0,True,False
ADDRESS_GUARANTOR,45,A3_MOI,nvarchar,40,0,0,True,False
ADDRESS_GUARANTOR,46,A3_VILLAGE,nvarchar,200,0,0,True,False
ADDRESS_GUARANTOR,47,A3_BUILDING,nvarchar,100,0,0,True,False
ADDRESS_GUARANTOR,48,A3_FLOOR,nvarchar,10,0,0,True,False
ADDRESS_GUARANTOR,49,A3_ROOM_NO,nvarchar,30,0,0,True,False
ADDRESS_GUARANTOR,50,A3_SOI,nvarchar,100,0,0,True,False
ADDRESS_GUARANTOR,51,A3_ROAD,nvarchar,100,0,0,True,False
ADDRESS_GUARANTOR,52,A3_PROVINCE,nvarchar,6,0,0,True,False
ADDRESS_GUARANTOR,53,A3_DISTRICT,int,4,10,0,True,False
ADDRESS_GUARANTOR,54,A3_SUBDISTRICT,int,4,10,0,True,False
ADDRESS_GUARANTOR,55,A3_POSTALCODE,int,4,10,0,True,False
ADDRESS_GUARANTOR,56,A3_OWNER_TYPE,int,4,10,0,True,False
ADDRESS_GUARANTOR,57,A3_LIVEING_TIME,nvarchar,20,0,0,True,False
ADDRESS_GUARANTOR,58,A3_PHONE,nvarchar,30,0,0,True,False
ADDRESS_GUARANTOR,59,A3_LATITUDE,nvarchar,400,0,0,True,False
ADDRESS_GUARANTOR,60,A3_LONGITUDE,nvarchar,400,0,0,True,False
ADDRESS_GUARANTOR,61,A4_MASTER1,int,4,10,0,True,False
ADDRESS_GUARANTOR,62,A4_COPY,int,4,10,0,True,False
ADDRESS_GUARANTOR,63,A4_NO,nvarchar,40,0,0,True,False
ADDRESS_GUARANTOR,64,A4_MOI,nvarchar,40,0,0,True,False
ADDRESS_GUARANTOR,65,A4_VILLAGE,nvarchar,200,0,0,True,False
ADDRESS_GUARANTOR,66,A4_BUILDING,nvarchar,100,0,0,True,False
ADDRESS_GUARANTOR,67,A4_FLOOR,nvarchar,10,0,0,True,False
ADDRESS_GUARANTOR,68,A4_ROOM_NO,nvarchar,30,0,0,True,False
ADDRESS_GUARANTOR,69,A4_SOI,nvarchar,100,0,0,True,False
ADDRESS_GUARANTOR,70,A4_ROAD,nvarchar,100,0,0,True,False
ADDRESS_GUARANTOR,71,A4_PROVINCE,nvarchar,6,0,0,True,False
ADDRESS_GUARANTOR,72,A4_DISTRICT,int,4,10,0,True,False
ADDRESS_GUARANTOR,73,A4_SUBDISTRICT,int,4,10,0,True,False
ADDRESS_GUARANTOR,74,A4_POSTALCODE,int,4,10,0,True,False
ADDRESS_GUARANTOR,75,A4_OWNER_TYPE,int,4,10,0,True,False
ADDRESS_GUARANTOR,76,A4_LIVEING_TIME,nvarchar,20,0,0,True,False
ADDRESS_GUARANTOR,77,A4_PHONE,nvarchar,30,0,0,True,False
ADDRESS_GUARANTOR,78,A4_LATITUDE,nvarchar,400,0,0,True,False
ADDRESS_GUARANTOR,79,A4_LONGITUDE,nvarchar,400,0,0,True,False
ADDRESS_NONBUSINESS,1,ADDRESS_NON_ID,int,4,10,0,False,True
ADDRESS_NONBUSINESS,2,A1_MASTER,int,4,10,0,True,False
ADDRESS_NONBUSINESS,3,A1_COPY,int,4,10,0,True,False
ADDRESS_NONBUSINESS,4,A1_NO,nvarchar,40,0,0,True,False
ADDRESS_NONBUSINESS,5,A1_MOI,nvarchar,40,0,0,True,False
ADDRESS_NONBUSINESS,6,A1_VILLAGE,nvarchar,200,0,0,True,False
ADDRESS_NONBUSINESS,7,A1_BUILDING,nvarchar,100,0,0,True,False
ADDRESS_NONBUSINESS,8,A1_FLOOR,nvarchar,10,0,0,True,False
ADDRESS_NONBUSINESS,9,A1_ROOM_NO,nvarchar,30,0,0,True,False
ADDRESS_NONBUSINESS,10,A1_SOI,nvarchar,100,0,0,True,False
ADDRESS_NONBUSINESS,11,A1_ROAD,nvarchar,100,0,0,True,False
ADDRESS_NONBUSINESS,12,A1_PROVINCE,nvarchar,6,0,0,True,False
ADDRESS_NONBUSINESS,13,A1_DISTRICT,int,4,10,0,True,False
ADDRESS_NONBUSINESS,14,A1_SUBDISTRICT,int,4,10,0,True,False
ADDRESS_NONBUSINESS,15,A1_POSTALCODE,int,4,10,0,True,False
ADDRESS_NONBUSINESS,16,A1_OWNER_TYPE,int,4,10,0,True,False
ADDRESS_NONBUSINESS,17,A1_LIVEING_TIME,nvarchar,20,0,0,True,False
ADDRESS_NONBUSINESS,18,A1_PHONE,nvarchar,30,0,0,True,False
ADDRESS_NONBUSINESS,19,A1_LATITUDE,nvarchar,400,0,0,True,False
ADDRESS_NONBUSINESS,20,A1_LONGITUDE,nvarchar,400,0,0,True,False
ADDRESS_NONBUSINESS,21,A2_MASTER,int,4,10,0,True,False
ADDRESS_NONBUSINESS,22,A2_COPY,int,4,10,0,True,False
ADDRESS_NONBUSINESS,23,A2_NO,nvarchar,40,0,0,True,False
ADDRESS_NONBUSINESS,24,A2_MOI,nvarchar,40,0,0,True,False
ADDRESS_NONBUSINESS,25,A2_VILLAGE,nvarchar,200,0,0,True,False
ADDRESS_NONBUSINESS,26,A2_BUILDING,nvarchar,100,0,0,True,False
ADDRESS_NONBUSINESS,27,A2_FLOOR,nvarchar,10,0,0,True,False
ADDRESS_NONBUSINESS,28,A2_ROOM_NO,nvarchar,30,0,0,True,False
ADDRESS_NONBUSINESS,29,A2_SOI,nvarchar,100,0,0,True,False
ADDRESS_NONBUSINESS,30,A2_ROAD,nvarchar,100,0,0,True,False
ADDRESS_NONBUSINESS,31,A2_PROVINCE,nvarchar,6,0,0,True,False
ADDRESS_NONBUSINESS,32,A2_DISTRICT,int,4,10,0,True,False
ADDRESS_NONBUSINESS,33,A2_SUBDISTRICT,int,4,10,0,True,False
ADDRESS_NONBUSINESS,34,A2_POSTALCODE,int,4,10,0,True,False
ADDRESS_NONBUSINESS,35,A2_OWNER_TYPE,int,4,10,0,True,False
ADDRESS_NONBUSINESS,36,A2_LIVEING_TIME,nvarchar,20,0,0,True,False
ADDRESS_NONBUSINESS,37,A2_PHONE,nvarchar,30,0,0,True,False
ADDRESS_NONBUSINESS,38,A2_LATITUDE,nvarchar,400,0,0,True,False
ADDRESS_NONBUSINESS,39,A2_LONGITUDE,nvarchar,400,0,0,True,False
ADDRESS_PROSPECT_CUSTOMER,1,ADD_CUST_ID,int,4,10,0,False,True
ADDRESS_PROSPECT_CUSTOMER,2,QUOTATION_ID,int,4,10,0,True,False
ADDRESS_PROSPECT_CUSTOMER,3,PST_CUST_ID,int,4,10,0,True,False
ADDRESS_PROSPECT_CUSTOMER,4,A1_MASTER,int,4,10,0,True,False
ADDRESS_PROSPECT_CUSTOMER,5,A1_COPY,int,4,10,0,True,False
ADDRESS_PROSPECT_CUSTOMER,6,A1_NO,nvarchar,40,0,0,True,False
ADDRESS_PROSPECT_CUSTOMER,7,A1_MOI,nvarchar,40,0,0,True,False
ADDRESS_PROSPECT_CUSTOMER,8,A1_VILLAGE,nvarchar,200,0,0,True,False
ADDRESS_PROSPECT_CUSTOMER,9,A1_BUILDING,nvarchar,100,0,0,True,False
ADDRESS_PROSPECT_CUSTOMER,10,A1_FLOOR,nvarchar,10,0,0,True,False
ADDRESS_PROSPECT_CUSTOMER,11,A1_ROOM_NO,nvarchar,30,0,0,True,False
ADDRESS_PROSPECT_CUSTOMER,12,A1_SOI,nvarchar,100,0,0,True,False
ADDRESS_PROSPECT_CUSTOMER,13,A1_ROAD,nvarchar,100,0,0,True,False
ADDRESS_PROSPECT_CUSTOMER,14,A1_PROVINCE,nvarchar,6,0,0,True,False
ADDRESS_PROSPECT_CUSTOMER,15,A1_DISTRICT,int,4,10,0,True,False
ADDRESS_PROSPECT_CUSTOMER,16,A1_SUBDISTRICT,int,4,10,0,True,False
ADDRESS_PROSPECT_CUSTOMER,17,A1_POSTALCODE,int,4,10,0,True,False
ADDRESS_PROSPECT_CUSTOMER,18,A1_OWNER_TYPE,int,4,10,0,True,False
ADDRESS_PROSPECT_CUSTOMER,19,A1_LIVEING_TIME,nvarchar,20,0,0,True,False
ADDRESS_PROSPECT_CUSTOMER,20,A1_PHONE,nvarchar,30,0,0,True,False
ADDRESS_PROSPECT_CUSTOMER,21,A1_LATITUDE,nvarchar,400,0,0,True,False
ADDRESS_PROSPECT_CUSTOMER,22,A1_LONGITUDE,nvarchar,400,0,0,True,False
ADDRESS_PROSPECT_CUSTOMER,23,A2_MASTER,int,4,10,0,True,False
ADDRESS_PROSPECT_CUSTOMER,24,A2_COPY,int,4,10,0,True,False
ADDRESS_PROSPECT_CUSTOMER,25,A2_NO,nvarchar,40,0,0,True,False
ADDRESS_PROSPECT_CUSTOMER,26,A2_MOI,nvarchar,40,0,0,True,False
ADDRESS_PROSPECT_CUSTOMER,27,A2_VILLAGE,nvarchar,200,0,0,True,False
ADDRESS_PROSPECT_CUSTOMER,28,A2_BUILDING,nvarchar,100,0,0,True,False
ADDRESS_PROSPECT_CUSTOMER,29,A2_FLOOR,nvarchar,10,0,0,True,False
ADDRESS_PROSPECT_CUSTOMER,30,A2_ROOM_NO,nvarchar,30,0,0,True,False
ADDRESS_PROSPECT_CUSTOMER,31,A2_SOI,nvarchar,100,0,0,True,False
ADDRESS_PROSPECT_CUSTOMER,32,A2_ROAD,nvarchar,100,0,0,True,False
ADDRESS_PROSPECT_CUSTOMER,33,A2_PROVINCE,nvarchar,6,0,0,True,False
ADDRESS_PROSPECT_CUSTOMER,34,A2_DISTRICT,int,4,10,0,True,False
ADDRESS_PROSPECT_CUSTOMER,35,A2_SUBDISTRICT,int,4,10,0,True,False
ADDRESS_PROSPECT_CUSTOMER,36,A2_POSTALCODE,int,4,10,0,True,False
ADDRESS_PROSPECT_CUSTOMER,37,A2_OWNER_TYPE,int,4,10,0,True,False
ADDRESS_PROSPECT_CUSTOMER,38,A2_LIVEING_TIME,nvarchar,20,0,0,True,False
ADDRESS_PROSPECT_CUSTOMER,39,A2_PHONE,nvarchar,30,0,0,True,False
ADDRESS_PROSPECT_CUSTOMER,40,A2_LATITUDE,nvarchar,400,0,0,True,False
ADDRESS_PROSPECT_CUSTOMER,41,A2_LONGITUDE,nvarchar,400,0,0,True,False
ADDRESS_PROSPECT_CUSTOMER,42,A3_MASTER,int,4,10,0,True,False
ADDRESS_PROSPECT_CUSTOMER,43,A3_COPY,int,4,10,0,True,False
ADDRESS_PROSPECT_CUSTOMER,44,A3_NO,nvarchar,40,0,0,True,False
ADDRESS_PROSPECT_CUSTOMER,45,A3_MOI,nvarchar,40,0,0,True,False
ADDRESS_PROSPECT_CUSTOMER,46,A3_VILLAGE,nvarchar,200,0,0,True,False
ADDRESS_PROSPECT_CUSTOMER,47,A3_BUILDING,nvarchar,100,0,0,True,False
ADDRESS_PROSPECT_CUSTOMER,48,A3_FLOOR,nvarchar,10,0,0,True,False
ADDRESS_PROSPECT_CUSTOMER,49,A3_ROOM_NO,nvarchar,30,0,0,True,False
ADDRESS_PROSPECT_CUSTOMER,50,A3_SOI,nvarchar,100,0,0,True,False
ADDRESS_PROSPECT_CUSTOMER,51,A3_ROAD,nvarchar,100,0,0,True,False
ADDRESS_PROSPECT_CUSTOMER,52,A3_PROVINCE,nvarchar,6,0,0,True,False
ADDRESS_PROSPECT_CUSTOMER,53,A3_DISTRICT,int,4,10,0,True,False
ADDRESS_PROSPECT_CUSTOMER,54,A3_SUBDISTRICT,int,4,10,0,True,False
ADDRESS_PROSPECT_CUSTOMER,55,A3_POSTALCODE,int,4,10,0,True,False
ADDRESS_PROSPECT_CUSTOMER,56,A3_OWNER_TYPE,int,4,10,0,True,False
ADDRESS_PROSPECT_CUSTOMER,57,A3_LIVEING_TIME,nvarchar,20,0,0,True,False
ADDRESS_PROSPECT_CUSTOMER,58,A3_PHONE,nvarchar,30,0,0,True,False
ADDRESS_PROSPECT_CUSTOMER,59,A3_LATITUDE,nvarchar,400,0,0,True,False
ADDRESS_PROSPECT_CUSTOMER,60,A3_LONGITUDE,nvarchar,400,0,0,True,False
ADDRESS_PROSPECT_CUSTOMER,61,A_MASTER_WORK,int,4,10,0,True,False
ADDRESS_PROSPECT_CUSTOMER,62,A_COPY_WORK,int,4,10,0,True,False
ADDRESS_PROSPECT_CUSTOMER,63,A_NO_WORK,nvarchar,40,0,0,True,False
ADDRESS_PROSPECT_CUSTOMER,64,A_MOI_WORK,nvarchar,40,0,0,True,False
ADDRESS_PROSPECT_CUSTOMER,65,A_VILLAGE_WORK,nvarchar,200,0,0,True,False
ADDRESS_PROSPECT_CUSTOMER,66,A_BUILDING_WORK,nvarchar,100,0,0,True,False
ADDRESS_PROSPECT_CUSTOMER,67,A_FLOOR_WORK,nvarchar,10,0,0,True,False
ADDRESS_PROSPECT_CUSTOMER,68,A_ROOM_NO_WORK,nvarchar,30,0,0,True,False
ADDRESS_PROSPECT_CUSTOMER,69,A_SOI_WORK,nvarchar,100,0,0,True,False
ADDRESS_PROSPECT_CUSTOMER,70,A_ROAD_WORK,nvarchar,100,0,0,True,False
ADDRESS_PROSPECT_CUSTOMER,71,A_PROVINCE_WORK,nvarchar,6,0,0,True,False
ADDRESS_PROSPECT_CUSTOMER,72,A_DISTRICT_WORK,int,4,10,0,True,False
ADDRESS_PROSPECT_CUSTOMER,73,A_SUBDISTRICT_WORK,int,4,10,0,True,False
ADDRESS_PROSPECT_CUSTOMER,74,A_POSTALCODE_WORK,int,4,10,0,True,False
ADDRESS_PROSPECT_CUSTOMER,75,A_OWNER_TYPE_WORK,int,4,10,0,True,False
ADDRESS_PROSPECT_CUSTOMER,76,A_LIVEING_TIME_WORK,nvarchar,20,0,0,True,False
ADDRESS_PROSPECT_CUSTOMER,77,A_PHONE_WORK,nvarchar,30,0,0,True,False
ADDRESS_PROSPECT_CUSTOMER,78,A_LATITUDE_WORK,nvarchar,400,0,0,True,False
ADDRESS_PROSPECT_CUSTOMER,79,A_LONGITUDE_WORK,nvarchar,400,0,0,True,False
ADDRESS_PROSPECT_CUSTOMER,80,A_NAME_WORK,nvarchar,300,0,0,True,False
ADDRESS_PROSPECT_GUARANTOR,1,ADD_PST_GUAR_ID,int,4,10,0,False,True
ADDRESS_PROSPECT_GUARANTOR,2,QUOTATION_ID,int,4,10,0,True,False
ADDRESS_PROSPECT_GUARANTOR,3,PST_GUAR_ID,int,4,10,0,True,False
ADDRESS_PROSPECT_GUARANTOR,4,A1_MASTER,int,4,10,0,True,False
ADDRESS_PROSPECT_GUARANTOR,5,A1_COPY,int,4,10,0,True,False
ADDRESS_PROSPECT_GUARANTOR,6,A1_NO,nvarchar,40,0,0,True,False
ADDRESS_PROSPECT_GUARANTOR,7,A1_MOI,nvarchar,40,0,0,True,False
ADDRESS_PROSPECT_GUARANTOR,8,A1_VILLAGE,nvarchar,200,0,0,True,False
ADDRESS_PROSPECT_GUARANTOR,9,A1_BUILDING,nvarchar,100,0,0,True,False
ADDRESS_PROSPECT_GUARANTOR,10,A1_FLOOR,nvarchar,10,0,0,True,False
ADDRESS_PROSPECT_GUARANTOR,11,A1_ROOM_NO,nvarchar,30,0,0,True,False
ADDRESS_PROSPECT_GUARANTOR,12,A1_SOI,nvarchar,100,0,0,True,False
ADDRESS_PROSPECT_GUARANTOR,13,A1_ROAD,nvarchar,100,0,0,True,False
ADDRESS_PROSPECT_GUARANTOR,14,A1_PROVINCE,nvarchar,6,0,0,True,False
ADDRESS_PROSPECT_GUARANTOR,15,A1_DISTRICT,int,4,10,0,True,False
ADDRESS_PROSPECT_GUARANTOR,16,A1_SUBDISTRICT,int,4,10,0,True,False
ADDRESS_PROSPECT_GUARANTOR,17,A1_POSTALCODE,int,4,10,0,True,False
ADDRESS_PROSPECT_GUARANTOR,18,A1_OWNER_TYPE,int,4,10,0,True,False
ADDRESS_PROSPECT_GUARANTOR,19,A1_LIVEING_TIME,nvarchar,20,0,0,True,False
ADDRESS_PROSPECT_GUARANTOR,20,A1_PHONE,nvarchar,30,0,0,True,False
ADDRESS_PROSPECT_GUARANTOR,21,A1_LATITUDE,nvarchar,400,0,0,True,False
ADDRESS_PROSPECT_GUARANTOR,22,A1_LONGITUDE,nvarchar,400,0,0,True,False
ADDRESS_PROSPECT_GUARANTOR,23,A2_MASTER,int,4,10,0,True,False
ADDRESS_PROSPECT_GUARANTOR,24,A2_COPY,int,4,10,0,True,False
ADDRESS_PROSPECT_GUARANTOR,25,A2_NO,nvarchar,40,0,0,True,False
ADDRESS_PROSPECT_GUARANTOR,26,A2_MOI,nvarchar,40,0,0,True,False
ADDRESS_PROSPECT_GUARANTOR,27,A2_VILLAGE,nvarchar,200,0,0,True,False
ADDRESS_PROSPECT_GUARANTOR,28,A2_BUILDING,nvarchar,100,0,0,True,False
ADDRESS_PROSPECT_GUARANTOR,29,A2_FLOOR,nvarchar,10,0,0,True,False
ADDRESS_PROSPECT_GUARANTOR,30,A2_ROOM_NO,nvarchar,30,0,0,True,False
ADDRESS_PROSPECT_GUARANTOR,31,A2_SOI,nvarchar,100,0,0,True,False
ADDRESS_PROSPECT_GUARANTOR,32,A2_ROAD,nvarchar,100,0,0,True,False
ADDRESS_PROSPECT_GUARANTOR,33,A2_PROVINCE,nvarchar,6,0,0,True,False
ADDRESS_PROSPECT_GUARANTOR,34,A2_DISTRICT,int,4,10,0,True,False
ADDRESS_PROSPECT_GUARANTOR,35,A2_SUBDISTRICT,int,4,10,0,True,False
ADDRESS_PROSPECT_GUARANTOR,36,A2_POSTALCODE,int,4,10,0,True,False
ADDRESS_PROSPECT_GUARANTOR,37,A2_OWNER_TYPE,int,4,10,0,True,False
ADDRESS_PROSPECT_GUARANTOR,38,A2_LIVEING_TIME,nvarchar,20,0,0,True,False
ADDRESS_PROSPECT_GUARANTOR,39,A2_PHONE,nvarchar,30,0,0,True,False
ADDRESS_PROSPECT_GUARANTOR,40,A2_LATITUDE,nvarchar,400,0,0,True,False
ADDRESS_PROSPECT_GUARANTOR,41,A2_LONGITUDE,nvarchar,400,0,0,True,False
ADDRESS_PROSPECT_GUARANTOR,42,A3_MASTER,int,4,10,0,True,False
ADDRESS_PROSPECT_GUARANTOR,43,A3_COPY,int,4,10,0,True,False
ADDRESS_PROSPECT_GUARANTOR,44,A3_NO,nvarchar,40,0,0,True,False
ADDRESS_PROSPECT_GUARANTOR,45,A3_MOI,nvarchar,40,0,0,True,False
ADDRESS_PROSPECT_GUARANTOR,46,A3_VILLAGE,nvarchar,200,0,0,True,False
ADDRESS_PROSPECT_GUARANTOR,47,A3_BUILDING,nvarchar,100,0,0,True,False
ADDRESS_PROSPECT_GUARANTOR,48,A3_FLOOR,nvarchar,10,0,0,True,False
ADDRESS_PROSPECT_GUARANTOR,49,A3_ROOM_NO,nvarchar,30,0,0,True,False
ADDRESS_PROSPECT_GUARANTOR,50,A3_SOI,nvarchar,100,0,0,True,False
ADDRESS_PROSPECT_GUARANTOR,51,A3_ROAD,nvarchar,100,0,0,True,False
ADDRESS_PROSPECT_GUARANTOR,52,A3_PROVINCE,nvarchar,6,0,0,True,False
ADDRESS_PROSPECT_GUARANTOR,53,A3_DISTRICT,int,4,10,0,True,False
ADDRESS_PROSPECT_GUARANTOR,54,A3_SUBDISTRICT,int,4,10,0,True,False
ADDRESS_PROSPECT_GUARANTOR,55,A3_POSTALCODE,int,4,10,0,True,False
ADDRESS_PROSPECT_GUARANTOR,56,A3_OWNER_TYPE,int,4,10,0,True,False
ADDRESS_PROSPECT_GUARANTOR,57,A3_LIVEING_TIME,nvarchar,20,0,0,True,False
ADDRESS_PROSPECT_GUARANTOR,58,A3_PHONE,nvarchar,30,0,0,True,False
ADDRESS_PROSPECT_GUARANTOR,59,A3_LATITUDE,nvarchar,400,0,0,True,False
ADDRESS_PROSPECT_GUARANTOR,60,A3_LONGITUDE,nvarchar,400,0,0,True,False
ADDRESS_PROSPECT_GUARANTOR,61,A4_MASTER,int,4,10,0,True,False
ADDRESS_PROSPECT_GUARANTOR,62,A4_COPY,int,4,10,0,True,False
ADDRESS_PROSPECT_GUARANTOR,63,A4_NO,nvarchar,40,0,0,True,False
ADDRESS_PROSPECT_GUARANTOR,64,A4_MOI,nvarchar,40,0,0,True,False
ADDRESS_PROSPECT_GUARANTOR,65,A4_VILLAGE,nvarchar,200,0,0,True,False
ADDRESS_PROSPECT_GUARANTOR,66,A4_BUILDING,nvarchar,100,0,0,True,False
ADDRESS_PROSPECT_GUARANTOR,67,A4_FLOOR,nvarchar,10,0,0,True,False
ADDRESS_PROSPECT_GUARANTOR,68,A4_ROOM_NO,nvarchar,30,0,0,True,False
ADDRESS_PROSPECT_GUARANTOR,69,A4_SOI,nvarchar,100,0,0,True,False
ADDRESS_PROSPECT_GUARANTOR,70,A4_ROAD,nvarchar,100,0,0,True,False
ADDRESS_PROSPECT_GUARANTOR,71,A4_PROVINCE,nvarchar,6,0,0,True,False
ADDRESS_PROSPECT_GUARANTOR,72,A4_DISTRICT,int,4,10,0,True,False
ADDRESS_PROSPECT_GUARANTOR,73,A4_SUBDISTRICT,int,4,10,0,True,False
ADDRESS_PROSPECT_GUARANTOR,74,A4_POSTALCODE,int,4,10,0,True,False
ADDRESS_PROSPECT_GUARANTOR,75,A4_OWNER_TYPE,int,4,10,0,True,False
ADDRESS_PROSPECT_GUARANTOR,76,A4_LIVEING_TIME,nvarchar,20,0,0,True,False
ADDRESS_PROSPECT_GUARANTOR,77,A4_PHONE,nvarchar,30,0,0,True,False
ADDRESS_PROSPECT_GUARANTOR,78,A4_LATITUDE,nvarchar,400,0,0,True,False
ADDRESS_PROSPECT_GUARANTOR,79,A4_LONGITUDE,nvarchar,400,0,0,True,False
API_Auth_User,1,USER_ID,int,4,10,0,False,True
API_Auth_User,2,USERNAME,varchar,50,0,0,False,False
API_Auth_User,3,PASSWORD,varchar,100,0,0,False,False
API_Auth_User,4,Auth_KEY,varchar,-1,0,0,False,False
API_Auth_User,5,CREATE_AT,datetime,8,23,3,False,False
API_Auth_User,6,UPDATE_AT,datetime,8,23,3,True,False
API_Auth_User,7,ROLE,int,4,10,0,True,False
API_KEY,1,ID,int,4,10,0,False,True
API_KEY,2,USERNAME,varchar,60,0,0,True,False
API_KEY,3,PASSWORD,varchar,60,0,0,True,False
API_KEY,4,ACCESS_TOKEN,text,16,0,0,True,False
API_KEY,5,COMPANY_NAME,varchar,60,0,0,True,False
API_KEY,6,UPDATE_AT,datetime,8,23,3,True,False
API_KEY,7,CREATE_AT,datetime,8,23,3,True,False
API_KEY,8,ACCESS_TOKEN_EXPIRE,datetime,8,23,3,True,False
APPLICATION,1,APP_ID,int,4,10,0,False,True
APPLICATION,2,STATUS_ID,int,4,10,0,True,False
APPLICATION,3,APPLICATION_NUMBER,nvarchar,40,0,0,True,False
APPLICATION,4,APP_DATE,date,3,10,0,True,False
APPLICATION,5,CUSTOMER_NAME,nvarchar,400,0,0,True,False
APPLICATION,6,CIF_PERSON_ID,int,4,10,0,True,False
APPLICATION,7,PERSON_ID,int,4,10,0,True,False
APPLICATION,8,JURISTIC_ID,int,4,10,0,True,False
APPLICATION,9,PARTNER_ID,int,4,10,0,True,False
APPLICATION,10,P_BRANCH_TYPE,int,4,10,0,True,False
APPLICATION,11,P_BRANCH_ID,int,4,10,0,True,False
APPLICATION,12,PRODUCT_ID,int,4,10,0,True,False
APPLICATION,13,CHECKER_ID,int,4,10,0,True,False
APPLICATION,14,CHECKER_RESULT,nvarchar,40,0,0,True,False
APPLICATION,15,APPROVE_ID,int,4,10,0,True,False
APPLICATION,16,SCORING,nvarchar,10,0,0,True,False
APPLICATION,17,EMP_ID,int,4,10,0,True,False
APPLICATION,18,EMP_ID_Global,int,4,10,0,True,False
APPLICATION,19,EMP_ComCode,nvarchar,40,0,0,True,False
APPLICATION,20,QUOTATION_ID,int,4,10,0,True,False
APPLICATION,21,CREATE_DATE,datetime,8,23,3,True,False
APPLICATION,22,UPDATE_DATE,datetime,8,23,3,True,False
APPLICATION,23,NAME_MAKE,nvarchar,200,0,0,True,False
APPLICATION,24,PROJECT_TYPE,nvarchar,40,0,0,True,False
APPLICATION,25,ProcInstID,int,4,10,0,True,False
APPLICATION,26,EMP_NAME,nvarchar,200,0,0,True,False
APPLICATION,27,UNiDAYS,bit,1,1,0,True,False
APPLICATION_SCORING,1,APP_SCORE_ID,int,4,10,0,False,True
APPLICATION_SCORING,2,APP_ID,int,4,10,0,True,False
APPLICATION_SCORING,3,STATUS_ID,int,4,10,0,True,False
APPLICATION_SCORING,4,ORDERS,int,4,10,0,True,False
APPLICATION_SCORING,5,APP_SCORE_DATE,datetime,8,23,3,True,False
APPLICATION_SCORING,6,SUM_SCORE,int,4,10,0,True,False
APPLICATION_SCORING,7,BAND,int,4,10,0,True,False
APPLICATION_SCORING_DETAIL,1,SCORING_DETAIL_ID,int,4,10,0,False,True
APPLICATION_SCORING_DETAIL,2,APP_ID,int,4,10,0,True,False
APPLICATION_SCORING_DETAIL,3,ORDERS,int,4,10,0,True,False
APPLICATION_SCORING_DETAIL,4,MODEL_ID,int,4,10,0,True,False
APPLICATION_SCORING_DETAIL,5,CONDITION_ID,int,4,10,0,True,False
APPLICATION_SCORING_DETAIL,6,CONDITION_DETAIL_ID,int,4,10,0,True,False
APPLICATION_SCORING_DETAIL,7,SCORE,int,4,10,0,True,False
APPLICATION_SCORING_DETAIL,8,CUSTOMER_CONDITION_DATA,nvarchar,40,0,0,True,False
APPROVAL_HISTORY,1,APR_HISTORY_ID,int,4,10,0,False,True
APPROVAL_HISTORY,2,APP_ID,int,4,10,0,True,False
APPROVAL_HISTORY,3,APR_TYPE,nvarchar,100,0,0,True,False
APPROVAL_HISTORY,4,APR_DATE,date,3,10,0,True,False
APPROVAL_HISTORY,5,APR_NAME,nvarchar,200,0,0,True,False
APPROVAL_HISTORY,6,STATUS_ID,int,4,10,0,True,False
APPROVAL_HISTORY,7,MEMO,nvarchar,-1,0,0,True,False
APPROVAL_HISTORY,8,APR_TIME,time,5,16,7,True,False
APPROVAL_HISTORY,10,CHANGE_GUARANTOR,bit,1,1,0,True,False
APPROVAL_HISTORY_STATUS_DESC,1,AHSD_ID,int,4,10,0,False,True
APPROVAL_HISTORY_STATUS_DESC,2,APP_ID,int,4,10,0,True,False
APPROVAL_HISTORY_STATUS_DESC,3,APR_HISTORY_ID,int,4,10,0,True,False
APPROVAL_HISTORY_STATUS_DESC,4,STATUS_CODE,nvarchar,10,0,0,True,False
APPROVAL_HISTORY_STATUS_DESC,5,STATUS_NAME,nvarchar,100,0,0,True,False
APPROVAL_HISTORY_STATUS_DESC,6,STD_STATUS_CODE,nvarchar,10,0,0,True,False
APPROVAL_HISTORY_STATUS_DESC,7,STD_STATUS_DESCRIPTION,nvarchar,200,0,0,True,False
APPROVAL_HISTORY_STATUS_DESC,8,STR_STATUS_CODE,nvarchar,10,0,0,True,False
APPROVAL_HISTORY_STATUS_DESC,9,STR_STATUS_REASON,nvarchar,1000,0,0,True,False
APPROVAL_HISTORY_STATUS_DESC,10,CreateBy,nvarchar,200,0,0,True,False
APPROVAL_HISTORY_STATUS_DESC,11,CreateByName,nvarchar,200,0,0,True,False
APPROVAL_HISTORY_STATUS_DESC,12,CreateByEmail,nvarchar,200,0,0,True,False
APPROVAL_HISTORY_STATUS_DESC,13,CreateDate,datetime,8,23,3,True,False
ASSETS_INFORMATION,1,ASSET_ID,int,4,10,0,False,True
ASSETS_INFORMATION,2,ASSETS_CATEGORY,int,4,10,0,True,False
ASSETS_INFORMATION,3,ASSETS_TYPE,int,4,10,0,True,False
ASSETS_INFORMATION,4,BRAND,int,4,10,0,True,False
ASSETS_INFORMATION,5,SERIES,int,4,10,0,True,False
ASSETS_INFORMATION,6,SUB_SERIES,int,4,10,0,True,False
ASSETS_INFORMATION,7,COLOR,int,4,10,0,True,False
ASSETS_INFORMATION,8,PRICE,float,8,53,0,True,False
ASSETS_INFORMATION,9,SERIALNUMBER,nvarchar,200,0,0,True,False
ASSETS_INFORMATION,10,MODELNUMBER,nvarchar,200,0,0,True,False
ASSETS_INFORMATION,11,DESCRIPTION,nvarchar,-1,0,0,True,False
ASSETS_INFORMATION,12,IMAGE01,nvarchar,-1,0,0,True,False
ASSETS_INFORMATION,13,IMAGE02,nvarchar,-1,0,0,True,False
ASSETS_INFORMATION,14,IMAGE03,nvarchar,-1,0,0,True,False
ASSETS_INFORMATION,15,IMAGE04,nvarchar,-1,0,0,True,False
ASSETS_INFORMATION,16,IMAGE05,nvarchar,-1,0,0,True,False
ASSETS_INFORMATION,17,IMAGE06,nvarchar,-1,0,0,True,False
ASSETS_INFORMATION,18,EFFECTIVE_DATE,date,3,10,0,True,False
ASSETS_INFORMATION,19,END_DATE,date,3,10,0,True,False
ASSETS_INFORMATION,20,NOTICE_EMAIL,nvarchar,400,0,0,True,False
ASSETS_INFORMATION,21,NOTICE_MONTH,nvarchar,10,0,0,True,False
ASSETS_INFORMATION,22,REMARK,nvarchar,-1,0,0,True,False
ASSETS_INFORMATION,23,STATUS_ID,int,4,10,0,True,False
ASSETS_INFORMATION,24,CREATE_DATE,datetime,8,23,3,True,False
ASSETS_INFORMATION,25,UPDATE_DATE,datetime,8,23,3,True,False
ASSETS_INFORMATION,26,NAME_MAKE,nvarchar,400,0,0,True,False
ASSETS_INFORMATION_PFUND,1,ASSET_ID,int,4,10,0,False,True
ASSETS_INFORMATION_PFUND,2,ASSETS_CATEGORY,int,4,10,0,True,False
ASSETS_INFORMATION_PFUND,3,ASSETS_TYPE,int,4,10,0,True,False
ASSETS_INFORMATION_PFUND,4,BRAND,int,4,10,0,True,False
ASSETS_INFORMATION_PFUND,5,SERIES,int,4,10,0,True,False
ASSETS_INFORMATION_PFUND,6,SUB_SERIES,int,4,10,0,True,False
ASSETS_INFORMATION_PFUND,7,COLOR,int,4,10,0,True,False
ASSETS_INFORMATION_PFUND,8,PRICE,float,8,53,0,True,False
ASSETS_INFORMATION_PFUND,9,SERIALNUMBER,nvarchar,200,0,0,True,False
ASSETS_INFORMATION_PFUND,10,MODELNUMBER,nvarchar,200,0,0,True,False
ASSETS_INFORMATION_PFUND,11,DESCRIPTION,nvarchar,-1,0,0,True,False
ASSETS_INFORMATION_PFUND,12,IMAGE01,nvarchar,-1,0,0,True,False
ASSETS_INFORMATION_PFUND,13,IMAGE02,nvarchar,-1,0,0,True,False
ASSETS_INFORMATION_PFUND,14,IMAGE03,nvarchar,-1,0,0,True,False
ASSETS_INFORMATION_PFUND,15,IMAGE04,nvarchar,-1,0,0,True,False
ASSETS_INFORMATION_PFUND,16,IMAGE05,nvarchar,-1,0,0,True,False
ASSETS_INFORMATION_PFUND,17,IMAGE06,nvarchar,-1,0,0,True,False
ASSETS_INFORMATION_PFUND,18,EFFECTIVE_DATE,date,3,10,0,True,False
ASSETS_INFORMATION_PFUND,19,END_DATE,date,3,10,0,True,False
ASSETS_INFORMATION_PFUND,20,NOTICE_EMAIL,nvarchar,400,0,0,True,False
ASSETS_INFORMATION_PFUND,21,NOTICE_MONTH,nvarchar,10,0,0,True,False
ASSETS_INFORMATION_PFUND,22,REMARK,nvarchar,-1,0,0,True,False
ASSETS_INFORMATION_PFUND,23,STATUS_ID,int,4,10,0,True,False
ASSETS_INFORMATION_PFUND,24,CREATE_DATE,datetime,8,23,3,True,False
ASSETS_INFORMATION_PFUND,25,UPDATE_DATE,datetime,8,23,3,True,False
ASSETS_INFORMATION_PFUND,26,NAME_MAKE,nvarchar,400,0,0,True,False
ASSETS_INFORMATION_PFUND,27,STATUS_ACTIVE,nvarchar,8,0,0,True,False
ASSETS_INFORMATION_REF,1,ID,int,4,10,0,False,True
ASSETS_INFORMATION_REF,2,SERIES_CODE,int,4,10,0,True,False
ASSETS_INFORMATION_REF,3,ASSET_ID_REF,int,4,10,0,True,False
ASSETS_INFORMATION_REF,4,CreateBy,nvarchar,100,0,0,True,False
ASSETS_INFORMATION_REF,5,CreateByName,nvarchar,200,0,0,True,False
ASSETS_INFORMATION_REF,6,CreateByEmail,nvarchar,200,0,0,True,False
ASSETS_INFORMATION_REF,7,CreateByDate,datetime,8,23,3,True,False
ASSETS_INFORMATION_REF,8,UpdateBy,nvarchar,100,0,0,True,False
ASSETS_INFORMATION_REF,9,UpdateByName,nvarchar,200,0,0,True,False
ASSETS_INFORMATION_REF,10,UpdateByEmail,nvarchar,200,0,0,True,False
ASSETS_INFORMATION_REF,11,UpdateByDate,datetime,8,23,3,True,False
backup_LOG_SCB_BILLPAYMENT,1,Bill_ID,int,4,10,0,True,False
backup_LOG_SCB_BILLPAYMENT,2,type_request,nvarchar,100,0,0,True,False
backup_LOG_SCB_BILLPAYMENT,3,user,nvarchar,200,0,0,True,False
backup_LOG_SCB_BILLPAYMENT,4,password,nvarchar,200,0,0,True,False
backup_LOG_SCB_BILLPAYMENT,5,tranID,nvarchar,200,0,0,True,False
backup_LOG_SCB_BILLPAYMENT,6,tranDate,datetime,8,23,3,True,False
backup_LOG_SCB_BILLPAYMENT,7,channel,nvarchar,100,0,0,True,False
backup_LOG_SCB_BILLPAYMENT,8,account,nvarchar,200,0,0,True,False
backup_LOG_SCB_BILLPAYMENT,9,amount,decimal,9,10,3,True,False
backup_LOG_SCB_BILLPAYMENT,10,reference1,nvarchar,200,0,0,True,False
backup_LOG_SCB_BILLPAYMENT,11,reference2,nvarchar,200,0,0,True,False
backup_LOG_SCB_BILLPAYMENT,12,reference3,nvarchar,200,0,0,True,False
backup_LOG_SCB_BILLPAYMENT,13,branchCode,nvarchar,40,0,0,True,False
backup_LOG_SCB_BILLPAYMENT,14,terminalID,nvarchar,40,0,0,True,False
backup_LOG_SCB_BILLPAYMENT,15,CREATE_DATE,datetime,8,23,3,True,False
backup_LOG_SCB_BILLPAYMENT,16,CREATE_BY,nvarchar,100,0,0,True,False
backup_LOG_SCB_BILLPAYMENT,17,tranDate_set,datetime,8,23,3,True,False
backup_LOG_SCB_BILLPAYMENT,18,events,nvarchar,100,0,0,True,False
backup_LOG_SCB_BILLPAYMENT,19,LOG_DELETED_TIME,datetime,8,23,3,True,False
backup_LOG_SCB_BILLPAYMENT,20,LOG_DELETED_BY,nvarchar,100,0,0,True,False
backup_LOG_SCB_BILLPAYMENT_AUTO,1,LOG_SCB_BILLPAYMENT_TID,int,4,10,0,True,False
backup_LOG_SCB_BILLPAYMENT_AUTO,2,Bill_ID,int,4,10,0,True,False
backup_LOG_SCB_BILLPAYMENT_AUTO,3,Repay_ID,int,4,10,0,True,False
backup_LOG_SCB_BILLPAYMENT_AUTO,4,ReturnMessage,nvarchar,-1,0,0,True,False
backup_LOG_SCB_BILLPAYMENT_AUTO,5,Remark,nvarchar,-1,0,0,True,False
backup_LOG_SCB_BILLPAYMENT_AUTO,6,CreateDate,datetime,8,23,3,True,False
backup_LOG_SCB_BILLPAYMENT_AUTO,7,CreateBy,nvarchar,100,0,0,True,False
backup_LOG_SCB_BILLPAYMENT_AUTO,8,LOG_UPDATE_AT,datetime,8,23,3,True,False
backup_LOG_SCB_BILLPAYMENT_AUTO,9,LOG_UPDATE_BY,nvarchar,100,0,0,True,False
BAK_VAT_RPT,1,SEQ_ID,int,4,10,0,False,True
BAK_VAT_RPT,2,MONTH_YEAR,nvarchar,12,0,0,True,False
BAK_VAT_RPT,3,TAX_TYPE,nvarchar,2,0,0,True,False
BAK_VAT_RPT,4,LOG_DATETIME,datetime,8,23,3,False,False
BAK_VAT_RPT,5,SEQ_RPT_ID,int,4,10,0,False,False
BAK_VAT_RPT,6,TAX_DATE,date,3,10,0,True,False
BAK_VAT_RPT,7,TAX_NUMBER,nvarchar,100,0,0,True,False
BAK_VAT_RPT,8,TAX__NAME,nvarchar,400,0,0,True,False
BAK_VAT_RPT,9,TAX_ID1,nvarchar,26,0,0,True,False
BAK_VAT_RPT,10,TAX_CORP_NUM_CENTER,nvarchar,40,0,0,True,False
BAK_VAT_RPT,11,TAX_CORP_NUM_BRANCH,nvarchar,40,0,0,True,False
BAK_VAT_RPT,12,TAX_AMT,float,8,53,0,True,False
BAK_VAT_RPT,13,TAX_VAT_AMT,float,8,53,0,True,False
BAK_VAT_RPT,14,TAX_TTL_AMT,float,8,53,0,True,False
BAK_VAT_RPT,15,UPDATE_DATE,datetime,8,23,3,True,False
BAK_VAT_RPT,16,UPDATE_BY,nvarchar,400,0,0,True,False
BAK_VAT_RPT,17,APPL_NO,nvarchar,40,0,0,True,False
BAK_VAT_RPT,18,CONT_NO,nvarchar,40,0,0,True,False
BANK_IMPRORT,1,id,int,4,10,0,False,True
BANK_IMPRORT,2,bank_No,nvarchar,100,0,0,True,False
BANK_IMPRORT,3,bank_CustomerName,nvarchar,100,0,0,True,False
BANK_IMPRORT,4,bank_Ref1,nvarchar,100,0,0,True,False
BANK_IMPRORT,5,bank_Ref2,nvarchar,100,0,0,True,False
BANK_IMPRORT,6,bank_Amount,nvarchar,100,0,0,True,False
BANK_IMPRORT,7,bank_Bm,nvarchar,100,0,0,True,False
BANK_IMPRORT,8,bank_Code,nvarchar,100,0,0,True,False
BANK_IMPRORT,9,bank_accountNumber,nvarchar,100,0,0,True,False
BANK_IMPRORT,10,bank_remark,nvarchar,-1,0,0,True,False
BANK_IMPRORT,11,bank_etc1,nvarchar,100,0,0,True,False
BANK_IMPRORT,12,bank_etc2,nvarchar,100,0,0,True,False
BANK_IMPRORT,13,bank_etc3,nvarchar,100,0,0,True,False
BANK_IMPRORT,14,bank_Time,time,5,16,7,True,False
BANK_IMPRORT,15,bnak_Date,date,3,10,0,True,False
BANK_IMPRORT,16,Createdate,nvarchar,100,0,0,True,False
BANK_IMPRORT,17,Import_Datetime,datetime,8,23,3,True,False
BANK_IMPRORT_SCB,1,id,int,4,10,0,False,True
BANK_IMPRORT_SCB,2,bank_No,nvarchar,100,0,0,True,False
BANK_IMPRORT_SCB,3,bank_CustomerName,nvarchar,100,0,0,True,False
BANK_IMPRORT_SCB,4,bank_Ref1,nvarchar,100,0,0,True,False
BANK_IMPRORT_SCB,5,bank_Ref2,nvarchar,100,0,0,True,False
BANK_IMPRORT_SCB,6,bank_Amount,nvarchar,100,0,0,True,False
BANK_IMPRORT_SCB,7,bank_Bm,nvarchar,100,0,0,True,False
BANK_IMPRORT_SCB,8,bank_Code,nvarchar,100,0,0,True,False
BANK_IMPRORT_SCB,9,bank_accountNumber,nvarchar,100,0,0,True,False
BANK_IMPRORT_SCB,10,bank_remark,nvarchar,-1,0,0,True,False
BANK_IMPRORT_SCB,11,bank_etc1,nvarchar,100,0,0,True,False
BANK_IMPRORT_SCB,12,bank_etc2,nvarchar,100,0,0,True,False
BANK_IMPRORT_SCB,13,bank_etc3,nvarchar,100,0,0,True,False
BANK_IMPRORT_SCB,14,bank_Time,time,5,16,7,True,False
BANK_IMPRORT_SCB,15,bnak_Date,date,3,10,0,True,False
BANK_IMPRORT_SCB,16,Createdate,nvarchar,100,0,0,True,False
BANK_IMPRORT_SCB,17,Import_Datetime,datetime,8,23,3,True,False
BILLPAY,1,ID,bigint,8,19,0,False,True
BILLPAY,2,No,nvarchar,100,0,0,True,False
BILLPAY,3,Date,nvarchar,100,0,0,True,False
BILLPAY,4,Time,nvarchar,100,0,0,True,False
BILLPAY,5,CustomerName,nvarchar,400,0,0,True,False
BILLPAY,6,CustomerNoRef1,nvarchar,100,0,0,True,False
BILLPAY,7,Ref2,nvarchar,100,0,0,True,False
BILLPAY,8,Amount,nvarchar,100,0,0,True,False
BILLPAY,9,Bm,nvarchar,100,0,0,True,False
BILLPAY,10,Code,nvarchar,100,0,0,True,False
BILLPAY,11,AcctCode,nvarchar,100,0,0,True,False
BILLPAY,12,Bank,nvarchar,100,0,0,True,False
BILLPAY,13,GUID,uniqueidentifier,16,0,0,True,False
BILLPAY_TEMPLATE,1,ID,int,4,10,0,False,True
BILLPAY_TEMPLATE,2,Template,nvarchar,-1,0,0,True,False
BLACKLIST,1,BLACKLIST_ID,int,4,10,0,False,True
BLACKLIST,2,PERSON_ID,int,4,10,0,True,False
BLACKLIST,3,CONTRACT_ID,int,4,10,0,True,False
BLACKLIST,4,TAX_ID,nvarchar,26,0,0,True,False
BLACKLIST,5,BLACKLIST_Status,bit,1,1,0,True,False
BLACKLIST,6,BLACKLIST_RemarkBlacklist,nvarchar,-1,0,0,True,False
BLACKLIST,7,BLACKLIST_RemarkUnlock,nvarchar,-1,0,0,True,False
BLACKLIST,8,BLACKLIST_LEVEL_Code,nvarchar,4,0,0,True,False
BLACKLIST,9,BLACKLIST_StartDate,date,3,10,0,True,False
BLACKLIST,10,BLACKLIST_EndDate,date,3,10,0,True,False
BLACKLIST,11,CUSTOMER_NAME,nvarchar,400,0,0,True,False
BLACKLIST,12,BLACKLIST_DayAmount,int,4,10,0,True,False
CA_STATUS,1,ID,int,4,10,0,False,True
CA_STATUS,2,STATUS_CODE,nvarchar,10,0,0,True,False
CA_STATUS,3,STATUS_NAME,nvarchar,100,0,0,True,False
CA_STATUS,4,STATUS_DESCRIPTION,nvarchar,1000,0,0,True,False
CA_STATUS,5,ACTIVE_STATUS,bit,1,1,0,True,False
CA_STATUS,6,STATUS_ORDER,int,4,10,0,True,False
CA_STATUS,7,CreateBy,nvarchar,200,0,0,True,False
CA_STATUS,8,CreateByName,nvarchar,200,0,0,True,False
CA_STATUS,9,CreateByEmail,nvarchar,200,0,0,True,False
CA_STATUS,10,CreateDate,datetime,8,23,3,True,False
CA_STATUS,11,UpdateBy,nvarchar,200,0,0,True,False
CA_STATUS,12,UpdateByName,nvarchar,200,0,0,True,False
CA_STATUS,13,UpdateByEmail,nvarchar,200,0,0,True,False
CA_STATUS,14,UpdateDate,datetime,8,23,3,True,False
CA_STATUS_DESCRIPTION,1,STD_ID,int,4,10,0,False,True
CA_STATUS_DESCRIPTION,2,STD_STATUS_CODE,nvarchar,10,0,0,True,False
CA_STATUS_DESCRIPTION,3,STATUS_CODE,nvarchar,10,0,0,True,False
CA_STATUS_DESCRIPTION,4,STD_STATUS_NAME,nvarchar,100,0,0,True,False
CA_STATUS_DESCRIPTION,5,STD_STATUS_DESCRIPTION,nvarchar,200,0,0,True,False
CA_STATUS_DESCRIPTION,6,STD_ACTIVE_STATUS,bit,1,1,0,True,False
CA_STATUS_DESCRIPTION,7,STD_STATUS_ORDER,int,4,10,0,True,False
CA_STATUS_DESCRIPTION,8,CreateBy,nvarchar,200,0,0,True,False
CA_STATUS_DESCRIPTION,9,CreateByName,nvarchar,200,0,0,True,False
CA_STATUS_DESCRIPTION,10,CreateByEmail,nvarchar,200,0,0,True,False
CA_STATUS_DESCRIPTION,11,CreateDate,datetime,8,23,3,True,False
CA_STATUS_DESCRIPTION,12,UpdateBy,nvarchar,200,0,0,True,False
CA_STATUS_DESCRIPTION,13,UpdateByName,nvarchar,200,0,0,True,False
CA_STATUS_DESCRIPTION,14,UpdateByEmail,nvarchar,200,0,0,True,False
CA_STATUS_DESCRIPTION,15,UpdateDate,datetime,8,23,3,True,False
CA_STATUS_REASON,1,STR_ID,int,4,10,0,False,True
CA_STATUS_REASON,2,STR_STATUS_CODE,nvarchar,10,0,0,True,False
CA_STATUS_REASON,3,STD_STATUS_CODE,nvarchar,10,0,0,True,False
CA_STATUS_REASON,4,STATUS_CODE,nvarchar,10,0,0,True,False
CA_STATUS_REASON,5,STR_STATUS_REASON,nvarchar,1000,0,0,True,False
CA_STATUS_REASON,6,STR_ACTIVE_STATUS,bit,1,1,0,True,False
CA_STATUS_REASON,7,STR_STATUS_ORDER,int,4,10,0,True,False
CA_STATUS_REASON,8,CreateBy,nvarchar,200,0,0,True,False
CA_STATUS_REASON,9,CreateByName,nvarchar,200,0,0,True,False
CA_STATUS_REASON,10,CreateByEmail,nvarchar,200,0,0,True,False
CA_STATUS_REASON,11,CreateDate,datetime,8,23,3,True,False
CA_STATUS_REASON,12,UpdateBy,nvarchar,200,0,0,True,False
CA_STATUS_REASON,13,UpdateByName,nvarchar,200,0,0,True,False
CA_STATUS_REASON,14,UpdateByEmail,nvarchar,200,0,0,True,False
CA_STATUS_REASON,15,UpdateDate,datetime,8,23,3,True,False
CHECKER,1,CHECKER_ID,int,4,10,0,False,True
CHECKER,2,APP_ID,int,4,10,0,True,False
CHECKER,3,CHECKER_TYPE,nvarchar,20,0,0,True,False
CHECKER,4,CHECKER_RESULT,nvarchar,20,0,0,True,False
CHECKER,5,CHARACTER_HOME,nvarchar,-1,0,0,True,False
CHECKER,6,SIZE_AREA,nvarchar,20,0,0,True,False
CHECKER,7,DESCRIPTION,nvarchar,-1,0,0,True,False
CHECKER,8,IMAGE_HOME1,nvarchar,-1,0,0,True,False
CHECKER,9,IMAGE_HOME2,nvarchar,-1,0,0,True,False
CHECKER,10,IMAGE_HOME3,nvarchar,-1,0,0,True,False
CHECKER,11,REMARK01,nvarchar,-1,0,0,True,False
CHECKER,12,CHECK01,nvarchar,20,0,0,True,False
CHECKER,13,REMARK02,nvarchar,-1,0,0,True,False
CHECKER,14,CHECK02,nvarchar,20,0,0,True,False
CHECKER,15,REMARK03,nvarchar,-1,0,0,True,False
CHECKER,16,CHECK03,nvarchar,20,0,0,True,False
CHECKER,17,REMARK04,nvarchar,-1,0,0,True,False
CHECKER,18,CHECK04,nvarchar,20,0,0,True,False
CHECKER,19,REMARK05,nvarchar,-1,0,0,True,False
CHECKER,20,CHECK05,nvarchar,20,0,0,True,False
CHECKER,21,REMARK06,nvarchar,-1,0,0,True,False
CHECKER,22,CHECK06,nvarchar,20,0,0,True,False
CHECKER,23,REMARK07,nvarchar,-1,0,0,True,False
CHECKER,24,CHECK07,nvarchar,20,0,0,True,False
CHECKER,25,REMARK08,nvarchar,-1,0,0,True,False
CHECKER,26,CHECK08,nvarchar,20,0,0,True,False
CHECKER,27,REMARK09,nvarchar,-1,0,0,True,False
CHECKER,28,CHECK09,nvarchar,20,0,0,True,False
CHECKER,29,REMARK10,nvarchar,-1,0,0,True,False
CHECKER,30,CHECK10,nvarchar,20,0,0,True,False
CHECKER,31,REMARK11,nvarchar,-1,0,0,True,False
CHECKER,32,CHECK11,nvarchar,20,0,0,True,False
CHECKER,33,REMARK12,nvarchar,-1,0,0,True,False
CHECKER,34,CHECK12,nvarchar,20,0,0,True,False
CHECKER,35,REMARK13,nvarchar,-1,0,0,True,False
CHECKER,36,CHECK13,nvarchar,20,0,0,True,False
CHECKER,37,REMARK14,nvarchar,-1,0,0,True,False
CHECKER,38,CHECK14,nvarchar,20,0,0,True,False
CHECKER,39,REMARK15,nvarchar,-1,0,0,True,False
CHECKER,40,CHECK15,nvarchar,20,0,0,True,False
CHECKER,41,REMARK16,nvarchar,-1,0,0,True,False
CHECKER,42,CHECK16,nvarchar,20,0,0,True,False
CHECKER,43,REMARK17,nvarchar,-1,0,0,True,False
CHECKER,44,CHECK17,nvarchar,20,0,0,True,False
CHECKER_GUARANTOR,1,CHECKER_ID,int,4,10,0,False,True
CHECKER_GUARANTOR,2,APP_ID,int,4,10,0,True,False
CHECKER_GUARANTOR,3,GUAR_ID,int,4,10,0,True,False
CHECKER_GUARANTOR,4,CHECKER_TYPE,nvarchar,20,0,0,True,False
CHECKER_GUARANTOR,5,CHECKER_RESULT,nvarchar,20,0,0,True,False
CHECKER_GUARANTOR,6,CHARACTER_HOME,nvarchar,-1,0,0,True,False
CHECKER_GUARANTOR,7,SIZE_AREA,nvarchar,20,0,0,True,False
CHECKER_GUARANTOR,8,DESCRIPTION,nvarchar,-1,0,0,True,False
CHECKER_GUARANTOR,9,IMAGE_HOME1,nvarchar,-1,0,0,True,False
CHECKER_GUARANTOR,10,IMAGE_HOME2,nvarchar,-1,0,0,True,False
CHECKER_GUARANTOR,11,IMAGE_HOME3,nvarchar,-1,0,0,True,False
CHECKER_GUARANTOR,12,CHECK01,nvarchar,20,0,0,True,False
CHECKER_GUARANTOR,13,REMARK01,nvarchar,-1,0,0,True,False
CHECKER_GUARANTOR,14,CHECK02,nvarchar,20,0,0,True,False
CHECKER_GUARANTOR,15,REMARK02,nvarchar,-1,0,0,True,False
CHECKER_GUARANTOR,16,CHECK03,nvarchar,20,0,0,True,False
CHECKER_GUARANTOR,17,REMARK03,nvarchar,-1,0,0,True,False
CHECKER_GUARANTOR,18,CHECK04,nvarchar,20,0,0,True,False
CHECKER_GUARANTOR,19,REMARK04,nvarchar,-1,0,0,True,False
CHECKER_GUARANTOR,20,CHECK05,nvarchar,20,0,0,True,False
CHECKER_GUARANTOR,21,REMARK05,nvarchar,-1,0,0,True,False
CHECKER_GUARANTOR,22,CHECK06,nvarchar,20,0,0,True,False
CHECKER_GUARANTOR,23,REMARK06,nvarchar,-1,0,0,True,False
CHECKER_GUARANTOR,24,CHECK07,nvarchar,20,0,0,True,False
CHECKER_GUARANTOR,25,REMARK07,nvarchar,-1,0,0,True,False
CHECKER_GUARANTOR,26,CHECK08,nvarchar,20,0,0,True,False
CHECKER_GUARANTOR,27,REMARK08,nvarchar,-1,0,0,True,False
CHECKER_GUARANTOR,28,CHECK09,nvarchar,20,0,0,True,False
CHECKER_GUARANTOR,29,REMARK09,nvarchar,-1,0,0,True,False
CHECKER_GUARANTOR,30,CHECK10,nvarchar,20,0,0,True,False
CHECKER_GUARANTOR,31,REMARK10,nvarchar,-1,0,0,True,False
CHECKER_GUARANTOR,32,CHECK11,nvarchar,20,0,0,True,False
CHECKER_GUARANTOR,33,REMARK11,nvarchar,-1,0,0,True,False
CHECKER_GUARANTOR,34,CHECK12,nvarchar,20,0,0,True,False
CHECKER_GUARANTOR,35,REMARK12,nvarchar,-1,0,0,True,False
CHECKER_GUARANTOR,36,CHECK13,nvarchar,20,0,0,True,False
CHECKER_GUARANTOR,37,REMARK13,nvarchar,-1,0,0,True,False
CHECKER_GUARANTOR,38,CHECK14,nvarchar,20,0,0,True,False
CHECKER_GUARANTOR,39,REMARK14,nvarchar,-1,0,0,True,False
CHECKER_GUARANTOR,40,CHECK15,nvarchar,20,0,0,True,False
CHECKER_GUARANTOR,41,REMARK15,nvarchar,-1,0,0,True,False
CHECKER_GUARANTOR,42,CHECK21,nvarchar,20,0,0,True,False
CHECKER_GUARANTOR,43,REMARK21,nvarchar,-1,0,0,True,False
CHECKER_GUARANTOR,44,CHECK22,nvarchar,20,0,0,True,False
CHECKER_GUARANTOR,45,REMARK22,nvarchar,-1,0,0,True,False
CHECKER_GUARANTOR,46,CHECK23,nvarchar,20,0,0,True,False
CHECKER_GUARANTOR,47,REMARK23,nvarchar,-1,0,0,True,False
CHECKER_GUARANTOR,48,CHECK24,nvarchar,20,0,0,True,False
CHECKER_GUARANTOR,49,REMARK24,nvarchar,-1,0,0,True,False
CHECKER_GUARANTOR,50,CHECK25,nvarchar,20,0,0,True,False
CHECKER_GUARANTOR,51,REMARK25,nvarchar,-1,0,0,True,False
CHECKER_GUARANTOR,52,CHECK26,nvarchar,20,0,0,True,False
CHECKER_GUARANTOR,53,REMARK26,nvarchar,-1,0,0,True,False
CHECKER_GUARANTOR,54,CHECK27,nvarchar,20,0,0,True,False
CHECKER_GUARANTOR,55,REMARK27,nvarchar,-1,0,0,True,False
CHECKER_GUARANTOR,56,CHECK28,nvarchar,20,0,0,True,False
CHECKER_GUARANTOR,57,REMARK28,nvarchar,-1,0,0,True,False
CHECKER_GUARANTOR,58,CHANGE_GUARANTOR,bit,1,1,0,True,False
CIF_PERSON,1,CIF_PERSON_ID,int,4,10,0,False,True
CIF_PERSON,2,TITLE_CODE_THAI,nvarchar,6,0,0,True,False
CIF_PERSON,3,FIRST_NAME_THAI,nvarchar,200,0,0,True,False
CIF_PERSON,4,LAST_NAME_THAI,nvarchar,200,0,0,True,False
CIF_PERSON,5,CARD_CODE,nvarchar,4,0,0,True,False
CIF_PERSON,6,TAX_ID,nvarchar,26,0,0,True,False
CIF_PERSON,7,STUDENT_ID,nvarchar,40,0,0,True,False
CIF_PERSON,8,BIRTHDAY,date,3,10,0,True,False
CIF_PERSON,9,AGE,nvarchar,6,0,0,True,False
CIF_PERSON,10,CUSTOMER_TYPE,nvarchar,6,0,0,True,False
CIF_PERSON,11,SEX,nvarchar,6,0,0,True,False
CIF_PERSON,12,IDCARD_REGIS_DATE,date,3,10,0,True,False
CIF_PERSON,13,IDCARD_EXPIRE_DATE,date,3,10,0,True,False
CIF_PERSON,14,IDCARD_REGIS_BY,nvarchar,80,0,0,True,False
CIF_PERSON,15,NATIONALITY_CODE,nvarchar,8,0,0,True,False
CIF_PERSON,16,CITIZEN_CODE,nvarchar,8,0,0,True,False
CIF_PERSON,17,MARITAL_STATUS,nvarchar,4,0,0,True,False
CIF_PERSON,18,NUMBER_CHILDREN,int,4,10,0,True,False
CIF_PERSON,19,STUDY_CHILD,int,4,10,0,True,False
CIF_PERSON,20,PHONE,nvarchar,24,0,0,True,False
CIF_PERSON,21,EMAIL,nvarchar,100,0,0,True,False
CIF_PERSON,22,LINEID,nvarchar,100,0,0,True,False
CIF_PERSON,23,FACEBOOK,nvarchar,100,0,0,True,False
CIF_PERSON,24,OCCUPATION_CODE,nvarchar,6,0,0,True,False
CIF_PERSON,25,OCCUPATION_CODE_OTHER,nvarchar,6,0,0,True,False
CIF_PERSON,26,UNIVERSITY_NAME,int,4,10,0,True,False
CIF_PERSON,27,CAMPUS_NAME,int,4,10,0,True,False
CIF_PERSON,28,FACULTY_NAME,int,4,10,0,True,False
CIF_PERSON,29,SUBJECT,int,4,10,0,True,False
CIF_PERSON,30,LEVEL_TYPE,nvarchar,40,0,0,True,False
CIF_PERSON,31,U_LEVEL,nchar,6,0,0,True,False
CIF_PERSON,32,LOAN_KYS,nvarchar,40,0,0,True,False
CIF_PERSON,33,OFFICE_NAME,nvarchar,120,0,0,True,False
CIF_PERSON,34,BUSINESS_TYPE,nvarchar,120,0,0,True,False
CIF_PERSON,35,OFFICE_POSITION,nvarchar,20,0,0,True,False
CIF_PERSON,36,OFFICE_LEVEL,nvarchar,20,0,0,True,False
CIF_PERSON,37,OFFICE_YEAR,int,4,10,0,True,False
CIF_PERSON,38,OFFICE_PHONE,nvarchar,30,0,0,True,False
CIF_PERSON,39,OFFICE_PHONE_EXTEN,nvarchar,30,0,0,True,False
CIF_PERSON,40,INCOME_TYPE,nvarchar,100,0,0,True,False
CIF_PERSON,41,MAIN_INCOME,float,8,53,0,True,False
CIF_PERSON,42,EXPENSE,float,8,53,0,True,False
CIF_PERSON,43,OTHER_INCOME,float,8,53,0,True,False
CIF_PERSON,44,SOURCE_INCOME,nvarchar,200,0,0,True,False
CIF_PERSON,45,SOURCE_OTHER_INCOME,nvarchar,120,0,0,True,False
CIF_PERSON,46,CREATE_DATE,datetime,8,23,3,True,False
CIF_PERSON,47,UPDATE_DATE,datetime,8,23,3,True,False
CIF_PERSON,48,NAME_MAKE,nvarchar,400,0,0,True,False
COLLECTION_OD,1,EXTRACT_DATE,date,3,10,0,True,False
COLLECTION_OD,2,CONTRACT_ID,int,4,10,0,False,False
COLLECTION_OD,3,CONTRACT_NUMBER,nvarchar,40,0,0,True,False
COLLECTION_OD,4,CONTRACT_STATUS,int,4,10,0,True,False
COLLECTION_OD,5,CONTRACT_STATUS_DESC,nvarchar,100,0,0,True,False
COLLECTION_OD,6,PRODUDCT_ID,int,4,10,0,True,False
COLLECTION_OD,7,UPDATE_DATE,datetime,8,23,3,True,False
COLLECTION_OD,8,PRODUCT_TYPE,varchar,8,0,0,False,False
COLLECTION_OD,9,TOTAL_OUTSTANDING,float,8,53,0,True,False
COLLECTION_OD,10,TOTAL_PRINCIPLE,float,8,53,0,True,False
COLLECTION_OD,11,TOTAL_INTEREST,float,8,53,0,True,False
COLLECTION_OD,12,TOTAL_VAT,float,8,53,0,True,False
COLLECTION_OD,13,NUMBER_OF_PERIOD,int,4,10,0,True,False
COLLECTION_OD,14,INSTALLMENT_PER_PERIOD,float,8,53,0,True,False
COLLECTION_OD,15,PAID_TOTAL_OUTSTANDING,float,8,53,0,True,False
COLLECTION_OD,16,PAID_TOTAL_PRINCIPLE,float,8,53,0,True,False
COLLECTION_OD,17,PAID_TOTAL_INTEREST,float,8,53,0,True,False
COLLECTION_OD,18,PAID_TOTAL_VAT,float,8,53,0,True,False
COLLECTION_OD,19,PAID_NUMBER_OF_PERIOD,int,4,10,0,True,False
COLLECTION_OD,20,PERIOD_DUE_DATE,date,3,10,0,True,False
COLLECTION_OD,21,LAST_REPAY_DATE,date,3,10,0,True,False
COLLECTION_OD,22,REMAINING_OUTSTANDING,float,8,53,0,True,False
COLLECTION_OD,23,REMAINING_PRINCIPLE,float,8,53,0,True,False
COLLECTION_OD,24,REMAINING_INTEREST,float,8,53,0,True,False
COLLECTION_OD,25,REMAINING_VAT,float,8,53,0,True,False
COLLECTION_OD,26,REMAINING_PERIOD,int,4,10,0,True,False
COLLECTION_OD,27,INVOICE_NUMBER,nvarchar,40,0,0,True,False
COLLECTION_OD,28,INVOICE_DATE,date,3,10,0,True,False
COLLECTION_OD,29,NUMBER_OF_OD_INSTALLMENT,nvarchar,6,0,0,True,False
COLLECTION_OD,30,OD_AMOUNT,float,8,53,0,True,False
COLLECTION_OD,31,PENALTY_AMT,float,8,53,0,True,False
COLLECTION_OD,32,COLLECT_AMT,float,8,53,0,True,False
COLLECTION_OD,33,TOTAL_FOLLOW_UP_AMOUNT,float,8,53,0,True,False
COLLECTION_OD_ASSIGNMENT,1,EXTRACT_DATE,date,3,10,0,True,False
COLLECTION_OD_ASSIGNMENT,2,CONTRACT_ID,int,4,10,0,False,False
COLLECTION_OD_ASSIGNMENT,3,CONTRACT_NUMBER,nvarchar,40,0,0,True,False
COLLECTION_OD_ASSIGNMENT,4,CONTRACT_STATUS,int,4,10,0,True,False
COLLECTION_OD_ASSIGNMENT,5,CONTRACT_STATUS_DESC,nvarchar,100,0,0,True,False
COLLECTION_OD_ASSIGNMENT,6,PRODUDCT_ID,int,4,10,0,True,False
COLLECTION_OD_ASSIGNMENT,7,UPDATE_DATE,datetime,8,23,3,True,False
COLLECTION_OD_ASSIGNMENT,8,PRODUCT_TYPE,varchar,8,0,0,False,False
COLLECTION_OD_ASSIGNMENT,9,TOTAL_OUTSTANDING,float,8,53,0,True,False
COLLECTION_OD_ASSIGNMENT,10,TOTAL_PRINCIPLE,float,8,53,0,True,False
COLLECTION_OD_ASSIGNMENT,11,TOTAL_INTEREST,float,8,53,0,True,False
COLLECTION_OD_ASSIGNMENT,12,TOTAL_VAT,float,8,53,0,True,False
COLLECTION_OD_ASSIGNMENT,13,NUMBER_OF_PERIOD,int,4,10,0,True,False
COLLECTION_OD_ASSIGNMENT,14,INSTALLMENT_PER_PERIOD,float,8,53,0,True,False
COLLECTION_OD_ASSIGNMENT,15,PAID_TOTAL_OUTSTANDING,float,8,53,0,True,False
COLLECTION_OD_ASSIGNMENT,16,PAID_TOTAL_PRINCIPLE,float,8,53,0,True,False
COLLECTION_OD_ASSIGNMENT,17,PAID_TOTAL_INTEREST,float,8,53,0,True,False
COLLECTION_OD_ASSIGNMENT,18,PAID_TOTAL_VAT,float,8,53,0,True,False
COLLECTION_OD_ASSIGNMENT,19,PAID_NUMBER_OF_PERIOD,int,4,10,0,True,False
COLLECTION_OD_ASSIGNMENT,20,PERIOD_DUE_DATE,date,3,10,0,True,False
COLLECTION_OD_ASSIGNMENT,21,LAST_REPAY_DATE,date,3,10,0,True,False
COLLECTION_OD_ASSIGNMENT,22,REMAINING_OUTSTANDING,float,8,53,0,True,False
COLLECTION_OD_ASSIGNMENT,23,REMAINING_PRINCIPLE,float,8,53,0,True,False
COLLECTION_OD_ASSIGNMENT,24,REMAINING_INTEREST,float,8,53,0,True,False
COLLECTION_OD_ASSIGNMENT,25,REMAINING_VAT,float,8,53,0,True,False
COLLECTION_OD_ASSIGNMENT,26,REMAINING_PERIOD,int,4,10,0,True,False
COLLECTION_OD_ASSIGNMENT,27,INVOICE_NUMBER,nvarchar,40,0,0,True,False
COLLECTION_OD_ASSIGNMENT,28,INVOICE_DATE,date,3,10,0,True,False
COLLECTION_OD_ASSIGNMENT,29,NUMBER_OF_OD_INSTALLMENT,nvarchar,6,0,0,True,False
COLLECTION_OD_ASSIGNMENT,30,OD_AMOUNT,float,8,53,0,True,False
COLLECTION_OD_ASSIGNMENT,31,PENALTY_AMT,float,8,53,0,True,False
COLLECTION_OD_ASSIGNMENT,32,COLLECT_AMT,float,8,53,0,True,False
COLLECTION_OD_ASSIGNMENT,33,TOTAL_FOLLOW_UP_AMOUNT,float,8,53,0,True,False
COLLECTION_OD_ASSIGNMENT,34,IS_FIRST_DUE,bit,1,1,0,True,False
COLLECTION_OD_ASSIGNMENT,35,IS_LAST_DUE,bit,1,1,0,True,False
COLLECTION_OD_ASSIGNMENT,36,PAID_TOTAL_OUTSTANDING_TO_DUE,float,8,53,0,True,False
COLLECTION_OD_ASSIGNMENT,37,PAID_TOTAL_PRINCIPLE_TO_DUE,float,8,53,0,True,False
COLLECTION_OD_ASSIGNMENT,38,PAID_TOTAL_INTEREST_TO_DUE,float,8,53,0,True,False
COLLECTION_OD_ASSIGNMENT,39,PAID_TOTAL_VAT_TO_DUE,float,8,53,0,True,False
COLLECTION_OD_ASSIGNMENT,40,ASSIGN_TO_TEAM,nvarchar,100,0,0,True,False
COLLECTION_OD_ASSIGNMENT,41,CUSTOMER_BIRTH_DATE,date,3,10,0,True,False
COLLECTION_OD_ASSIGNMENT,42,CUSTOMER_PHONE_NUM,nvarchar,40,0,0,True,False
COLLECTION_OD_ASSIGNMENT,43,CUSTOMER_NAME,nvarchar,200,0,0,True,False
COLLECTION_OD_ASSIGNMENT,44,CUSTOMER_ADDRESS_REGISTER,nvarchar,1000,0,0,True,False
COLLECTION_OD_ASSIGNMENT,45,CUSTOMER_ADDRESS_CURRENT,nvarchar,1000,0,0,True,False
COLLECTION_OD_ASSIGNMENT,46,CUSTOMER_ADDRESS_DELIVERY,nvarchar,1000,0,0,True,False
COLLECTION_OD_ASSIGNMENT,47,CUSTOMER_OCCUPATION,nvarchar,200,0,0,True,False
COLLECTION_OD_ASSIGNMENT,48,MODEL_NAME,nvarchar,400,0,0,True,False
COLLECTION_OD_ASSIGNMENT,49,GUARANTOR_NAME,nvarchar,200,0,0,True,False
COLLECTION_OD_ASSIGNMENT,50,GUARANTOR_RELATION,nvarchar,100,0,0,True,False
COLLECTION_OD_ASSIGNMENT,51,GUARANTOR_PHONE_NUM,nvarchar,40,0,0,True,False
COLLECTION_OD_ASSIGNMENT,52,ROWNUM,int,4,10,0,True,False
COLLECTION_OD_ASSIGNMENT,53,GROUP_ASSIGN,int,4,10,0,True,False
COLLECTION_OD_ASSIGNMENT,54,EMP_CODE,nvarchar,20,0,0,True,False
COLLECTION_OD_ASSIGNMENT,55,EMP_NAME,nvarchar,200,0,0,True,False
COLLECTION_OD_ASSIGNMENT,56,TEAM,nvarchar,100,0,0,True,False
CONTACT,1,CONTACT_ID,int,4,10,0,False,True
CONTACT,2,ID,nvarchar,40,0,0,True,False
CONTACT,3,CONTACT_TYPE,nvarchar,100,0,0,True,False
CONTACT,4,CONTACT_DATE,datetime,8,23,3,True,False
CONTACT,5,CONTACT_NUM,nvarchar,10,0,0,True,False
CONTACT,6,RESULT_CONTACT,int,4,10,0,True,False
CONTACT,7,RESULT_COLLECTION,int,4,10,0,True,False
CONTACT,8,CONTACT_REMARK,nvarchar,-1,0,0,True,False
CONTACT,9,CONTACT_CATEGORY_ID,int,4,10,0,True,False
CONTACT_DEBT_COLLECTION,1,ID,int,4,10,0,False,True
CONTACT_DEBT_COLLECTION,2,CONTRACT_ID,int,4,10,0,True,False
CONTACT_DEBT_COLLECTION,3,APP_ID,int,4,10,0,True,False
CONTACT_DEBT_COLLECTION,4,CONTARCT_NUMBER,nvarchar,40,0,0,True,False
CONTACT_DEBT_COLLECTION,5,CONTACT_NUMBER,nvarchar,10,0,0,True,False
CONTACT_DEBT_COLLECTION,6,RESULT_COLLECTION,nvarchar,1000,0,0,True,False
CONTACT_DEBT_COLLECTION,7,REMARK_1,nvarchar,-1,0,0,True,False
CONTACT_DEBT_COLLECTION,8,REMARK_2,nvarchar,500,0,0,True,False
CONTACT_DEBT_COLLECTION,9,DUE_DATE,datetime,8,23,3,True,False
CONTACT_DEBT_COLLECTION,10,PAYMENT_AMT,decimal,9,18,2,True,False
CONTACT_DEBT_COLLECTION,11,CreateBy,nvarchar,200,0,0,True,False
CONTACT_DEBT_COLLECTION,12,CreateByName,nvarchar,200,0,0,True,False
CONTACT_DEBT_COLLECTION,13,CreateByEmail,nvarchar,200,0,0,True,False
CONTACT_DEBT_COLLECTION,14,CreateDate,datetime,8,23,3,True,False
CONTRACT,1,CONTRACT_ID,int,4,10,0,False,True
CONTRACT,2,STATUS_ID,int,4,10,0,True,False
CONTRACT,3,STATUS_HP,int,4,10,0,True,False
CONTRACT,4,APP_ID,int,4,10,0,True,False
CONTRACT,5,PERSON_ID,int,4,10,0,True,False
CONTRACT,6,PARTNER_ID,int,4,10,0,True,False
CONTRACT,7,P_BRANCH_ID,int,4,10,0,True,False
CONTRACT,8,EMP_ID,int,4,10,0,True,False
CONTRACT,9,CIF_PERSON_ID,int,4,10,0,True,False
CONTRACT,10,PRODUDCT_ID,int,4,10,0,True,False
CONTRACT,11,REPAY_ID,int,4,10,0,True,False
CONTRACT,12,APPLICATION_NUMBER,nvarchar,40,0,0,True,False
CONTRACT,13,CONTRACT_NUMBER,nvarchar,40,0,0,True,False
CONTRACT,14,CUSTOMER_NAME,nvarchar,400,0,0,True,False
CONTRACT,15,MAKE_DATE,date,3,10,0,True,False
CONTRACT,16,CONTRACT_START,date,3,10,0,True,False
CONTRACT,17,CONTRACT_END,date,3,10,0,True,False
CONTRACT,18,PERIOD_DATE,date,3,10,0,True,False
CONTRACT,19,INSTALL_NUM_FINAL,int,4,10,0,True,False
CONTRACT,20,OVERDUE,int,4,10,0,True,False
CONTRACT,21,ASSIGN_DATE,date,3,10,0,True,False
CONTRACT,22,COLLECTION_NAME,nvarchar,400,0,0,True,False
CONTRACT,23,ROLE_COLLECTION,nvarchar,100,0,0,True,False
CONTRACT,24,SERIAL_NUMBER,nvarchar,100,0,0,True,False
CONTRACT,25,CREATE_DATE,datetime,8,23,3,True,False
CONTRACT,26,UPDATE_DATE,datetime,8,23,3,True,False
CONTRACT,27,NAME_MAKE,nvarchar,200,0,0,True,False
CONTRACT,28,PROJECT_TYPE,nvarchar,40,0,0,True,False
CONTRACT,29,FLAG_SEND_S9,bit,1,1,0,True,False
CONTRACT,30,DATE_SEND_S9,datetime,8,23,3,True,False
CONTRACT_ATTACHED,1,CTA_ID,int,4,10,0,False,True
CONTRACT_ATTACHED,2,CONTRACT_ID,int,4,10,0,True,False
CONTRACT_ATTACHED,3,CONTRACT_NUMBER,nvarchar,40,0,0,True,False
CONTRACT_ATTACHED,4,CUSTOMER_NAME,nvarchar,400,0,0,True,False
CONTRACT_ATTACHED,5,MAKE_DATE,date,3,10,0,True,False
CONTRACT_ATTACHED,6,PRODUCT_TYPE,int,4,10,0,True,False
CONTRACT_ATTACHED,7,PRODUCT_CATEGORY,int,4,10,0,True,False
CONTRACT_ATTACHED,8,PRODUCT_BAND,int,4,10,0,True,False
CONTRACT_ATTACHED,9,PRODUCT_SERIES,int,4,10,0,True,False
CONTRACT_ATTACHED,10,PRODUCT_SUB_SERIES,int,4,10,0,True,False
CONTRACT_ATTACHED,11,PRODUCT_COLOR,int,4,10,0,True,False
CONTRACT_ATTACHED,12,MODEL_NAME,nvarchar,400,0,0,True,False
CONTRACT_ATTACHED,13,MODEL_NUMBER,nvarchar,400,0,0,True,False
CONTRACT_ATTACHED,14,SERIAL_NUMBER,nvarchar,400,0,0,True,False
CONTRACT_ATTACHED,15,ABM_STARTDATE,date,3,10,0,True,False
CONTRACT_ATTACHED,16,ABM_ENDDATE,date,3,10,0,True,False
CONTRACT_ATTACHED,17,ABM_NUMBER,nvarchar,400,0,0,True,False
CONTRACT_ATTACHED,18,SIGNATURE_CONFIRM,nvarchar,-1,0,0,True,False
CONTRACT_ATTACHED,19,RETURN_DATE,date,3,10,0,True,False
CONTRACT_ATTACHED,20,RETURN_REASON,nvarchar,200,0,0,True,False
CONTRACT_ATTACHED,21,RETURN_MEMO,nvarchar,-1,0,0,True,False
CONTRACT_ATTACHED,22,CREATE_DATE,datetime,8,23,3,True,False
CONTRACT_ATTACHED,23,UPDATE_DATE,datetime,8,23,3,True,False
CONTRACT_ATTACHED,24,NAME_MAKE,nvarchar,400,0,0,True,False
CONTRACT_Dept,1,CONTRACT_ID,int,4,10,0,False,True
CONTRACT_Dept,2,STATUS_ID,int,4,10,0,True,False
CONTRACT_Dept,3,APP_ID,int,4,10,0,True,False
CONTRACT_Dept,4,PERSON_ID,int,4,10,0,True,False
CONTRACT_Dept,5,PARTNER_ID,int,4,10,0,True,False
CONTRACT_Dept,6,P_BRANCH_ID,int,4,10,0,True,False
CONTRACT_Dept,7,EMP_ID,int,4,10,0,True,False
CONTRACT_Dept,8,CIF_PERSON_ID,int,4,10,0,True,False
CONTRACT_Dept,9,PRODUDCT_ID,int,4,10,0,True,False
CONTRACT_Dept,10,REPAY_ID,int,4,10,0,True,False
CONTRACT_Dept,11,APPLICATION_NUMBER,nvarchar,40,0,0,True,False
CONTRACT_Dept,12,CONTRACT_NUMBER,nvarchar,40,0,0,True,False
CONTRACT_Dept,13,CUSTOMER_NAME,nvarchar,400,0,0,True,False
CONTRACT_Dept,14,MAKE_DATE,date,3,10,0,True,False
CONTRACT_Dept,15,CONTRACT_START,date,3,10,0,True,False
CONTRACT_Dept,16,CONTRACT_END,date,3,10,0,True,False
CONTRACT_Dept,17,PERIOD_DATE,date,3,10,0,True,False
CONTRACT_Dept,18,INSTALL_NUM_FINAL,int,4,10,0,True,False
CONTRACT_Dept,19,OVERDUE,int,4,10,0,True,False
CONTRACT_Dept,20,CREATE_DATE,datetime,8,23,3,True,False
CONTRACT_Dept,21,UPDATE_DATE,datetime,8,23,3,True,False
CONTRACT_Dept,22,NAME_MAKE,nvarchar,200,0,0,True,False
CONTRACT_Dept,23,INSTALL_SUM_FINAL,float,8,53,0,True,False
CONTRACT_DUTY,1,DUTY_ID,int,4,10,0,False,True
CONTRACT_DUTY,2,CONTRACT_ID,int,4,10,0,True,False
CONTRACT_DUTY,3,DATE,date,3,10,0,True,False
CONTRACT_DUTY,4,CONTRACT_NUMBER,nvarchar,40,0,0,True,False
CONTRACT_DUTY,5,CUSTOMER_NAME,nvarchar,400,0,0,True,False
CONTRACT_DUTY,6,SUM_HP_AMT,float,8,53,0,True,False
CONTRACT_DUTY,7,SUM_HP_DUTY,float,8,53,0,True,False
CONTRACT_DUTY,8,DUTY_20,float,8,53,0,True,False
CONTRACT_DUTY,9,DUTY_5,float,8,53,0,True,False
CONTRACT_DUTY,10,DUTY_1,float,8,53,0,True,False
CONTRACT_DUTY,11,COPY_DUTY,float,8,53,0,True,False
CONTRACT_DUTY,12,GUARANTOR_DUTY,float,8,53,0,True,False
CONTRACT_DUTY,13,GUARANTOR_COPY_DUTY,float,8,53,0,True,False
CONTRACT_DUTY,14,SUM_DUTY,int,4,10,0,True,False
CONTRACT_DUTY,15,SUM_DUTY_AMT,float,8,53,0,True,False
CONTRACT_DUTY,16,GUARANTOR_NUMBER,int,4,10,0,True,False
CONTRACT_HISTORY_STATUS,1,HISTY_C_ID,int,4,10,0,False,True
CONTRACT_HISTORY_STATUS,2,CONTRACT_ID,int,4,10,0,True,False
CONTRACT_HISTORY_STATUS,3,CONTRACT_NUMBER,nvarchar,100,0,0,True,False
CONTRACT_HISTORY_STATUS,4,STATUS_HP,int,4,10,0,True,False
CONTRACT_HISTORY_STATUS,5,STATUS_DATE,date,3,10,0,True,False
CONTRACT_HISTORY_STATUS,6,STATUS_OLD,int,4,10,0,True,False
CONTRACT_HISTORY_STATUS,7,STATUS_OLD_DATE,date,3,10,0,True,False
CONTRACT_HISTORY_STATUS,8,DESCRIPTION,nvarchar,300,0,0,True,False
CONTRACT_HISTORY_STATUS,9,CREATE_DATE,datetime,8,23,3,True,False
CONTRACT_HISTORY_STATUS,10,UPDATE_DATE,datetime,8,23,3,True,False
CONTRACT_HISTORY_STATUS,11,NAME_MAKR,nvarchar,300,0,0,True,False
CONTRACT_WRITE_OFF,1,CONTRACT_NUMBER,nvarchar,40,0,0,False,False
CONTRACT_WRITE_OFF,2,CUSTOMER_NAME,nvarchar,400,0,0,True,False
CONTRACT_WRITE_OFF,3,OST_AMOUNT,decimal,13,20,4,True,False
CONTRACT_WRITE_OFF,4,OST_VAT,decimal,13,20,4,True,False
CONTRACT_WRITE_OFF,5,OST_SUM_VAT,decimal,13,20,4,True,False
CONTRACT_WRITE_OFF,6,COLLECT,decimal,13,20,4,True,False
CONTRACT_WRITE_OFF,7,PENALTY,decimal,13,20,4,True,False
CONTRACT_WRITE_OFF,8,COLLECT_PENALTY,decimal,13,20,4,True,False
CONTRACT_WRITE_OFF,9,OST_SUM_FINAL,decimal,13,20,4,True,False
CONTRACT_WRITE_OFF,10,CREATE_BY,nvarchar,400,0,0,True,False
CONTRACT_WRITE_OFF,11,CREATE_DATE,datetime,8,23,3,True,False
CONTRACT_WRITE_OFF,12,UPDATE_BY,nvarchar,400,0,0,True,False
CONTRACT_WRITE_OFF,13,UPDATE_DATE,datetime,8,23,3,True,False
CONTRACT_WRITE_OFF,14,STATUS_ID,int,4,10,0,True,False
CONTRACT_WRITE_OFF,15,LEGAL_ID,int,4,10,0,True,False
CONTRACT_WRITE_OFF,16,LEGAL_DATE,datetime,8,23,3,True,False
CpuUsageLogs,1,id,int,4,10,0,False,True
CpuUsageLogs,2,serverId,int,4,10,0,True,False
CpuUsageLogs,3,manufacturer,nvarchar,300,0,0,True,False
CpuUsageLogs,4,cpu_name,nvarchar,300,0,0,True,False
CpuUsageLogs,5,Description,nvarchar,-1,0,0,True,False
CpuUsageLogs,6,percentage,int,4,10,0,True,False
CpuUsageLogs,7,createat,datetime,8,23,3,True,False
CREDIT_NOTE,1,CREDIT_NOTE_ID,int,4,10,0,False,True
CREDIT_NOTE,2,REPAY_ID,int,4,10,0,True,False
CREDIT_NOTE,3,APP_ID,int,4,10,0,True,False
CREDIT_NOTE,4,CONTRACT_ID,int,4,10,0,True,False
CREDIT_NOTE,5,CUSTOMER_CARD_ID,int,4,10,0,True,False
CREDIT_NOTE,6,PERSON_ID,int,4,10,0,True,False
CREDIT_NOTE,7,STATUS_ID,int,4,10,0,True,False
CREDIT_NOTE,8,CREDIT_NOTE_NUMBER,nvarchar,40,0,0,True,False
CREDIT_NOTE,9,CREDIT_NOTE_SUM_AMT,float,8,53,0,True,False
CREDIT_NOTE,10,DES_SUM_AMT,nvarchar,400,0,0,True,False
CREDIT_NOTE,11,CREDIT_NOTE_DATE,date,3,10,0,True,False
CREDIT_NOTE,12,CUSTOMER_NAME,nvarchar,400,0,0,True,False
CREDIT_NOTE,13,CREDIT_NOTE_LOCATION,nvarchar,400,0,0,True,False
CREDIT_NOTE,14,MT_REMARK_CREDIT_NOTE_ID,int,4,10,0,True,False
CREDIT_NOTE,15,CREATE_DATE,datetime,8,23,3,True,False
CREDIT_NOTE,16,UPDATE_DATE,datetime,8,23,3,True,False
CREDIT_NOTE,17,NAME_MAKE,nvarchar,400,0,0,True,False
CreditScrolling_Logs_Contract,1,CreditScrolling_Logs_Contract_ID,bigint,8,19,0,False,True
CreditScrolling_Logs_Contract,2,CreditScrolling_Logs_Contract_DateTime,datetime,8,23,3,True,False
CreditScrolling_Logs_Contract,3,CreditScrolling_Logs_Contract_Date,date,3,10,0,True,False
CreditScrolling_Logs_Contract,4,CreditScrolling_Logs_Contract_Time,time,5,16,7,True,False
CreditScrolling_Logs_Contract,5,CONTRACT_ID,int,4,10,0,True,False
CreditScrolling_Logs_Contract,6,STATUS_ID,int,4,10,0,True,False
CreditScrolling_Logs_Contract,7,APP_ID,int,4,10,0,True,False
CreditScrolling_Logs_Contract,8,PERSON_ID,int,4,10,0,True,False
CreditScrolling_Logs_Contract,9,CIF_PERSON_ID,int,4,10,0,True,False
CreditScrolling_Logs_Contract,10,REPAY_ID,int,4,10,0,True,False
CreditScrolling_Logs_Contract,11,APPLICATION_NUMBER,nvarchar,40,0,0,True,False
CreditScrolling_Logs_Contract,12,CONTRACT_NUMBER,nvarchar,40,0,0,True,False
CreditScrolling_Logs_Contract,13,CONTRACT_START,date,3,10,0,True,False
CreditScrolling_Logs_Contract,14,CONTRACT_END,date,3,10,0,True,False
CreditScrolling_Logs_Contract,15,OVERDUE,int,4,10,0,True,False
CUSTOMER_CARD,1,ID,int,4,10,0,False,True
CUSTOMER_CARD,2,CONTRACT_ID,int,4,10,0,True,False
CUSTOMER_CARD,3,CONTRACT_NUMBER,nvarchar,40,0,0,True,False
CUSTOMER_CARD,4,APPLICATION_NUMBER,nvarchar,40,0,0,True,False
CUSTOMER_CARD,5,INSTALL_NUM,int,4,10,0,True,False
CUSTOMER_CARD,6,DUEDATE,date,3,10,0,True,False
CUSTOMER_CARD,7,INSTALL_AMT,float,8,53,0,True,False
CUSTOMER_CARD,8,PAY_PRINCIPLE,float,8,53,0,True,False
CUSTOMER_CARD,9,PAY_INTEREST,float,8,53,0,True,False
CUSTOMER_CARD,10,PAY_INSTALL_VAT,float,8,53,0,True,False
CUSTOMER_CARD,11,OUTSTD_SUM_PRINCIPLE,float,8,53,0,True,False
CUSTOMER_CARD,12,OUTSTD_SUM_INTEREST,float,8,53,0,True,False
CUSTOMER_CARD,13,DISCOUNT_AMT,float,8,53,0,True,False
CUSTOMER_CARD,14,INVOICE_NUMBER,nvarchar,40,0,0,True,False
CUSTOMER_CARD,15,RECEIPT_NUMBER,nvarchar,40,0,0,True,False
CUSTOMER_CARD,19,SUM_OUTSTAND,float,8,53,0,True,False
CUSTOMER_CARD,20,INSTALL_OD_01,nvarchar,6,0,0,True,False
CUSTOMER_CARD,21,INSTALL_OD_02,nvarchar,6,0,0,True,False
CUSTOMER_CARD,22,INSTALL_OD_SUM,nvarchar,6,0,0,True,False
CUSTOMER_CARD,23,SUM_OD_AMT,float,8,53,0,True,False
CUSTOMER_CARD,24,PENALTY_AMT,float,8,53,0,True,False
CUSTOMER_CARD,25,COLLECT_AMT,float,8,53,0,True,False
CUSTOMER_CARD,26,REVENUE_INS_MARGIN,float,8,53,0,True,False
CUSTOMER_CARD,27,REVENUE_INS_MARGIN_OUTSTD,float,8,53,0,True,False
CUSTOMER_CARD,28,FEE_INSTALL,float,8,53,0,True,False
CUSTOMER_CARD,29,FEE_SUM,float,8,53,0,True,False
CUSTOMER_CARD_Dept,1,ID,int,4,10,0,False,True
CUSTOMER_CARD_Dept,2,CONTRACT_ID,int,4,10,0,True,False
CUSTOMER_CARD_Dept,3,CONTRACT_NUMBER,nvarchar,40,0,0,True,False
CUSTOMER_CARD_Dept,4,APPLICATION_NUMBER,nvarchar,40,0,0,True,False
CUSTOMER_CARD_Dept,5,INSTALL_NUM,int,4,10,0,True,False
CUSTOMER_CARD_Dept,6,DUEDATE,date,3,10,0,True,False
CUSTOMER_CARD_Dept,7,INSTALL_AMT,float,8,53,0,True,False
CUSTOMER_CARD_Dept,8,PAY_PRINCIPLE,float,8,53,0,True,False
CUSTOMER_CARD_Dept,9,PAY_INTEREST,float,8,53,0,True,False
CUSTOMER_CARD_Dept,10,PAY_INSTALL_VAT,float,8,53,0,True,False
CUSTOMER_CARD_Dept,11,OUTSTD_SUM_PRINCIPLE,float,8,53,0,True,False
CUSTOMER_CARD_Dept,12,OUTSTD_SUM_INTEREST,float,8,53,0,True,False
CUSTOMER_CARD_Dept,13,DISCOUNT_AMT,float,8,53,0,True,False
CUSTOMER_CARD_Dept,14,INVOICE_NUMBER,nvarchar,40,0,0,True,False
CUSTOMER_CARD_Dept,15,RECEIPT_NUMBER,nvarchar,40,0,0,True,False
CUSTOMER_CARD_Dept,16,SUM_OUTSTAND,float,8,53,0,True,False
CUSTOMER_CARD_Dept,17,INSTALL_OD_01,nvarchar,6,0,0,True,False
CUSTOMER_CARD_Dept,18,INSTALL_OD_02,nvarchar,6,0,0,True,False
CUSTOMER_CARD_Dept,19,INSTALL_OD_SUM,nvarchar,6,0,0,True,False
CUSTOMER_CARD_Dept,20,SUM_OD_AMT,float,8,53,0,True,False
CUSTOMER_CARD_Dept,21,PENALTY_AMT,float,8,53,0,True,False
CUSTOMER_CARD_Dept,22,COLLECT_AMT,float,8,53,0,True,False
CUSTOMER_CARD_Dept,23,REVENUE_INS_MARGIN,float,8,53,0,True,False
CUSTOMER_CARD_Dept,24,REVENUE_INS_MARGIN_OUTSTD,float,8,53,0,True,False
CUSTOMER_CARD_TEMP_REPAIR,1,No,int,4,10,0,False,False
CUSTOMER_CARD_TEMP_REPAIR,2,CONTRACT_NUMBER,int,4,10,0,True,False
CUSTOMER_CARD_TEMP_REPAIR,3,INSTALL_NUM,int,4,10,0,True,False
CUSTOMER_CARD_TEMP_REPAIR,4,INSTALL_AMT,float,8,53,0,True,False
CUSTOMER_CARD_TEMP_REPAIR,5,PAY_PRINCIPLE,float,8,53,0,True,False
CUSTOMER_CARD_TEMP_REPAIR,6,PAY_INTEREST,float,8,53,0,True,False
CUSTOMER_CARD_TEMP_REPAIR,7,PAY_INSTALL_VAT,float,8,53,0,True,False
CUSTOMER_CARD_TEMP_REPAIR,8,OUTSTD_SUM_PRINCIPLE,float,8,53,0,True,False
CUSTOMER_CARD_TEMP_REPAIR,9,OUTSTD_SUM_INTEREST,float,8,53,0,True,False
CUSTOMER_CARD_TEMP_REPAIR,10,DISCOUNT_AMT,float,8,53,0,True,False
CUSTOMER_CARD_TEMP_REPAIR_2_3,1,NO,int,4,10,0,False,False
CUSTOMER_CARD_TEMP_REPAIR_2_3,2,CONTRACT_NUMBER,int,4,10,0,False,False
CUSTOMER_CARD_TEMP_REPAIR_2_3,3,INSTALL_NUM,int,4,10,0,False,False
CUSTOMER_CARD_TEMP_REPAIR_2_3,4,INSTALL_AMT,float,8,53,0,False,False
CUSTOMER_CARD_TEMP_REPAIR_2_3,5,PAY_PRINCIPLE,float,8,53,0,False,False
CUSTOMER_CARD_TEMP_REPAIR_2_3,6,PAY_INTEREST,float,8,53,0,False,False
CUSTOMER_CARD_TEMP_REPAIR_2_3,7,PAY_INSTALL_VAT,float,8,53,0,False,False
CUSTOMER_CARD_TEMP_REPAIR_2_3,8,OUTSTD_SUM_PRINCIPLE,float,8,53,0,False,False
CUSTOMER_CARD_TEMP_REPAIR_2_3,9,OUTSTD_SUM_INTEREST,float,8,53,0,False,False
CUSTOMER_CARD_TEMP_REPAIR_2_3,10,DISCOUNT_AMT,float,8,53,0,False,False
DocumentAttachmentsContract,1,AttachmentID,int,4,10,0,False,True
DocumentAttachmentsContract,2,Quotation,int,4,10,0,True,False
DocumentAttachmentsContract,3,APP_ID,int,4,10,0,True,False
DocumentAttachmentsContract,4,CONTNO,nvarchar,100,0,0,True,False
DocumentAttachmentsContract,5,DocumentType,nvarchar,200,0,0,True,False
DocumentAttachmentsContract,6,FileName,nvarchar,400,0,0,True,False
DocumentAttachmentsContract,7,FilePath,nvarchar,510,0,0,True,False
DocumentAttachmentsContract,8,FileURL,nvarchar,510,0,0,True,False
DocumentAttachmentsContract,9,CopyFilePath,nvarchar,510,0,0,True,False
DocumentAttachmentsContract,10,IsCopy,bit,1,1,0,True,False
DocumentAttachmentsContract,11,CreateBy,nvarchar,100,0,0,True,False
DocumentAttachmentsContract,12,CreateDate,datetime,8,23,3,True,False
DocumentAttachmentsContract,13,UpdateBy,nvarchar,100,0,0,True,False
DocumentAttachmentsContract,14,UpdateDate,datetime,8,23,3,True,False
DocumentAttachmentsContract,15,IsDelete,bit,1,1,0,True,False
EFFECTIVE_RATE,1,EIR_ID,int,4,10,0,False,False
EFFECTIVE_RATE,2,PERIOD,int,4,10,0,True,False
EFFECTIVE_RATE,3,INTEREST_PERCENT,float,8,53,0,True,False
EFFECTIVE_RATE,4,VARIABLE,float,8,53,0,True,False
EFFECTIVE_RATE_PFUND,1,EIR_ID,int,4,10,0,False,True
EFFECTIVE_RATE_PFUND,2,PERIOD,int,4,10,0,True,False
EFFECTIVE_RATE_PFUND,3,INTEREST_PERCENT,float,8,53,0,True,False
EFFECTIVE_RATE_PFUND,4,EFFECTIVE_RATE,float,8,53,0,True,False
EFFECTIVE_RATE_UFUND,1,EIR_ID,int,4,10,0,False,True
EFFECTIVE_RATE_UFUND,2,PERIOD,int,4,10,0,True,False
EFFECTIVE_RATE_UFUND,3,INTEREST_PERCENT,float,8,53,0,True,False
EFFECTIVE_RATE_UFUND,4,EFFECTIVE_RATE,float,8,53,0,True,False
EMPLOYEE,1,EMP_ID,int,4,10,0,False,True
EMPLOYEE,2,USER_ID,int,4,10,0,True,False
EMPLOYEE,3,GROUP_ID,int,4,10,0,True,False
EMPLOYEE,4,USER_AD,nvarchar,-1,0,0,True,False
EMPLOYEE,5,USERNAME,nvarchar,40,0,0,True,False
EMPLOYEE,6,EMP_NUMBER,int,4,10,0,True,False
EMPLOYEE,7,USERCOMECODE,nvarchar,40,0,0,True,False
EMPLOYEE,8,EMP_NAME,nvarchar,200,0,0,True,False
EMPLOYEE,9,EMP_EMAIL,nvarchar,200,0,0,True,False
EMPLOYEE,10,EMP_PHONE,nvarchar,30,0,0,True,False
EMPLOYEE,11,EMP_LINEID,nvarchar,200,0,0,True,False
EMPLOYEE,12,EMP_POSCODE,nvarchar,40,0,0,True,False
EMPLOYEE,13,EMP_POSITION,nvarchar,400,0,0,True,False
EMPLOYEE,14,EMP_DEPCODE,nvarchar,40,0,0,True,False
EMPLOYEE,15,EMP_DEPARTNAME,nvarchar,400,0,0,True,False
EMPLOYEE,16,EMP_TRADE_GROUP,nvarchar,20,0,0,True,False
EMPLOYEE,17,EMP_CLEVEL,nvarchar,10,0,0,True,False
EMPLOYEE,18,COM_SUP,nvarchar,40,0,0,True,False
EMPLOYEE,19,EMP_SUPID,int,4,10,0,True,False
EMPLOYEE,20,EMP_BRANCH_TYPE,nvarchar,200,0,0,True,False
EMPLOYEE,21,EMP_BRANCH_ID,int,4,10,0,True,False
EMPLOYEE,22,EMP_BRANCH,nvarchar,400,0,0,True,False
EMPLOYEE,23,EMP_HUB,int,4,10,0,True,False
EMPLOYEE,24,EMP_PROVINCE,nvarchar,10,0,0,True,False
EMPLOYEE,25,UNIVERSITY_ID,int,4,10,0,True,False
EMPLOYEE,26,UNIVERSITY_NAME,nvarchar,400,0,0,True,False
EMPLOYEE,27,COMPANY_ID,int,4,10,0,True,False
EMPLOYEE,28,COMPANY_NAME,nvarchar,400,0,0,True,False
EMPLOYEE,29,STATUS_ID,int,4,10,0,True,False
EMPLOYEE,30,CREATE_DATE,datetime,8,23,3,True,False
EMPLOYEE,31,UPDATE_DATE,datetime,8,23,3,True,False
EMPLOYEE,32,NAME_MAKE,nvarchar,400,0,0,True,False
FeeControl,1,FeeID,int,4,10,0,False,True
FeeControl,2,FeeName,nvarchar,100,0,0,False,False
FeeControl,3,FeeAmount,decimal,9,18,2,False,False
FeeControl,4,FeeType,nvarchar,40,0,0,False,False
FeeControl,5,EffectiveDate,date,3,10,0,True,False
FeeControl,6,ExpiryDate,date,3,10,0,True,False
FeeControl,7,Description,nvarchar,510,0,0,True,False
GUARANTOR,1,GUAR_ID,int,4,10,0,False,True
GUARANTOR,2,APP_ID,int,4,10,0,True,False
GUARANTOR,3,STATUS_ID,int,4,10,0,True,False
GUARANTOR,4,CONTRACT_ID,int,4,10,0,True,False
GUARANTOR,5,PREFIX,nvarchar,6,0,0,True,False
GUARANTOR,6,PREFIX_OTHER,nvarchar,60,0,0,True,False
GUARANTOR,7,FIRST_NAME,nvarchar,200,0,0,True,False
GUARANTOR,8,LAST_NAME,nvarchar,200,0,0,True,False
GUARANTOR,9,SEX,nvarchar,6,0,0,True,False
GUARANTOR,10,MARITAL_STATUS,nvarchar,4,0,0,True,False
GUARANTOR,11,BIRTHDAY,date,3,10,0,True,False
GUARANTOR,12,AGE,int,4,10,0,True,False
GUARANTOR,13,TAX_ID,nvarchar,26,0,0,True,False
GUARANTOR,14,REGIS_TAX_DATE,date,3,10,0,True,False
GUARANTOR,15,EXPIRE_TAX_DATE,date,3,10,0,True,False
GUARANTOR,16,PHONE,nvarchar,24,0,0,True,False
GUARANTOR,17,MOBILE,nvarchar,24,0,0,True,False
GUARANTOR,18,EMAIL,nvarchar,100,0,0,True,False
GUARANTOR,19,LINEID,nvarchar,100,0,0,True,False
GUARANTOR,20,FACEBOOK,nvarchar,300,0,0,True,False
GUARANTOR,21,OCCUPATION_ID,int,4,10,0,True,False
GUARANTOR,22,OFFICE_NAME,nvarchar,300,0,0,True,False
GUARANTOR,23,OFFICE_POSITION,nvarchar,300,0,0,True,False
GUARANTOR,24,WORK_YEAR,int,4,10,0,True,False
GUARANTOR,25,WORK_MONTH,int,4,10,0,True,False
GUARANTOR,26,MAIN_INCOME,float,8,53,0,True,False
GUARANTOR,27,EXTRA_INCOME,float,8,53,0,True,False
GUARANTOR,28,OFFICE_PHONE,nvarchar,100,0,0,True,False
GUARANTOR,29,RELATION_REF,int,4,10,0,True,False
GUARANTOR,30,RELATION_REF_DES,nvarchar,200,0,0,True,False
GUARANTOR,31,IDCARD_FILE,nvarchar,-1,0,0,True,False
GUARANTOR,32,SLIP_FILE,nvarchar,-1,0,0,True,False
GUARANTOR,33,STATEMENT_FILE,nvarchar,-1,0,0,True,False
GUARANTOR,34,OTHER_FILE,nvarchar,-1,0,0,True,False
GUARANTOR,35,DS_GUAR,nvarchar,-1,0,0,True,False
GUARANTOR,36,DS_GUAR_PDPA,nvarchar,-1,0,0,True,False
GUARANTOR,37,RESULT_GUARANTOR,nvarchar,100,0,0,True,False
GUARANTOR,38,ACTIVE_STATUS,bit,1,1,0,True,False
GUARANTOR,39,PST_GUAR_ID,int,4,10,0,True,False
GUARANTOR,40,CREATE_DATE,datetime,8,23,3,True,False
GUARANTOR,41,UPDATE_DATE,datetime,8,23,3,True,False
GUARANTOR,42,NAME_MAKE,nvarchar,400,0,0,True,False
GUARANTOR,43,SOURCE_INCOME_ID,int,4,10,0,True,False
GUARANTOR_ATTACHMENT,1,ATTACH_ID,int,4,10,0,False,True
GUARANTOR_ATTACHMENT,2,PST_GUAR_ID,int,4,10,0,True,False
GUARANTOR_ATTACHMENT,3,GUAR_ID,int,4,10,0,True,False
GUARANTOR_ATTACHMENT,4,ATTACH_FILE,nvarchar,-1,0,0,True,False
GUARANTOR_ATTACHMENT,5,CREATE_BY,nvarchar,200,0,0,True,False
GUARANTOR_ATTACHMENT,6,CREATE_DATE,datetime,8,23,3,True,False
GUARANTOR_ATTACHMENT,7,UPDATE_BY,nvarchar,200,0,0,True,False
GUARANTOR_ATTACHMENT,8,UPDATE_DATE,datetime,8,23,3,True,False
HCTI,1,id,int,4,10,0,False,True
HCTI,2,quotationID,int,4,10,0,True,False
HCTI,3,ContractNumber,int,4,10,0,True,False
HCTI,4,instno,decimal,5,6,0,True,False
HCTI,5,duedate,datetime,8,23,3,True,False
HCTI,6,priamt,decimal,9,13,2,True,False
HCTI,7,vatamt,decimal,9,13,2,True,False
HCTI,8,intamt,decimal,9,13,2,True,False
HCTI,9,eir_priamt,decimal,9,13,2,True,False
HCTI,10,eir_intamt,decimal,9,13,2,True,False
HCTI,11,eir_priamt_remain,decimal,9,13,2,True,False
HCTI,12,eir_intamt_remain,decimal,9,13,2,True,False
HCTI,13,intdiscount,decimal,9,13,2,True,False
HCTI,14,totamt,decimal,9,13,2,True,False
HCTI,15,instbal,decimal,9,13,2,True,False
HCTI,16,vatbal,decimal,9,13,2,True,False
HCTI,17,lastpaydate,datetime,8,23,3,True,False
HCTI,18,lastpayno,decimal,5,7,0,True,False
HCTI,19,InvoiceId,nvarchar,40,0,0,True,False
HCTI,20,is_gen_vat,bit,1,1,0,True,False
HCTI,21,is_close_contract,bit,1,1,0,True,False
HCTI,22,optional1,nvarchar,510,0,0,True,False
HISTORY_CALCULATE_CLOSE_CONTRACT,1,ID,bigint,8,19,0,False,True
HISTORY_CALCULATE_CLOSE_CONTRACT,2,APP_ID,int,4,10,0,True,False
HISTORY_CALCULATE_CLOSE_CONTRACT,3,CONTRACT_ID,int,4,10,0,True,False
HISTORY_CALCULATE_CLOSE_CONTRACT,4,REPAY_ID,int,4,10,0,True,False
HISTORY_CALCULATE_CLOSE_CONTRACT,5,CONTRACT_NUMBER,nvarchar,40,0,0,True,False
HISTORY_CALCULATE_CLOSE_CONTRACT,6,CUSTOMER_NAME,nvarchar,400,0,0,True,False
HISTORY_CALCULATE_CLOSE_CONTRACT,7,INSTALL_PAY_NUM,int,4,10,0,True,False
HISTORY_CALCULATE_CLOSE_CONTRACT,8,INSTALL_PAY_AMT,float,8,53,0,True,False
HISTORY_CALCULATE_CLOSE_CONTRACT,9,INSTALL_OSD_NUM01,int,4,10,0,True,False
HISTORY_CALCULATE_CLOSE_CONTRACT,10,INSTALL_OSD_NUM02,int,4,10,0,True,False
HISTORY_CALCULATE_CLOSE_CONTRACT,11,INSTALL_OSD_NUM_SUM,int,4,10,0,True,False
HISTORY_CALCULATE_CLOSE_CONTRACT,12,INSTALL_OSD_AMT,float,8,53,0,True,False
HISTORY_CALCULATE_CLOSE_CONTRACT,13,DISCOUNT_AMT,float,8,53,0,True,False
HISTORY_CALCULATE_CLOSE_CONTRACT,14,PENALTY_AMT,float,8,53,0,True,False
HISTORY_CALCULATE_CLOSE_CONTRACT,15,COLLECT_AMT,float,8,53,0,True,False
HISTORY_CALCULATE_CLOSE_CONTRACT,16,OUTSTAND_AMT,float,8,53,0,True,False
HISTORY_CALCULATE_CLOSE_CONTRACT,17,OUTSTAND_VAT,float,8,53,0,True,False
HISTORY_CALCULATE_CLOSE_CONTRACT,18,OUTSTAND_SUM_TOTAL,float,8,53,0,True,False
HISTORY_CALCULATE_CLOSE_CONTRACT,19,OUTSTAND_INTERREST,float,8,53,0,True,False
HISTORY_CALCULATE_CLOSE_CONTRACT,20,OUTSTAND_INS_MARGIN,float,8,53,0,True,False
HISTORY_CALCULATE_CLOSE_CONTRACT,21,CREATE_BY,nvarchar,400,0,0,True,False
HISTORY_CALCULATE_CLOSE_CONTRACT,22,CREATE_DATE,date,3,10,0,True,False
HISTORY_CALULATE_TERMINATE,1,ID,bigint,8,19,0,False,True
HISTORY_CALULATE_TERMINATE,2,CONTRACT_ID,int,4,10,0,True,False
HISTORY_CALULATE_TERMINATE,3,CONTRACT_NUMBER,nvarchar,40,0,0,True,False
HISTORY_CALULATE_TERMINATE,4,CUSTOMER_NAME,nvarchar,400,0,0,True,False
HISTORY_CALULATE_TERMINATE,5,CATEGORY_NAME,nvarchar,400,0,0,True,False
HISTORY_CALULATE_TERMINATE,6,BRAND_NAME,nvarchar,400,0,0,True,False
HISTORY_CALULATE_TERMINATE,7,SERIES_NAME,nvarchar,400,0,0,True,False
HISTORY_CALULATE_TERMINATE,8,SUB_SERIES_NAME,nvarchar,400,0,0,True,False
HISTORY_CALULATE_TERMINATE,9,MODEL_NUMBER,nvarchar,400,0,0,True,False
HISTORY_CALULATE_TERMINATE,10,SERIAL_NUMBER,nvarchar,400,0,0,True,False
HISTORY_CALULATE_TERMINATE,11,ACS_DES,nvarchar,400,0,0,True,False
HISTORY_CALULATE_TERMINATE,12,HP_VAT_SUM,float,8,53,0,True,False
HISTORY_CALULATE_TERMINATE,13,HP_VAT_SUM_TEXT,nvarchar,2048,0,0,True,False
HISTORY_CALULATE_TERMINATE,14,INSTALL_SUM_FINAL,float,8,53,0,True,False
HISTORY_CALULATE_TERMINATE,15,INSTALL_SUM_FINAL_TEXT,nvarchar,2048,0,0,True,False
HISTORY_CALULATE_TERMINATE,16,INSTALL_NUM,int,4,10,0,True,False
HISTORY_CALULATE_TERMINATE,17,TH_DATE_NOW,nvarchar,100,0,0,True,False
HISTORY_CALULATE_TERMINATE,18,TH_DATE_CONTRACT,nvarchar,100,0,0,True,False
HISTORY_CALULATE_TERMINATE,19,TH_DATE_FRIST_PAY,nvarchar,100,0,0,True,False
HISTORY_CALULATE_TERMINATE,20,DUE_DAY,int,4,10,0,True,False
HISTORY_CALULATE_TERMINATE,21,APP_ID,int,4,10,0,True,False
HISTORY_CALULATE_TERMINATE,22,Install_Num_Final,int,4,10,0,True,False
HISTORY_CALULATE_TERMINATE,23,Install_AMT,float,8,53,0,True,False
HISTORY_CALULATE_TERMINATE,24,Install_PAY,int,4,10,0,True,False
HISTORY_CALULATE_TERMINATE,25,SUM_PAY_AMT,float,8,53,0,True,False
HISTORY_CALULATE_TERMINATE,26,Install_OD_01,nvarchar,6,0,0,True,False
HISTORY_CALULATE_TERMINATE,27,Install_OD_02,nvarchar,6,0,0,True,False
HISTORY_CALULATE_TERMINATE,28,Install_OD_Sum,nvarchar,6,0,0,True,False
HISTORY_CALULATE_TERMINATE,29,SUM_OD_AMT,float,8,53,0,True,False
HISTORY_CALULATE_TERMINATE,30,PENALTY_OD,float,8,53,0,True,False
HISTORY_CALULATE_TERMINATE,31,COLLECT_OD,float,8,53,0,True,False
HISTORY_CALULATE_TERMINATE,32,SUM_OD_Total,float,8,53,0,True,False
HISTORY_CALULATE_TERMINATE,33,Install_Current,nvarchar,6,0,0,True,False
HISTORY_CALULATE_TERMINATE,34,Install_OUTSTAND,nvarchar,6,0,0,True,False
HISTORY_CALULATE_TERMINATE,35,SUM_OUTSTAND,float,8,53,0,True,False
HISTORY_CALULATE_TERMINATE,36,SUM_OUTSTAND_Total,float,8,53,0,True,False
HISTORY_CALULATE_TERMINATE,37,SUM_PAY_AMT_TEXT,nvarchar,2048,0,0,True,False
HISTORY_CALULATE_TERMINATE,38,SUM_OD_AMT_TEXT,nvarchar,2048,0,0,True,False
HISTORY_CALULATE_TERMINATE,39,SUM_OD_Total_TEXT,nvarchar,2048,0,0,True,False
HISTORY_CALULATE_TERMINATE,40,SUM_OUTSTAND_Total_TEXT,nvarchar,2048,0,0,True,False
HISTORY_GENERATE,1,HIS_GEN_ID,int,4,10,0,False,True
HISTORY_GENERATE,2,CUST_CARD_ID,int,4,10,0,True,False
HISTORY_GENERATE,3,CREATE_FROM,varchar,50,0,0,True,False
HISTORY_GENERATE,4,CREATE_DATE,datetime,8,23,3,True,False
HISTORY_GENERATE,5,CREATE_BY,varchar,50,0,0,True,False
HISTORY_GENERATE,6,CREATE_BY_NAME,varchar,50,0,0,True,False
HISTORY_RETURN_ASSETS,1,HISTY_RETURN_ID,int,4,10,0,False,True
HISTORY_RETURN_ASSETS,2,CONTRACT_ID,int,4,10,0,True,False
HISTORY_RETURN_ASSETS,3,HISTY_TYPE,nvarchar,100,0,0,True,False
HISTORY_RETURN_ASSETS,4,HISTY_DATE,date,3,10,0,True,False
HISTORY_RETURN_ASSETS,5,HISTY_NAME,nvarchar,200,0,0,True,False
HISTORY_RETURN_ASSETS,6,STATUS_ID,int,4,10,0,True,False
HISTORY_RETURN_ASSETS,7,MEMO,nvarchar,-1,0,0,True,False
HISTORY_RQ_REJECT_APP,1,RQ_REJECT_ID,int,4,10,0,False,True
HISTORY_RQ_REJECT_APP,2,APP_ID,int,4,10,0,True,False
HISTORY_RQ_REJECT_APP,3,APPLIACTION_NUMBER,nvarchar,40,0,0,True,False
HISTORY_RQ_REJECT_APP,4,RQ_TYPE,nvarchar,40,0,0,True,False
HISTORY_RQ_REJECT_APP,5,RQ_DATE,date,3,10,0,True,False
HISTORY_RQ_REJECT_APP,6,RQ_BY,nvarchar,100,0,0,True,False
HISTORY_RQ_REJECT_APP,7,MEMO,nvarchar,-1,0,0,True,False
HISTORY_RQ_REJECT_APP,8,REJECT_BY,nvarchar,100,0,0,True,False
HISTORY_RQ_REJECT_APP,9,REJECT_DATE,date,3,10,0,True,False
HISTORY_RQ_REJECT_APP,10,Reject_Type,int,4,10,0,True,False
HISTORY_RQ_REJECT_APP,11,Reject_Type_Des,nvarchar,200,0,0,True,False
HPAP_CUST_BALANCE,1,SEQ_ID,int,4,10,0,False,False
HPAP_CUST_BALANCE,2,CONTRACT_NO,nvarchar,50,0,0,True,False
HPAP_CUST_BALANCE,3,CONTRACT_STATUS,int,4,10,0,True,False
HPAP_CUST_BALANCE,4,LOG_DATETIME,datetime,8,23,3,True,False
HPAP_CUST_BALANCE,5,CIF_PERSON_ID,int,4,10,0,True,False
HPAP_CUST_BALANCE,6,CARD_NO,nvarchar,30,0,0,True,False
HPAP_CUST_BALANCE,7,INSTALMENT_NUM,int,4,10,0,True,False
HPAP_CUST_BALANCE,8,INSTALMENT_AMT,float,8,53,0,True,False
HPAP_CUST_BALANCE,9,LATE_FEE,float,8,53,0,True,False
HPAP_CUST_BALANCE,10,BILLING_AMT,float,8,53,0,True,False
HPAP_CUST_BALANCE,11,DUE_DATE,datetime,8,23,3,True,False
HPAP_CUST_BALANCE,12,OS_BALANCE_AMT,float,8,53,0,True,False
HPAP_CUST_CONTRACT,1,SEQ_ID,int,4,10,0,False,False
HPAP_CUST_CONTRACT,2,CONTRACT_NO,nvarchar,50,0,0,True,False
HPAP_CUST_CONTRACT,3,TOTAL_INSTALMENTS,int,4,10,0,True,False
HPAP_CUST_CONTRACT,4,CONTRACT_START_DATE,datetime,8,23,3,True,False
HPAP_CUST_CONTRACT,5,CONTRACT_END_DATE,datetime,8,23,3,True,False
HPAP_CUST_CONTRACT,6,PAYMENT_DUEDAY,int,4,10,0,True,False
HPAP_CUST_CONTRACT,7,INSTALMENT_AMT,float,8,53,0,True,False
HPAP_CUST_CONTRACT,8,CIF_PERSON_ID,int,4,10,0,True,False
HPAP_CUST_CONTRACT,9,CARD_ID,nvarchar,40,0,0,True,False
HPAP_CUST_CONTRACT,10,PRODUCT_BRAND,nvarchar,30,0,0,True,False
HPAP_CUST_CONTRACT,11,PRODUCT_SERIES,nvarchar,30,0,0,True,False
HPAP_CUST_CONTRACT,12,PRODUCT_SUB_SERIES,nvarchar,30,0,0,True,False
HPAP_CUST_CONTRACT,13,PRODUCT_COLOR,nvarchar,30,0,0,True,False
HPAP_CUST_CONTRACT,14,APPL_NO,nvarchar,50,0,0,True,False
HPAP_CUSTOMER_DETL,1,SEQ_ID,int,4,10,0,False,False
HPAP_CUSTOMER_DETL,2,CARD_ID,nvarchar,40,0,0,False,False
HPAP_CUSTOMER_DETL,3,CARD_TYPE,nvarchar,2,0,0,True,False
HPAP_CUSTOMER_DETL,4,CUST_TYPE,nvarchar,6,0,0,True,False
HPAP_CUSTOMER_DETL,5,MARITAL_STATUS,nvarchar,2,0,0,True,False
HPAP_CUSTOMER_DETL,6,NO_OF_CHILDREN,int,4,10,0,True,False
HPAP_CUSTOMER_DETL,7,NO_OF_CHILDREN_STUDY,int,4,10,0,True,False
HPAP_CUSTOMER_DETL,8,DRIVER_LICENSE_TYPE,nvarchar,2,0,0,True,False
HPAP_CUSTOMER_DETL,9,SPOUSE_FULL_NAME,nvarchar,400,0,0,True,False
HPAP_CUSTOMER_DETL,10,OTHER_INCOME_SOURCE,nvarchar,200,0,0,True,False
HPAP_CUSTOMER_DETL,11,OCCUPATION_CODE,nvarchar,20,0,0,True,False
HPAP_CUSTOMER_DETL,12,OCCUPATION_POSITION,nvarchar,60,0,0,True,False
HPAP_CUSTOMER_DETL,13,OCCUPATION_PLACE,nvarchar,60,0,0,True,False
HPAP_CUSTOMER_DETL,14,OCCUPATION_YEAR,int,4,10,0,True,False
HPAP_CUSTOMER_DETL,15,OCCUPATION_MONTH,int,4,10,0,True,False
HPAP_CUSTOMER_DETL,16,INCOME_MONTHLY,numeric,9,11,2,True,False
HPAP_CUSTOMER_DETL,17,INCOME_OTHER,numeric,9,11,2,True,False
HPAP_CUSTOMER_DETL,18,EXPENSE_MONTHLY,numeric,9,11,2,True,False
HPAP_CUSTOMER_DETL,19,EXPENSE_OTHER,numeric,9,11,2,True,False
HPAP_CUSTOMER_DETL,20,INCOME_NET,numeric,9,11,2,True,False
HPAP_CUSTOMER_DETL,21,REG_ADDR_NO,nvarchar,40,0,0,True,False
HPAP_CUSTOMER_DETL,22,REG_ADDR_MOO,nvarchar,40,0,0,True,False
HPAP_CUSTOMER_DETL,23,REG_ADDR_VILLAGE,nvarchar,200,0,0,True,False
HPAP_CUSTOMER_DETL,24,REG_ADDR_BUILDING,nvarchar,100,0,0,True,False
HPAP_CUSTOMER_DETL,25,REG_ADDR_FLOOR,nvarchar,10,0,0,True,False
HPAP_CUSTOMER_DETL,26,REG_ADDR_ROOM_NO,nvarchar,30,0,0,True,False
HPAP_CUSTOMER_DETL,27,REG_ADDR_SOI,nvarchar,100,0,0,True,False
HPAP_CUSTOMER_DETL,28,REG_ADDR_ROAD,nvarchar,100,0,0,True,False
HPAP_CUSTOMER_DETL,29,REG_ADDR_SUBDISTRICT,nvarchar,30,0,0,True,False
HPAP_CUSTOMER_DETL,30,REG_ADDR_DISTRICT,nvarchar,30,0,0,True,False
HPAP_CUSTOMER_DETL,31,REG_ADDR_PROVINCE,nvarchar,30,0,0,True,False
HPAP_CUSTOMER_DETL,32,REG_ADDR_POSTCODE,nvarchar,30,0,0,True,False
HPAP_CUSTOMER_DETL,33,REG_TELNO,nvarchar,60,0,0,True,False
HPAP_CUSTOMER_DETL,34,REG_ADDR_LAT,numeric,9,10,6,True,False
HPAP_CUSTOMER_DETL,35,REG_ADDR_LON,numeric,9,10,6,True,False
HPAP_CUSTOMER_DETL,36,CUR_SAME_FLG,nvarchar,2,0,0,True,False
HPAP_CUSTOMER_DETL,37,CUR_ADDR_NO,nvarchar,40,0,0,True,False
HPAP_CUSTOMER_DETL,38,CUR_ADDR_MOO,nvarchar,40,0,0,True,False
HPAP_CUSTOMER_DETL,39,CUR_ADDR_VILLAGE,nvarchar,200,0,0,True,False
HPAP_CUSTOMER_DETL,40,CUR_ADDR_BUILDING,nvarchar,100,0,0,True,False
HPAP_CUSTOMER_DETL,41,CUR_ADDR_FLOOR,nvarchar,10,0,0,True,False
HPAP_CUSTOMER_DETL,42,CUR_ADDR_ROOM_NO,nvarchar,30,0,0,True,False
HPAP_CUSTOMER_DETL,43,CUR_ADDR_SOI,nvarchar,100,0,0,True,False
HPAP_CUSTOMER_DETL,44,CUR_ADDR_ROAD,nvarchar,100,0,0,True,False
HPAP_CUSTOMER_DETL,45,CUR_ADDR_SUBDISTRICT,nvarchar,30,0,0,True,False
HPAP_CUSTOMER_DETL,46,CUR_ADDR_DISTRICT,nvarchar,30,0,0,True,False
HPAP_CUSTOMER_DETL,47,CUR_ADDR_PROVINCE,nvarchar,30,0,0,True,False
HPAP_CUSTOMER_DETL,48,CUR_ADDR_POSTCODE,nvarchar,30,0,0,True,False
HPAP_CUSTOMER_DETL,49,CUR_TELNO,nvarchar,60,0,0,True,False
HPAP_CUSTOMER_DETL,50,CUR_ADDR_LAT,numeric,9,10,6,True,False
HPAP_CUSTOMER_DETL,51,CUR_ADDR_LON,numeric,9,10,6,True,False
HPAP_CUSTOMER_DETL,52,CUR_ADDR_LIVEYEAR,int,4,10,0,True,False
HPAP_CUSTOMER_DETL,53,CUR_ADDR_LIVEMONTH,int,4,10,0,True,False
HPAP_CUSTOMER_DETL,54,WRK_SAME_FLG,nvarchar,2,0,0,True,False
HPAP_CUSTOMER_DETL,55,WRK_ADDR_NO,nvarchar,40,0,0,True,False
HPAP_CUSTOMER_DETL,56,WRK_ADDR_MOO,nvarchar,40,0,0,True,False
HPAP_CUSTOMER_DETL,57,WRK_ADDR_VILLAGE,nvarchar,200,0,0,True,False
HPAP_CUSTOMER_DETL,58,WRK_ADDR_BUILDING,nvarchar,100,0,0,True,False
HPAP_CUSTOMER_DETL,59,WRK_ADDR_FLOOR,nvarchar,10,0,0,True,False
HPAP_CUSTOMER_DETL,60,WRK_ADDR_ROOM_NO,nvarchar,30,0,0,True,False
HPAP_CUSTOMER_DETL,61,WRK_ADDR_SOI,nvarchar,100,0,0,True,False
HPAP_CUSTOMER_DETL,62,WRK_ADDR_ROAD,nvarchar,100,0,0,True,False
HPAP_CUSTOMER_DETL,63,WRK_ADDR_SUBDISTRICT,nvarchar,30,0,0,True,False
HPAP_CUSTOMER_DETL,64,WRK_ADDR_DISTRICT,nvarchar,30,0,0,True,False
HPAP_CUSTOMER_DETL,65,WRK_ADDR_PROVINCE,nvarchar,30,0,0,True,False
HPAP_CUSTOMER_DETL,66,WRK_ADDR_POSTCODE,nvarchar,30,0,0,True,False
HPAP_CUSTOMER_DETL,67,WRK_TELNO,nvarchar,60,0,0,True,False
HPAP_CUSTOMER_DETL,68,WRK_FAXNO,nvarchar,60,0,0,True,False
HPAP_CUSTOMER_DETL,69,WRK_ADDR_LAT,numeric,9,10,6,True,False
HPAP_CUSTOMER_DETL,70,WRK_ADDR_LON,numeric,9,10,6,True,False
HPAP_CUSTOMER_DETL,71,CON_SAME_FLG,nvarchar,2,0,0,True,False
HPAP_CUSTOMER_DETL,72,CON_ADDR_NO,nvarchar,40,0,0,True,False
HPAP_CUSTOMER_DETL,73,CON_ADDR_MOO,nvarchar,40,0,0,True,False
HPAP_CUSTOMER_DETL,74,CON_ADDR_VILLAGE,nvarchar,200,0,0,True,False
HPAP_CUSTOMER_DETL,75,CON_ADDR_BUILDING,nvarchar,100,0,0,True,False
HPAP_CUSTOMER_DETL,76,CON_ADDR_FLOOR,nvarchar,10,0,0,True,False
HPAP_CUSTOMER_DETL,77,CON_ADDR_ROOM_NO,nvarchar,30,0,0,True,False
HPAP_CUSTOMER_DETL,78,CON_ADDR_SOI,nvarchar,100,0,0,True,False
HPAP_CUSTOMER_DETL,79,CON_ADDR_ROAD,nvarchar,100,0,0,True,False
HPAP_CUSTOMER_DETL,80,CON_ADDR_SUBDISTRICT,nvarchar,30,0,0,True,False
HPAP_CUSTOMER_DETL,81,CON_ADDR_DISTRICT,nvarchar,30,0,0,True,False
HPAP_CUSTOMER_DETL,82,CON_ADDR_PROVINCE,nvarchar,30,0,0,True,False
HPAP_CUSTOMER_DETL,83,CON_ADDR_POSTCODE,nvarchar,30,0,0,True,False
HPAP_CUSTOMER_DETL,84,CON_TELNO,nvarchar,60,0,0,True,False
HPAP_CUSTOMER_DETL,85,CON_ADDR_LAT,numeric,9,10,6,True,False
HPAP_CUSTOMER_DETL,86,CON_ADDR_LON,numeric,9,10,6,True,False
HPAP_CUSTOMER_DETL,87,CUST_SCORE_PATTERN,nvarchar,30,0,0,True,False
HPAP_CUSTOMER_DETL,88,CUST_SCORE,int,4,10,0,True,False
HPAP_CUSTOMER_DETL,89,CUST_SCORE_DATE,datetime,8,23,3,True,False
HPAP_CUSTOMER_DETL,90,CUST_SCORE_GRADE,nvarchar,10,0,0,True,False
HPAP_CUSTOMER_DETL,91,INSTALLMENT_AMT,numeric,9,11,2,True,False
HPAP_CUSTOMER_DETL,92,INSTALLMENT_TERM,int,4,10,0,True,False
HPAP_CUSTOMER_DETL,93,SCORE_PATTERN,nvarchar,30,0,0,True,False
HPAP_CUSTOMER_DETL,94,MARKETING_SCORE,int,4,10,0,True,False
HPAP_CUSTOMER_DETL,95,CREATE_BY,nvarchar,100,0,0,True,False
HPAP_CUSTOMER_DETL,96,CREATE_DATE,datetime,8,23,3,True,False
HPAP_CUSTOMER_DETL,97,UPDATE_BY,nvarchar,100,0,0,True,False
HPAP_CUSTOMER_DETL,98,UPDATE_DATE,datetime,8,23,3,True,False
HPAP_CUSTOMER_DETL,99,CIF_CUST_ID,int,4,10,0,True,False
HPAP_CUSTOMER_MAST,1,SEQ_ID,int,4,10,0,False,False
HPAP_CUSTOMER_MAST,2,CARD_ID,nvarchar,40,0,0,True,False
HPAP_CUSTOMER_MAST,3,CARD_TYPE,nvarchar,2,0,0,True,False
HPAP_CUSTOMER_MAST,4,CARD_NATION,nvarchar,20,0,0,True,False
HPAP_CUSTOMER_MAST,5,CUST_TYPE,nvarchar,6,0,0,True,False
HPAP_CUSTOMER_MAST,6,TITLE_CODE,nvarchar,30,0,0,True,False
HPAP_CUSTOMER_MAST,7,TITLE_DESC,nvarchar,510,0,0,True,False
HPAP_CUSTOMER_MAST,8,FIRST_NAME,nvarchar,510,0,0,True,False
HPAP_CUSTOMER_MAST,9,LAST_NAME,nvarchar,510,0,0,True,False
HPAP_CUSTOMER_MAST,10,BIRTH_DATE,datetime,8,23,3,True,False
HPAP_CUSTOMER_MAST,11,SEX,nvarchar,2,0,0,True,False
HPAP_CUSTOMER_MAST,12,EMAIL_ADDRESS,nvarchar,510,0,0,True,False
HPAP_CUSTOMER_MAST,13,COUNTRY_CODE_MOBILE1,nvarchar,20,0,0,True,False
HPAP_CUSTOMER_MAST,14,MOBILE1_NO,nvarchar,30,0,0,True,False
HPAP_CUSTOMER_MAST,15,COUNTRY_CODE_MOBILE2,nvarchar,20,0,0,True,False
HPAP_CUSTOMER_MAST,16,MOBILE2_NO,nvarchar,30,0,0,True,False
HPAP_CUSTOMER_MAST,17,TEL_NO,nvarchar,60,0,0,True,False
HPAP_CUSTOMER_MAST,18,CUST_REMARK,nvarchar,2000,0,0,True,False
HPAP_CUSTOMER_MAST,19,EXPIRY_DATE,datetime,8,23,3,True,False
HPAP_CUSTOMER_MAST,20,NICK_NAME,nvarchar,100,0,0,True,False
HPAP_CUSTOMER_MAST,21,CREATE_BY,nvarchar,100,0,0,True,False
HPAP_CUSTOMER_MAST,22,CREATE_DATE,datetime,8,23,3,True,False
HPAP_CUSTOMER_MAST,23,UPDATE_BY,nvarchar,100,0,0,True,False
HPAP_CUSTOMER_MAST,24,UPDATE_DATE,datetime,8,23,3,True,False
HPAP_CUSTOMER_MAST,25,CIF_CUST_ID,int,4,10,0,True,False
HPAP_CUSTOMER_SOCIAL,1,SEQ_ID,int,4,10,0,False,False
HPAP_CUSTOMER_SOCIAL,2,CARD_ID,nvarchar,40,0,0,False,False
HPAP_CUSTOMER_SOCIAL,3,SOCIAL_CODE,nvarchar,30,0,0,True,False
HPAP_CUSTOMER_SOCIAL,4,ACCOUNT_NAME,nvarchar,200,0,0,True,False
HPAP_CUSTOMER_SOCIAL,5,CREATE_BY,nvarchar,100,0,0,True,False
HPAP_CUSTOMER_SOCIAL,6,CREATE_DATE,datetime,8,23,3,True,False
HPAP_CUSTOMER_SOCIAL,7,UPDATE_BY,nvarchar,100,0,0,True,False
HPAP_CUSTOMER_SOCIAL,8,UPDATE_DATE,datetime,8,23,3,True,False
HPAP_CUSTOMER_SOCIAL,9,CIF_CUST_ID,int,4,10,0,True,False
IMAGE_FILE,1,IMAGE_ID,int,4,10,0,False,True
IMAGE_FILE,2,APP_ID,int,4,10,0,True,False
IMAGE_FILE,3,PERSON_ID,int,4,10,0,True,False
IMAGE_FILE,4,CONTRACT_ID,int,4,10,0,True,False
IMAGE_FILE,5,CTA_ID,int,4,10,0,True,False
IMAGE_FILE,6,CARD_CODE_FILE,nvarchar,-1,0,0,True,False
IMAGE_FILE,7,STUDENT_CARD_FILE,nvarchar,-1,0,0,True,False
IMAGE_FILE,8,FACE_PERSON,nvarchar,-1,0,0,True,False
IMAGE_FILE,9,CONSENT_FILE,nvarchar,-1,0,0,True,False
IMAGE_FILE,10,STATEMENT_FILE,nvarchar,-1,0,0,True,False
IMAGE_FILE,11,BANK_STATE_FILE,nvarchar,-1,0,0,True,False
IMAGE_FILE,12,SLIP_FILE,nvarchar,-1,0,0,True,False
IMAGE_FILE,13,ADR_MAP,nvarchar,-1,0,0,True,False
IMAGE_FILE,14,PRODUCT_SERIAL,nvarchar,-1,0,0,True,False
IMAGE_FILE,15,DOWN_PAYMENT,nvarchar,-1,0,0,True,False
IMAGE_FILE,16,CUSTOMER_DELIVER,nvarchar,-1,0,0,True,False
IMAGE_FILE,17,RETURN_ASSETS01,nvarchar,-1,0,0,True,False
IMAGE_FILE,18,RETURN_ASSETS02,nvarchar,-1,0,0,True,False
IMAGE_FILE,19,RETURN_ASSETS_SERIAL,nvarchar,-1,0,0,True,False
IMAGE_FILE,20,RETURN_DELIVER,nvarchar,-1,0,0,True,False
IMAGE_FILE,21,QUOTATION_ID,int,4,10,0,True,False
IMAGE_FILE,22,BANK_STATE_FILE_SECOND,nvarchar,-1,0,0,True,False
IMAGE_FILE,23,BANK_STATE_FILE_THIRD,nvarchar,-1,0,0,True,False
IMAGE_FILE,24,BANK_STATE_FILE_FOURTH,nvarchar,-1,0,0,True,False
IMAGE_FILE,25,TRADE_IN_IMAGE,nvarchar,-1,0,0,True,False
IMAGE_FILE,26,SIM_IMAGE,nvarchar,-1,0,0,True,False
IMAGE_FILE,27,SLIP_DOWN_IMAGE,nvarchar,-1,0,0,True,False
IMAGE_FILE,44,CARD_CODE_FILE_PATH,varchar,2000,0,0,True,False
IMAGE_FILE,45,STUDENT_CARD_FILE_PATH,varchar,2000,0,0,True,False
IMAGE_FILE,46,FACE_PERSON_PATH,varchar,2000,0,0,True,False
IMAGE_FILE,47,BANK_STATE_FILE_PATH,varchar,2000,0,0,True,False
IMAGE_FILE,48,BANK_STATE_FILE_SECOND_PATH,varchar,2000,0,0,True,False
IMAGE_FILE,49,BANK_STATE_FILE_THIRD_PATH,varchar,2000,0,0,True,False
IMAGE_FILE,50,BANK_STATE_FILE_FOURTH_PATH,varchar,2000,0,0,True,False
IMAGE_FILE,51,TRADE_IN_IMAGE_PATH,varchar,2000,0,0,True,False
IMAGE_FILE,52,SIM_IMAGE_PATH,varchar,2000,0,0,True,False
IMAGE_FILE,53,SLIP_DOWN_IMAGE_PATH,varchar,2000,0,0,True,False
IMAGE_FILE,54,PRODUCT_SERIAL_PATH,varchar,2000,0,0,True,False
IMAGE_FILE,55,CUSTOMER_DELIVER_PATH,varchar,2000,0,0,True,False
IMAGE_FILE,56,RETURN_ASSETS01_PATH,varchar,2000,0,0,True,False
IMAGE_FILE,57,RETURN_ASSETS02_PATH,varchar,2000,0,0,True,False
IMAGE_FILE,58,RETURN_ASSETS_SERIAL_PATH,varchar,2000,0,0,True,False
IMAGE_FILE,59,RETURN_DELIVER_PATH,varchar,2000,0,0,True,False
IMAGE_FILE,60,MEDIA_ADJUSTED,int,4,10,0,True,False
IMAGE_FILE_Recovery,1,IMAGE_ID,int,4,10,0,True,False
IMAGE_FILE_Recovery,2,APP_ID,int,4,10,0,True,False
IMAGE_FILE_Recovery,3,PERSON_ID,int,4,10,0,True,False
IMAGE_FILE_Recovery,4,CONTRACT_ID,int,4,10,0,True,False
IMAGE_FILE_Recovery,5,CTA_ID,int,4,10,0,True,False
IMAGE_FILE_Recovery,6,CARD_CODE_FILE,nvarchar,-1,0,0,True,False
IMAGE_FILE_Recovery,7,STUDENT_CARD_FILE,nvarchar,-1,0,0,True,False
IMAGE_FILE_Recovery,8,FACE_PERSON,nvarchar,-1,0,0,True,False
IMAGE_FILE_Recovery,9,CONSENT_FILE,nvarchar,-1,0,0,True,False
IMAGE_FILE_Recovery,10,STATEMENT_FILE,nvarchar,-1,0,0,True,False
IMAGE_FILE_Recovery,11,BANK_STATE_FILE,nvarchar,-1,0,0,True,False
IMAGE_FILE_Recovery,12,SLIP_FILE,nvarchar,-1,0,0,True,False
IMAGE_FILE_Recovery,13,ADR_MAP,nvarchar,-1,0,0,True,False
IMAGE_FILE_Recovery,14,PRODUCT_SERIAL,nvarchar,-1,0,0,True,False
IMAGE_FILE_Recovery,15,DOWN_PAYMENT,nvarchar,-1,0,0,True,False
IMAGE_FILE_Recovery,16,CUSTOMER_DELIVER,nvarchar,-1,0,0,True,False
IMAGE_FILE_Recovery,17,RETURN_ASSETS01,nvarchar,-1,0,0,True,False
IMAGE_FILE_Recovery,18,RETURN_ASSETS02,nvarchar,-1,0,0,True,False
IMAGE_FILE_Recovery,19,RETURN_ASSETS_SERIAL,nvarchar,-1,0,0,True,False
IMAGE_FILE_Recovery,20,RETURN_DELIVER,nvarchar,-1,0,0,True,False
ImportBankTransaction,1,id,int,4,10,0,False,True
ImportBankTransaction,2,bank_No,nvarchar,100,0,0,True,False
ImportBankTransaction,3,bank_CustomerName,nvarchar,100,0,0,True,False
ImportBankTransaction,4,bank_Ref1,nvarchar,100,0,0,True,False
ImportBankTransaction,5,bank_Ref2,nvarchar,100,0,0,True,False
ImportBankTransaction,6,bank_Amount,decimal,9,18,2,True,False
ImportBankTransaction,7,bank_Bm,nvarchar,100,0,0,True,False
ImportBankTransaction,8,bank_Code,nvarchar,100,0,0,True,False
ImportBankTransaction,9,bank_accountNumber,nvarchar,100,0,0,True,False
ImportBankTransaction,10,bank_remark,nvarchar,-1,0,0,True,False
ImportBankTransaction,11,bank_etc1,nvarchar,100,0,0,True,False
ImportBankTransaction,12,bank_etc2,nvarchar,100,0,0,True,False
ImportBankTransaction,13,bank_etc3,nvarchar,100,0,0,True,False
ImportBankTransaction,14,bank_Time,time,5,16,7,True,False
ImportBankTransaction,15,bank_Date,date,3,10,0,True,False
ImportBankTransaction,16,Createdate,nvarchar,100,0,0,True,False
ImportBankTransaction,17,Transactiondate,datetime,8,23,3,True,False
ImportBankTransaction,18,IsActive,bit,1,1,0,True,False
ImportBankTransaction,19,optional_01,nvarchar,200,0,0,True,False
ImportBankTransaction,20,optional_02,nvarchar,200,0,0,True,False
INSERT_FACULTY_ID,1,INSERT_FACULTY_ID,int,4,10,0,False,True
INSERT_FACULTY_ID,2,FACULTY_NAME,nvarchar,400,0,0,True,False
INSERT_FACULTY_ID,3,ACTIVE_STATUS,int,4,10,0,True,False
INSTALLMENT_PLAN,1,contract_status,nvarchar,100,0,0,True,False
INSTALLMENT_PLAN,2,CONTRACT_START,date,3,10,0,True,False
INSTALLMENT_PLAN,3,product_id,int,4,10,0,False,False
INSTALLMENT_PLAN,4,contract_id,int,4,10,0,True,False
INSTALLMENT_PLAN,5,app_id,int,4,10,0,True,False
INSTALLMENT_PLAN,6,quotation_id,int,4,10,0,True,False
INSTALLMENT_PLAN,7,Install_num,int,4,10,0,True,False
INSTALLMENT_PLAN,8,Installment_Date,date,3,10,0,True,False
INSTALLMENT_PLAN,9,Installment_amt_Inc_VAT,float,8,53,0,True,False
INSTALLMENT_PLAN,10,PAY_PRINCIPLE,float,8,53,0,True,False
INSTALLMENT_PLAN,11,PAY_INTEREST,float,8,53,0,True,False
INSTALLMENT_PLAN,12,PAY_INSTALL_VAT,float,8,53,0,True,False
INSTALLMENT_PLAN,13,OUTSTD_SUM_PRINCIPLE,float,8,53,0,True,False
INSTALLMENT_PLAN,14,OUTSTD_SUM_INTEREST,float,8,53,0,True,False
INSTALLMENT_PLAN,15,DISCOUNT_AMT,float,8,53,0,True,False
INSURANCE_DATA,1,INS_ID,int,4,10,0,False,True
INSURANCE_DATA,2,APP_ID,int,4,10,0,True,False
INSURANCE_DATA,3,STATUS_ID,int,4,10,0,True,False
INSURANCE_DATA,4,CONTRACT_ID,int,4,10,0,True,False
INSURANCE_DATA,5,PRODUCT_ID,int,4,10,0,True,False
INSURANCE_DATA,6,MT_INS_BRAND,int,4,10,0,True,False
INSURANCE_DATA,7,MT_INS_COM_ID,int,4,10,0,True,False
INSURANCE_DATA,8,MT_INS_ID,int,4,10,0,True,False
INSURANCE_DATA,9,INS_NUMBER,nvarchar,40,0,0,True,False
INSURANCE_DATA,10,INS_PROD_CODE,nvarchar,400,0,0,True,False
INSURANCE_DATA,11,INS_PROD_NAME,nvarchar,400,0,0,True,False
INSURANCE_DATA,12,INS_PRICE,float,8,53,0,True,False
INSURANCE_DATA,13,INS_PREM,float,8,53,0,True,False
INSURANCE_DATA,14,INS_DUTY,float,8,53,0,True,False
INSURANCE_DATA,15,INS_PREM_TAX,float,8,53,0,True,False
INSURANCE_DATA,16,INS_PREM_AF_TAX,float,8,53,0,True,False
INSURANCE_DATA,17,INS_PREM_AF_TAX_DUTY,float,8,53,0,True,False
INSURANCE_DATA,18,INS_PREM_WHT,float,8,53,0,True,False
INSURANCE_DATA,19,INS_PREM_AF_WHT,float,8,53,0,True,False
INSURANCE_DATA,20,INS_MARGIN_AMT,float,8,53,0,True,False
INSURANCE_DATA,21,INS_MARGIN_VAT,float,8,53,0,True,False
INSURANCE_DATA,22,INS_MARGIN,float,8,53,0,True,False
INSURANCE_DATA,23,EFFECTIVE_DATE,date,3,10,0,True,False
INSURANCE_DATA,24,EXPIRE_DATE,date,3,10,0,True,False
INSURANCE_DATA,25,CREATE_DATE,date,3,10,0,True,False
INSURANCE_DATA,26,UPDATE_DATE,date,3,10,0,True,False
INSURANCE_INFORM,1,INS_INFORM_ID,int,4,10,0,False,True
INSURANCE_INFORM,2,INFORM_NUMBER,nvarchar,40,0,0,True,False
INSURANCE_INFORM,3,INFORM_BY,nvarchar,200,0,0,True,False
INSURANCE_INFORM,4,INFORM_QUANTITY,int,4,10,0,True,False
INSURANCE_INFORM,5,INFORM_DATE,date,3,10,0,True,False
INSURANCE_INFORM,6,INFORM_TIME,time,5,16,7,True,False
INVOICE,1,INVOICE_ID,int,4,10,0,False,True
INVOICE,2,STATUS_ID,int,4,10,0,True,False
INVOICE,3,INVOICE_NUMBER,nvarchar,40,0,0,True,False
INVOICE,4,INVOICEE_TYPE,int,4,10,0,True,False
INVOICE,5,CONTRACT_ID,int,4,10,0,True,False
INVOICE,6,CUSTOMER_CARD_ID,int,4,10,0,True,False
INVOICE,7,INVOICE_DATE,date,3,10,0,True,False
INVOICE,8,DUE_DATE,date,3,10,0,True,False
INVOICE,9,AMT_OLD,float,8,53,0,True,False
INVOICE,10,INSTALL_NUM_OLD,nvarchar,6,0,0,True,False
INVOICE,11,INSTALL_OUTSTAND,nvarchar,6,0,0,True,False
INVOICE,12,SUM_OUTSTAND,float,8,53,0,True,False
INVOICE,13,INSTALL_CURRENT,nvarchar,6,0,0,True,False
INVOICE,14,AMOUNT,float,8,53,0,True,False
INVOICE,15,WHT_AMT,float,8,53,0,True,False
INVOICE,16,VAT_AMT,float,8,53,0,True,False
INVOICE,17,INSTALL_OD_01,nvarchar,6,0,0,True,False
INVOICE,18,INSTALL_OD_02,nvarchar,6,0,0,True,False
INVOICE,19,INSTALL_OD_SUM,nvarchar,6,0,0,True,False
INVOICE,20,SUM_OD_AMT,float,8,53,0,True,False
INVOICE,21,PENALTY_AMT,float,8,53,0,True,False
INVOICE,22,COLLECT_AMT,float,8,53,0,True,False
INVOICE,23,SUM_AMT,float,8,53,0,True,False
INVOICE,24,DES_SUM_AMT,nvarchar,400,0,0,True,False
INVOICE_Dept,1,INVOICE_ID,int,4,10,0,False,True
INVOICE_Dept,2,STATUS_ID,int,4,10,0,True,False
INVOICE_Dept,3,INVOICE_NUMBER,nvarchar,40,0,0,True,False
INVOICE_Dept,4,INVOICEE_TYPE,int,4,10,0,True,False
INVOICE_Dept,5,CONTRACT_ID,int,4,10,0,True,False
INVOICE_Dept,6,CUSTOMER_CARD_ID,int,4,10,0,True,False
INVOICE_Dept,7,INVOICE_DATE,date,3,10,0,True,False
INVOICE_Dept,8,DUE_DATE,date,3,10,0,True,False
INVOICE_Dept,9,AMT_OLD,float,8,53,0,True,False
INVOICE_Dept,10,INSTALL_NUM_OLD,nvarchar,6,0,0,True,False
INVOICE_Dept,11,INSTALL_OUTSTAND,nvarchar,6,0,0,True,False
INVOICE_Dept,12,SUM_OUTSTAND,float,8,53,0,True,False
INVOICE_Dept,13,INSTALL_CURRENT,nvarchar,6,0,0,True,False
INVOICE_Dept,14,AMOUNT,float,8,53,0,True,False
INVOICE_Dept,15,WHT_AMT,float,8,53,0,True,False
INVOICE_Dept,16,VAT_AMT,float,8,53,0,True,False
INVOICE_Dept,17,INSTALL_OD_01,nvarchar,6,0,0,True,False
INVOICE_Dept,18,INSTALL_OD_02,nvarchar,6,0,0,True,False
INVOICE_Dept,19,INSTALL_OD_SUM,nvarchar,6,0,0,True,False
INVOICE_Dept,20,SUM_OD_AMT,float,8,53,0,True,False
INVOICE_Dept,21,PENALTY_AMT,float,8,53,0,True,False
INVOICE_Dept,22,COLLECT_AMT,float,8,53,0,True,False
INVOICE_Dept,23,SUM_AMT,float,8,53,0,True,False
INVOICE_Dept,24,DES_SUM_AMT,nvarchar,400,0,0,True,False
K2_user,1,id,int,4,10,0,False,True
K2_user,2,user_id,nvarchar,400,0,0,True,False
K2_user,3,user_name,nvarchar,150,0,0,True,False
LEGAL_INACTIVECONTRACT,1,CONTRACT_NUMBER,varchar,50,0,0,False,False
LEGAL_INACTIVECONTRACT,2,DEFENDANT,nvarchar,400,0,0,True,False
LEGAL_INACTIVECONTRACT,3,MONTH_SUE,nvarchar,40,0,0,True,False
LEGAL_INACTIVECONTRACT,4,YEAR_SUE,varchar,50,0,0,True,False
LEGAL_INACTIVECONTRACT,5,SUE_DATE,datetime,8,23,3,True,False
LEGAL_INACTIVECONTRACT,6,COURT,nvarchar,200,0,0,True,False
LEGAL_INACTIVECONTRACT,7,TERMINATE_CONTRACT,nvarchar,100,0,0,True,False
LEGAL_INACTIVECONTRACT,8,SUE_AMOUNT,float,8,53,0,True,False
LEGAL_INACTIVECONTRACT,9,OTHER_FEE,float,8,53,0,True,False
LEGAL_INACTIVECONTRACT,10,LAWYER_FEE,float,8,53,0,True,False
LEGAL_INACTIVECONTRACT,11,BLACK_CARD,nvarchar,100,0,0,True,False
LEGAL_INACTIVECONTRACT,12,RED_CARD,nvarchar,100,0,0,True,False
LEGAL_INACTIVECONTRACT,13,DATE_APPOINTMENT,date,3,10,0,True,False
LEGAL_INACTIVECONTRACT,14,TIME_APPOINTMENT,nvarchar,20,0,0,True,False
LEGAL_INACTIVECONTRACT,15,MAKE_IDIOM,nvarchar,100,0,0,True,False
LEGAL_INACTIVECONTRACT,16,COURT_ORDER,nvarchar,100,0,0,True,False
LEGAL_INACTIVECONTRACT,17,IS_JUDGMENT,bit,1,1,0,True,False
LEGAL_INACTIVECONTRACT,18,COURT_JUDGMENT,nvarchar,1000,0,0,True,False
LEGAL_INACTIVECONTRACT,19,CONDITION_JUDGMENT,nvarchar,100,0,0,True,False
LEGAL_INACTIVECONTRACT,20,DEFAULT_DATE,datetime,8,23,3,True,False
LEGAL_INACTIVECONTRACT,21,JUDGMENT_AMOUNT,float,8,53,0,True,False
LEGAL_INACTIVECONTRACT,22,COURT_JUDGMENT_DATE,date,3,10,0,True,False
LEGAL_INACTIVECONTRACT,23,INSTALLMENT_FREQUENCY_JUDGMENT,int,4,10,0,True,False
LEGAL_INACTIVECONTRACT,24,INSTALLMENT_AMOUNT_JUDGMENT,int,4,10,0,True,False
LEGAL_INACTIVECONTRACT,25,INSTALLMENT_NUMBER_PAYMENT_JUDGMENT,int,4,10,0,True,False
LEGAL_INACTIVECONTRACT,26,ACCOUNT_STATUS,int,4,10,0,True,False
LEGAL_INACTIVECONTRACT,27,CREATE_DATE,datetime,8,23,3,True,False
LEGAL_INACTIVECONTRACT,28,UPDATE_DATE,datetime,8,23,3,True,False
LEGAL_INACTIVECONTRACT,29,REMARK,nvarchar,300,0,0,True,False
LEGAL_INACTIVECONTRACT,30,LAST_PAYMENT_DATE,date,3,10,0,True,False
LEGAL_INACTIVECONTRACT,31,LASY_PAID,float,8,53,0,True,False
LEGAL_INACTIVECONTRACT,32,TOTAL_PAID,float,8,53,0,True,False
LEGAL_INACTIVECONTRACT,34,JUDGMENT_AMOUNT_EX_VAT,float,8,53,0,True,False
LEGAL_INACTIVECONTRACT_BAC,1,CONTRACT_NUMBER,varchar,50,0,0,False,False
LEGAL_INACTIVECONTRACT_BAC,2,DEFENDANT,nvarchar,400,0,0,True,False
LEGAL_INACTIVECONTRACT_BAC,3,MONTH_SUE,nvarchar,40,0,0,True,False
LEGAL_INACTIVECONTRACT_BAC,4,YEAR_SUE,varchar,50,0,0,True,False
LEGAL_INACTIVECONTRACT_BAC,5,SUE_DATE,datetime,8,23,3,True,False
LEGAL_INACTIVECONTRACT_BAC,6,COURT,nvarchar,200,0,0,True,False
LEGAL_INACTIVECONTRACT_BAC,7,TERMINATE_CONTRACT,nvarchar,100,0,0,True,False
LEGAL_INACTIVECONTRACT_BAC,8,SUE_AMOUNT,float,8,53,0,True,False
LEGAL_INACTIVECONTRACT_BAC,9,OTHER_FEE,float,8,53,0,True,False
LEGAL_INACTIVECONTRACT_BAC,10,LAWYER_FEE,float,8,53,0,True,False
LEGAL_INACTIVECONTRACT_BAC,11,BLACK_CARD,nvarchar,100,0,0,True,False
LEGAL_INACTIVECONTRACT_BAC,12,RED_CARD,nvarchar,100,0,0,True,False
LEGAL_INACTIVECONTRACT_BAC,13,DATE_APPOINTMENT,date,3,10,0,True,False
LEGAL_INACTIVECONTRACT_BAC,14,TIME_APPOINTMENT,nvarchar,20,0,0,True,False
LEGAL_INACTIVECONTRACT_BAC,15,MAKE_IDIOM,nvarchar,100,0,0,True,False
LEGAL_INACTIVECONTRACT_BAC,16,COURT_ORDER,nvarchar,100,0,0,True,False
LEGAL_INACTIVECONTRACT_BAC,17,IS_JUDGMENT,bit,1,1,0,True,False
LEGAL_INACTIVECONTRACT_BAC,18,COURT_JUDGMENT,nvarchar,1000,0,0,True,False
LEGAL_INACTIVECONTRACT_BAC,19,CONDITION_JUDGMENT,nvarchar,100,0,0,True,False
LEGAL_INACTIVECONTRACT_BAC,20,DEFAULT_DATE,datetime,8,23,3,True,False
LEGAL_INACTIVECONTRACT_BAC,21,JUDGMENT_AMOUNT,float,8,53,0,True,False
LEGAL_INACTIVECONTRACT_BAC,22,COURT_JUDGMENT_DATE,date,3,10,0,True,False
LEGAL_INACTIVECONTRACT_BAC,23,INSTALLMENT_FREQUENCY_JUDGMENT,int,4,10,0,True,False
LEGAL_INACTIVECONTRACT_BAC,24,INSTALLMENT_AMOUNT_JUDGMENT,int,4,10,0,True,False
LEGAL_INACTIVECONTRACT_BAC,25,INSTALLMENT_NUMBER_PAYMENT_JUDGMENT,int,4,10,0,True,False
LEGAL_INACTIVECONTRACT_BAC,26,ACCOUNT_STATUS,int,4,10,0,True,False
LEGAL_INACTIVECONTRACT_BAC,27,CREATE_DATE,datetime,8,23,3,True,False
LEGAL_INACTIVECONTRACT_BAC,28,UPDATE_DATE,datetime,8,23,3,True,False
LEGAL_INACTIVECONTRACT_BAC,29,REMARK,nvarchar,300,0,0,True,False
LEGAL_INACTIVECONTRACT_BAC,30,LAST_PAYMENT_DATE,date,3,10,0,True,False
LEGAL_INACTIVECONTRACT_BAC,31,LASY_PAID,float,8,53,0,True,False
LEGAL_INACTIVECONTRACT_BAC,32,TOTAL_PAID,float,8,53,0,True,False
LEGAL_INACTIVECONTRACT_BAC,33,JUDGMENT_AMOUNT_EX_VAT,float,8,53,0,True,False
LineMessageLogs,1,id,int,4,10,0,False,True
LineMessageLogs,2,events,nvarchar,50,0,0,True,False
LineMessageLogs,3,destination,nvarchar,360,0,0,True,False
LineMessageLogs,4,webhookEventId,nvarchar,360,0,0,True,False
LineMessageLogs,5,Text,nvarchar,-1,0,0,True,False
LineMessageLogs,6,replyToken,nvarchar,440,0,0,True,False
LineMessageLogs,7,mode,nvarchar,30,0,0,True,False
LineMessageLogs,8,createTime,datetime,8,23,3,True,False
LineUsers,1,id,int,4,10,0,False,True
LineUsers,2,UserGroup,int,4,10,0,True,False
LineUsers,3,GroupIds,nvarchar,150,0,0,True,False
LineUsers,4,GroupName,nvarchar,300,0,0,True,False
LineUsers,5,JoinBy,nvarchar,150,0,0,True,False
LineUsers,6,k2_userId,int,4,10,0,True,False
LineUsers,7,CreateTime,datetime,8,23,3,True,False
LOG_ACCOUNT_ROUNDING,1,SEQ_ID,int,4,10,0,False,True
LOG_ACCOUNT_ROUNDING,2,VOURCHER_NO,nvarchar,40,0,0,True,False
LOG_ACCOUNT_ROUNDING,3,CONTRACT_ID,int,4,10,0,True,False
LOG_ACCOUNT_ROUNDING,4,CONTRACT_NUMBER,nvarchar,40,0,0,True,False
LOG_ACCOUNT_ROUNDING,5,DIFF,decimal,9,10,2,True,False
LOG_ACCOUNT_ROUNDING,6,DATE_POST,date,3,10,0,True,False
LOG_ACCOUNT_ROUNDING,7,LOG_DATETIME,datetime,8,23,3,True,False
LOG_ASSETS_INFORMATION,1,ID,int,4,10,0,False,True
LOG_ASSETS_INFORMATION,2,ASSET_ID,int,4,10,0,True,False
LOG_ASSETS_INFORMATION,3,ASSETS_CATEGORY,int,4,10,0,True,False
LOG_ASSETS_INFORMATION,4,ASSETS_TYPE,int,4,10,0,True,False
LOG_ASSETS_INFORMATION,5,BRAND,int,4,10,0,True,False
LOG_ASSETS_INFORMATION,6,SERIES,int,4,10,0,True,False
LOG_ASSETS_INFORMATION,7,SUB_SERIES,int,4,10,0,True,False
LOG_ASSETS_INFORMATION,8,COLOR,int,4,10,0,True,False
LOG_ASSETS_INFORMATION,9,PRICE,float,8,53,0,True,False
LOG_ASSETS_INFORMATION,10,SERIALNUMBER,nvarchar,200,0,0,True,False
LOG_ASSETS_INFORMATION,11,MODELNUMBER,nvarchar,200,0,0,True,False
LOG_ASSETS_INFORMATION,12,DESCRIPTION,nvarchar,-1,0,0,True,False
LOG_ASSETS_INFORMATION,13,IMAGE01,nvarchar,-1,0,0,True,False
LOG_ASSETS_INFORMATION,14,IMAGE02,nvarchar,-1,0,0,True,False
LOG_ASSETS_INFORMATION,15,IMAGE03,nvarchar,-1,0,0,True,False
LOG_ASSETS_INFORMATION,16,IMAGE04,nvarchar,-1,0,0,True,False
LOG_ASSETS_INFORMATION,17,IMAGE05,nvarchar,-1,0,0,True,False
LOG_ASSETS_INFORMATION,18,IMAGE06,nvarchar,-1,0,0,True,False
LOG_ASSETS_INFORMATION,19,EFFECTIVE_DATE,date,3,10,0,True,False
LOG_ASSETS_INFORMATION,20,END_DATE,date,3,10,0,True,False
LOG_ASSETS_INFORMATION,21,NOTICE_EMAIL,nvarchar,400,0,0,True,False
LOG_ASSETS_INFORMATION,22,NOTICE_MONTH,nvarchar,10,0,0,True,False
LOG_ASSETS_INFORMATION,23,REMARK,nvarchar,-1,0,0,True,False
LOG_ASSETS_INFORMATION,24,STATUS_ID,int,4,10,0,True,False
LOG_ASSETS_INFORMATION,25,Type,nvarchar,20,0,0,True,False
LOG_ASSETS_INFORMATION,26,CreateBy,nvarchar,200,0,0,True,False
LOG_ASSETS_INFORMATION,27,CreateByName,nvarchar,200,0,0,True,False
LOG_ASSETS_INFORMATION,28,CreateByEmail,nvarchar,200,0,0,True,False
LOG_ASSETS_INFORMATION,29,CreateDate,datetime,8,23,3,True,False
LOG_CA_STATUS_DESCRIPTION,1,ID,int,4,10,0,False,True
LOG_CA_STATUS_DESCRIPTION,2,STD_ID,int,4,10,0,True,False
LOG_CA_STATUS_DESCRIPTION,3,STD_STATUS_CODE,nvarchar,10,0,0,True,False
LOG_CA_STATUS_DESCRIPTION,4,STATUS_CODE,nvarchar,10,0,0,True,False
LOG_CA_STATUS_DESCRIPTION,5,STD_STATUS_NAME,nvarchar,100,0,0,True,False
LOG_CA_STATUS_DESCRIPTION,6,STD_STATUS_DESCRIPTION,nvarchar,200,0,0,True,False
LOG_CA_STATUS_DESCRIPTION,7,STD_ACTIVE_STATUS,bit,1,1,0,True,False
LOG_CA_STATUS_DESCRIPTION,8,TYPE,nvarchar,100,0,0,True,False
LOG_CA_STATUS_DESCRIPTION,9,CreateBy,nvarchar,200,0,0,True,False
LOG_CA_STATUS_DESCRIPTION,10,CreateByName,nvarchar,200,0,0,True,False
LOG_CA_STATUS_DESCRIPTION,11,CreateByEmail,nvarchar,200,0,0,True,False
LOG_CA_STATUS_DESCRIPTION,12,CreateDate,datetime,8,23,3,True,False
LOG_CA_STATUS_REASON,1,ID,int,4,10,0,False,True
LOG_CA_STATUS_REASON,2,STR_ID,int,4,10,0,True,False
LOG_CA_STATUS_REASON,3,STR_STATUS_CODE,nvarchar,10,0,0,True,False
LOG_CA_STATUS_REASON,4,STD_STATUS_CODE,nvarchar,10,0,0,True,False
LOG_CA_STATUS_REASON,5,STATUS_CODE,nvarchar,10,0,0,True,False
LOG_CA_STATUS_REASON,6,STR_STATUS_REASON,nvarchar,1000,0,0,True,False
LOG_CA_STATUS_REASON,7,STR_ACTIVE_STATUS,bit,1,1,0,True,False
LOG_CA_STATUS_REASON,8,TYPE,nvarchar,100,0,0,True,False
LOG_CA_STATUS_REASON,9,CreateBy,nvarchar,200,0,0,True,False
LOG_CA_STATUS_REASON,10,CreateByName,nvarchar,200,0,0,True,False
LOG_CA_STATUS_REASON,11,CreateByEmail,nvarchar,200,0,0,True,False
LOG_CA_STATUS_REASON,12,CreateDate,datetime,8,23,3,True,False
LOG_COMMON,1,SEQ_ID,int,4,10,0,False,True
LOG_COMMON,2,LOG_DATETIME,datetime,8,23,3,True,False
LOG_COMMON,3,COUNT,int,4,10,0,True,False
LOG_COMMON,4,LOG_BY,nvarchar,400,0,0,True,False
LOG_COMMON,5,LOG_TABLE,nvarchar,400,0,0,True,False
LOG_COMMON,6,LOG_DES,nvarchar,-1,0,0,True,False
LOG_EDIT_APPLICATION,1,LOG_ID,int,4,10,0,False,True
LOG_EDIT_APPLICATION,2,APP_ID,int,4,10,0,False,False
LOG_EDIT_APPLICATION,3,STATUS_ID,int,4,10,0,True,False
LOG_EDIT_APPLICATION,4,APPLICATION_NUMBER,nvarchar,40,0,0,True,False
LOG_EDIT_APPLICATION,6,CUSTOMER_NAME,nvarchar,400,0,0,True,False
LOG_EDIT_APPLICATION,21,QUOTATION_ID,int,4,10,0,True,False
LOG_EDIT_APPLICATION,23,CREATE_DATE,datetime,8,23,3,True,False
LOG_EDIT_APPLICATION,24,CREATE_BY,nvarchar,200,0,0,True,False
LOG_EDIT_APPLICATION,25,CREATE_BY_NAME,nvarchar,200,0,0,True,False
LOG_EDIT_APPLICATION,26,CREATE_BY_EMAIL,nvarchar,200,0,0,True,False
LOG_EDIT_PERSON,1,LOG_ID,int,4,10,0,False,True
LOG_EDIT_PERSON,2,PERSON_ID,int,4,10,0,False,False
LOG_EDIT_PERSON,3,APP_ID,int,4,10,0,True,False
LOG_EDIT_PERSON,4,TAX_ID,nvarchar,26,0,0,True,False
LOG_EDIT_PERSON,5,BIRTHDAY,date,3,10,0,True,False
LOG_EDIT_PERSON,6,CREATE_DATE,datetime,8,23,3,True,False
LOG_EDIT_PERSON,7,CREATE_BY,nvarchar,200,0,0,True,False
LOG_EDIT_PERSON,8,CREATE_BY_NAME,nvarchar,200,0,0,True,False
LOG_EDIT_PERSON,9,CREATE_BY_EMAIL,nvarchar,200,0,0,True,False
LOG_EDIT_PROSPECT_CUSTOMER,1,LOG_ID,int,4,10,0,False,True
LOG_EDIT_PROSPECT_CUSTOMER,2,PST_CUST_ID,int,4,10,0,False,False
LOG_EDIT_PROSPECT_CUSTOMER,3,QUOTATION_ID,int,4,10,0,True,False
LOG_EDIT_PROSPECT_CUSTOMER,4,TAX_ID,nvarchar,26,0,0,True,False
LOG_EDIT_PROSPECT_CUSTOMER,5,BIRTHDAY,date,3,10,0,True,False
LOG_EDIT_PROSPECT_CUSTOMER,6,CREATE_DATE,datetime,8,23,3,True,False
LOG_EDIT_PROSPECT_CUSTOMER,7,CREATE_BY,nvarchar,200,0,0,True,False
LOG_EDIT_PROSPECT_CUSTOMER,8,CREATE_BY_NAME,nvarchar,200,0,0,True,False
LOG_EDIT_PROSPECT_CUSTOMER,9,CREATE_BY_EMAIL,nvarchar,200,0,0,True,False
LOG_EDIT_QUOTATION,1,LOG_ID,int,4,10,0,False,True
LOG_EDIT_QUOTATION,2,QUOTATION_ID,int,4,10,0,False,False
LOG_EDIT_QUOTATION,3,STATUS_ID,int,4,10,0,True,False
LOG_EDIT_QUOTATION,4,APPROVE_CODE,nvarchar,40,0,0,True,False
LOG_EDIT_QUOTATION,5,TAX_ID,nvarchar,26,0,0,True,False
LOG_EDIT_QUOTATION,6,CUSTOMER_NAME,nvarchar,400,0,0,True,False
LOG_EDIT_QUOTATION,7,CREATE_DATE,datetime,8,23,3,True,False
LOG_EDIT_QUOTATION,8,CREATE_BY,nvarchar,200,0,0,True,False
LOG_EDIT_QUOTATION,9,CREATE_BY_NAME,nvarchar,200,0,0,True,False
LOG_EDIT_QUOTATION,10,CREATE_BY_EMAIL,nvarchar,200,0,0,True,False
LOG_EditCustomerInfo,1,id,int,4,10,0,False,True
LOG_EditCustomerInfo,2,PRESON_ID,nvarchar,100,0,0,True,False
LOG_EditCustomerInfo,3,PHONE,nvarchar,100,0,0,True,False
LOG_EditCustomerInfo,4,EMAIL,nvarchar,100,0,0,True,False
LOG_EditCustomerInfo,5,REF_FIRSTNAME,nvarchar,100,0,0,True,False
LOG_EditCustomerInfo,6,REF_LASTNAME,nvarchar,100,0,0,True,False
LOG_EditCustomerInfo,7,REF_PHONE,nvarchar,100,0,0,True,False
LOG_EditCustomerInfo,8,Type,nvarchar,100,0,0,True,False
LOG_EditCustomerInfo,9,CreateBy,nvarchar,100,0,0,True,False
LOG_EditCustomerInfo,10,CreateByName,nvarchar,100,0,0,True,False
LOG_EditCustomerInfo,11,CreateByEmail,nvarchar,100,0,0,True,False
LOG_EditCustomerInfo,12,CreateDate,date,3,10,0,True,False
LOG_EDT_KeySerial_AssetDeliver_IMG,1,ID,int,4,10,0,False,True
LOG_EDT_KeySerial_AssetDeliver_IMG,2,APP_ID,int,4,10,0,True,False
LOG_EDT_KeySerial_AssetDeliver_IMG,3,APPLICATION_NUMBER,nvarchar,40,0,0,True,False
LOG_EDT_KeySerial_AssetDeliver_IMG,4,CUSTOMER_NAME,nvarchar,400,0,0,True,False
LOG_EDT_KeySerial_AssetDeliver_IMG,5,OLD_KeySerial_IMG,nvarchar,-1,0,0,True,False
LOG_EDT_KeySerial_AssetDeliver_IMG,6,NEW_KeySerial_IMG,nvarchar,-1,0,0,True,False
LOG_EDT_KeySerial_AssetDeliver_IMG,7,OLD_AssetDeliver_IMG,nvarchar,-1,0,0,True,False
LOG_EDT_KeySerial_AssetDeliver_IMG,8,NEW_AssetDeliver_IMG,nvarchar,-1,0,0,True,False
LOG_EDT_KeySerial_AssetDeliver_IMG,9,CreateBy,nvarchar,200,0,0,True,False
LOG_EDT_KeySerial_AssetDeliver_IMG,10,CreateByName,nvarchar,200,0,0,True,False
LOG_EDT_KeySerial_AssetDeliver_IMG,11,CreateByEmail,nvarchar,200,0,0,True,False
LOG_EDT_KeySerial_AssetDeliver_IMG,12,CreateDate,datetime,8,23,3,True,False
LOG_GUARANTOR_CONDITION,1,id,int,4,10,0,False,True
LOG_GUARANTOR_CONDITION,2,SETUP_GUAR_ID,nvarchar,100,0,0,True,False
LOG_GUARANTOR_CONDITION,3,SETUP_TYPE,nvarchar,100,0,0,True,False
LOG_GUARANTOR_CONDITION,4,SETUP_GROUP_OCCU,nvarchar,100,0,0,True,False
LOG_GUARANTOR_CONDITION,5,CONDITION_DES,nvarchar,100,0,0,True,False
LOG_GUARANTOR_CONDITION,6,CONDITION_MIN,nvarchar,100,0,0,True,False
LOG_GUARANTOR_CONDITION,7,CONDITION_MAX,nvarchar,100,0,0,True,False
LOG_GUARANTOR_CONDITION,8,CONDITION_VALUE,nvarchar,100,0,0,True,False
LOG_GUARANTOR_CONDITION,9,RESULT,nvarchar,100,0,0,True,False
LOG_GUARANTOR_CONDITION,10,Type,nvarchar,100,0,0,True,False
LOG_GUARANTOR_CONDITION,11,CreateBy,nvarchar,100,0,0,True,False
LOG_GUARANTOR_CONDITION,12,CreateByName,nvarchar,100,0,0,True,False
LOG_GUARANTOR_CONDITION,13,CreateDate,date,3,10,0,True,False
LOG_MT_COLOR,1,ID,int,4,10,0,False,True
LOG_MT_COLOR,2,MT_COLOR_ID,int,4,10,0,False,False
LOG_MT_COLOR,3,COLOR_NAME,nvarchar,200,0,0,True,False
LOG_MT_COLOR,4,SUB_SERIES_ID,int,4,10,0,True,False
LOG_MT_COLOR,5,SERIES_ID,int,4,10,0,True,False
LOG_MT_COLOR,6,ACTIVE_STATUS,nvarchar,20,0,0,True,False
LOG_MT_COLOR,7,Type,nvarchar,20,0,0,True,False
LOG_MT_COLOR,8,CreateBy,nvarchar,200,0,0,True,False
LOG_MT_COLOR,9,CreateByName,nvarchar,200,0,0,True,False
LOG_MT_COLOR,10,CreateByEmail,nvarchar,200,0,0,True,False
LOG_MT_COLOR,11,CreateDate,datetime,8,23,3,True,False
LOG_MT_FACULTY,1,ID,int,4,10,0,False,True
LOG_MT_FACULTY,2,MT_FACULTY_ID,int,4,10,0,True,False
LOG_MT_FACULTY,3,FACULTY_CODE,nvarchar,10,0,0,True,False
LOG_MT_FACULTY,4,FACULTY_NAME,nvarchar,400,0,0,True,False
LOG_MT_FACULTY,5,MT_CAMPUS_ID,int,4,10,0,True,False
LOG_MT_FACULTY,6,MT_UNIVERSITY_ID,int,4,10,0,True,False
LOG_MT_FACULTY,7,UNIVERSITY_CODE,nvarchar,20,0,0,True,False
LOG_MT_FACULTY,8,ACTIVE_STATUS,int,4,10,0,True,False
LOG_MT_FACULTY,9,Type,nvarchar,20,0,0,True,False
LOG_MT_FACULTY,10,CreateBy,nvarchar,200,0,0,True,False
LOG_MT_FACULTY,11,CreateByName,nvarchar,200,0,0,True,False
LOG_MT_FACULTY,12,CreateByEmail,nvarchar,200,0,0,True,False
LOG_MT_FACULTY,13,CreateDate,datetime,8,23,3,True,False
LOG_MT_INSURE,1,ID,int,4,10,0,False,True
LOG_MT_INSURE,2,INSURE_ID,int,4,10,0,True,False
LOG_MT_INSURE,3,INSURE_CODE,nvarchar,10,0,0,True,False
LOG_MT_INSURE,4,INSURE_COM_ID,int,4,10,0,True,False
LOG_MT_INSURE,5,INSURE_BRAND_ID,int,4,10,0,True,False
LOG_MT_INSURE,6,INSURE_PRODUCT_CODE,nvarchar,200,0,0,True,False
LOG_MT_INSURE,7,INSURE_PRODUCT_NAME,nvarchar,400,0,0,True,False
LOG_MT_INSURE,8,INSURE_PRICE,float,8,53,0,True,False
LOG_MT_INSURE,9,INSURE_PRICE_PREMIUM,float,8,53,0,True,False
LOG_MT_INSURE,10,STANDARD_REBATE,float,8,53,0,True,False
LOG_MT_INSURE,11,EXTRA_REBATE,float,8,53,0,True,False
LOG_MT_INSURE,12,INSURE_MARGIN,float,8,53,0,True,False
LOG_MT_INSURE,13,INSURE_YEARS,int,4,10,0,True,False
LOG_MT_INSURE,14,SERIES_ID,int,4,10,0,True,False
LOG_MT_INSURE,15,START_DATE,date,3,10,0,True,False
LOG_MT_INSURE,16,END_DATE,date,3,10,0,True,False
LOG_MT_INSURE,17,ACTIVE_STATUS,bit,1,1,0,True,False
LOG_MT_INSURE,18,Type,nvarchar,20,0,0,True,False
LOG_MT_INSURE,19,CreateBy,nvarchar,200,0,0,True,False
LOG_MT_INSURE,20,CreateByName,nvarchar,200,0,0,True,False
LOG_MT_INSURE,21,CreateByEmail,nvarchar,200,0,0,True,False
LOG_MT_INSURE,22,CreateDate,datetime,8,23,3,True,False
LOG_MT_SERIES,1,ID,int,4,10,0,False,True
LOG_MT_SERIES,2,SERIES_ID,int,4,10,0,True,False
LOG_MT_SERIES,3,SERIES_CODE,nvarchar,10,0,0,True,False
LOG_MT_SERIES,4,SERIES_NAME,nvarchar,200,0,0,True,False
LOG_MT_SERIES,5,BRAND_ID,int,4,10,0,True,False
LOG_MT_SERIES,6,BRAND_NAME,nvarchar,100,0,0,True,False
LOG_MT_SERIES,7,ACTIVE_STATUS,nvarchar,20,0,0,True,False
LOG_MT_SERIES,8,Type,nvarchar,20,0,0,True,False
LOG_MT_SERIES,9,CreateBy,nvarchar,200,0,0,True,False
LOG_MT_SERIES,10,CreateByName,nvarchar,200,0,0,True,False
LOG_MT_SERIES,11,CreateByEmail,nvarchar,200,0,0,True,False
LOG_MT_SERIES,12,CreateDate,datetime,8,23,3,True,False
LOG_MT_SUB_SERIES,1,ID,int,4,10,0,False,True
LOG_MT_SUB_SERIES,2,SUB_SERIES_ID,int,4,10,0,True,False
LOG_MT_SUB_SERIES,3,SUB_SERIES_CODE,nvarchar,10,0,0,True,False
LOG_MT_SUB_SERIES,4,SUB_SERIES_NAME,nvarchar,100,0,0,True,False
LOG_MT_SUB_SERIES,5,SERIES_ID,int,4,10,0,True,False
LOG_MT_SUB_SERIES,6,SERIES_NAME,nvarchar,200,0,0,True,False
LOG_MT_SUB_SERIES,7,PRODUCT_PRICE,nvarchar,20,0,0,True,False
LOG_MT_SUB_SERIES,8,ACTIVE_STATUS,nvarchar,20,0,0,True,False
LOG_MT_SUB_SERIES,9,Type,nvarchar,100,0,0,True,False
LOG_MT_SUB_SERIES,10,CreateBy,nvarchar,200,0,0,True,False
LOG_MT_SUB_SERIES,11,CreateByName,nvarchar,200,0,0,True,False
LOG_MT_SUB_SERIES,12,CreateByEmail,nvarchar,200,0,0,True,False
LOG_MT_SUB_SERIES,13,CreateDate,datetime,8,23,3,True,False
LOG_MT_UNIVERSITY_NAME,1,ID,int,4,10,0,False,True
LOG_MT_UNIVERSITY_NAME,2,MT_UNIVERSITY_ID,int,4,10,0,True,False
LOG_MT_UNIVERSITY_NAME,3,UNIVERSITY_CODE,nvarchar,20,0,0,True,False
LOG_MT_UNIVERSITY_NAME,4,UNIVERSITY_NAME,nvarchar,400,0,0,True,False
LOG_MT_UNIVERSITY_NAME,5,PROVINCE_ID,int,4,10,0,True,False
LOG_MT_UNIVERSITY_NAME,6,DISTRICT_ID,int,4,10,0,True,False
LOG_MT_UNIVERSITY_NAME,7,ZONE_ENG,nvarchar,10,0,0,True,False
LOG_MT_UNIVERSITY_NAME,8,EDU_TYPE,nvarchar,10,0,0,True,False
LOG_MT_UNIVERSITY_NAME,9,ACTIVE_STATUS,int,4,10,0,True,False
LOG_MT_UNIVERSITY_NAME,10,Type,nvarchar,20,0,0,True,False
LOG_MT_UNIVERSITY_NAME,11,CreateBy,nvarchar,200,0,0,True,False
LOG_MT_UNIVERSITY_NAME,12,CreateByName,nvarchar,200,0,0,True,False
LOG_MT_UNIVERSITY_NAME,13,CreateByEmail,nvarchar,200,0,0,True,False
LOG_MT_UNIVERSITY_NAME,14,CreateDate,datetime,8,23,3,True,False
LOG_PENALTY_COLLECT,1,LOG_ID,int,4,10,0,False,True
LOG_PENALTY_COLLECT,2,CONTRACT_NUMBER,nvarchar,40,0,0,True,False
LOG_PENALTY_COLLECT,3,INSTALL,int,4,10,0,True,False
LOG_PENALTY_COLLECT,4,CUSTOMER_NAME,nvarchar,400,0,0,True,False
LOG_PENALTY_COLLECT,5,PAY_PENALTY,float,8,53,0,True,False
LOG_PENALTY_COLLECT,6,PAY_COLLECT,float,8,53,0,True,False
LOG_PENALTY_COLLECT,7,PAY_VAT,float,8,53,0,True,False
LOG_PENALTY_COLLECT,8,PAY_AMT,float,8,53,0,True,False
LOG_PENALTY_COLLECT,9,PAY_SUM_AMT,float,8,53,0,True,False
LOG_PENALTY_COLLECT,10,LOG_TYPE,nvarchar,60,0,0,True,False
LOG_PENALTY_COLLECT,11,LOG_CREATE_BY,nvarchar,200,0,0,True,False
LOG_PENALTY_COLLECT,12,LOG_CREATE_BY_NAME,nvarchar,200,0,0,True,False
LOG_PENALTY_COLLECT,13,LOG_CREATE_EMAIL,nvarchar,200,0,0,True,False
LOG_PENALTY_COLLECT,14,LOG_CREATE_DATE,datetime,8,23,3,True,False
LOG_Person_Data,1,ID,int,4,10,0,False,True
LOG_Person_Data,2,PERSON_ID,int,4,10,0,True,False
LOG_Person_Data,3,APP_ID,int,4,10,0,True,False
LOG_Person_Data,4,PRODUCT_ID,int,4,10,0,True,False
LOG_Person_Data,5,PREFIX,nvarchar,6,0,0,True,False
LOG_Person_Data,6,PREFIX_OTHER,nvarchar,60,0,0,True,False
LOG_Person_Data,7,FIRST_NAME,nvarchar,200,0,0,True,False
LOG_Person_Data,8,LAST_NAME,nvarchar,200,0,0,True,False
LOG_Person_Data,9,BIRTHDAY,date,3,10,0,True,False
LOG_Person_Data,10,AGE,nvarchar,6,0,0,True,False
LOG_Person_Data,11,SEX,nvarchar,6,0,0,True,False
LOG_Person_Data,12,NATIONALITY_CODE,nvarchar,8,0,0,True,False
LOG_Person_Data,13,PHONE,nvarchar,24,0,0,True,False
LOG_Person_Data,14,EMAIL,nvarchar,100,0,0,True,False
LOG_Person_Data,15,LINEID,nvarchar,100,0,0,True,False
LOG_Person_Data,16,FACEBOOK,nvarchar,100,0,0,True,False
LOG_Person_Data,17,PRODUCT_COLOR,int,4,10,0,True,False
LOG_Person_Data,18,MODEL_NAME,nvarchar,400,0,0,True,False
LOG_Person_Data,19,MODEL_NUMBER,nvarchar,400,0,0,True,False
LOG_Person_Data,20,Type,nvarchar,100,0,0,True,False
LOG_Person_Data,21,CreateBy,nvarchar,200,0,0,True,False
LOG_Person_Data,22,CreateByName,nvarchar,200,0,0,True,False
LOG_Person_Data,23,CreateByEmail,nvarchar,200,0,0,True,False
LOG_Person_Data,24,CreateDate,datetime,8,23,3,True,False
LOG_PO_Manage,1,LOG_ID,int,4,10,0,False,True
LOG_PO_Manage,2,PO_NUMBER,nvarchar,40,0,0,True,False
LOG_PO_Manage,3,INV_PN_NUMBER,nvarchar,40,0,0,True,False
LOG_PO_Manage,4,TAX_DATE,date,3,10,0,True,False
LOG_PO_Manage,5,LOG_TYPE,nvarchar,60,0,0,True,False
LOG_PO_Manage,6,LOG_CREATE_BY,nvarchar,200,0,0,True,False
LOG_PO_Manage,7,LOG_CREATE_BY_NAME,nvarchar,200,0,0,True,False
LOG_PO_Manage,8,LOG_CREATE_EMAIL,nvarchar,200,0,0,True,False
LOG_PO_Manage,9,LOG_CREATE_DATE,datetime,8,23,3,True,False
LOG_PROGRESS_PDF,1,LOG_ID,int,4,10,0,False,True
LOG_PROGRESS_PDF,2,TOTAL,decimal,9,18,0,True,False
LOG_PROGRESS_PDF,3,COUNT_DELETE,int,4,10,0,True,False
LOG_PROGRESS_PDF,4,COUNT_INV,int,4,10,0,True,False
LOG_PROGRESS_PDF,5,COUNT_RP,int,4,10,0,True,False
LOG_PROGRESS_PDF,6,COUNT_TAX_INV,int,4,10,0,True,False
LOG_PROGRESS_PDF,7,DATE_START,datetime,8,23,3,True,False
LOG_PROGRESS_PDF,8,DATE_END,datetime,8,23,3,True,False
LOG_PROGRESS_PROSPEC,1,LOG_ID,int,4,10,0,False,True
LOG_PROGRESS_PROSPEC,2,TOTAL,decimal,9,18,0,True,False
LOG_PROGRESS_PROSPEC,3,COUNT_CLEAR,int,4,10,0,True,False
LOG_PROGRESS_PROSPEC,4,DATE_START,datetime,8,23,3,True,False
LOG_PROGRESS_PROSPEC,5,DATE_END,datetime,8,23,3,True,False
LOG_PROSPECT_GUARANTOR_NOTPASS,1,LOG_ID,int,4,10,0,False,True
LOG_PROSPECT_GUARANTOR_NOTPASS,2,PST_GUAR_ID,int,4,10,0,True,False
LOG_PROSPECT_GUARANTOR_NOTPASS,3,QUOTATION_ID,int,4,10,0,True,False
LOG_PROSPECT_GUARANTOR_NOTPASS,4,PREFIX,nvarchar,6,0,0,True,False
LOG_PROSPECT_GUARANTOR_NOTPASS,5,PREFIX_OTHER,nvarchar,60,0,0,True,False
LOG_PROSPECT_GUARANTOR_NOTPASS,6,FIRST_NAME,nvarchar,200,0,0,True,False
LOG_PROSPECT_GUARANTOR_NOTPASS,7,LAST_NAME,nvarchar,200,0,0,True,False
LOG_PROSPECT_GUARANTOR_NOTPASS,8,SEX,nvarchar,6,0,0,True,False
LOG_PROSPECT_GUARANTOR_NOTPASS,9,MARITAL_STATUS,nvarchar,4,0,0,True,False
LOG_PROSPECT_GUARANTOR_NOTPASS,10,BIRTHDAY,date,3,10,0,True,False
LOG_PROSPECT_GUARANTOR_NOTPASS,11,AGE,int,4,10,0,True,False
LOG_PROSPECT_GUARANTOR_NOTPASS,12,TAX_ID,nvarchar,26,0,0,True,False
LOG_PROSPECT_GUARANTOR_NOTPASS,13,REGIS_TAX_DATE,date,3,10,0,True,False
LOG_PROSPECT_GUARANTOR_NOTPASS,14,EXPIRE_TAX_DATE,date,3,10,0,True,False
LOG_PROSPECT_GUARANTOR_NOTPASS,15,PHONE,nvarchar,24,0,0,True,False
LOG_PROSPECT_GUARANTOR_NOTPASS,16,MOBILE,nvarchar,24,0,0,True,False
LOG_PROSPECT_GUARANTOR_NOTPASS,17,EMAIL,nvarchar,100,0,0,True,False
LOG_PROSPECT_GUARANTOR_NOTPASS,18,LINEID,nvarchar,100,0,0,True,False
LOG_PROSPECT_GUARANTOR_NOTPASS,19,FACEBOOK,nvarchar,100,0,0,True,False
LOG_PROSPECT_GUARANTOR_NOTPASS,20,OCCUPATION_ID,int,4,10,0,True,False
LOG_PROSPECT_GUARANTOR_NOTPASS,21,OFFICE_NAME,nvarchar,300,0,0,True,False
LOG_PROSPECT_GUARANTOR_NOTPASS,22,OFFICE_POSITION,nvarchar,300,0,0,True,False
LOG_PROSPECT_GUARANTOR_NOTPASS,23,WORK_YEAR,int,4,10,0,True,False
LOG_PROSPECT_GUARANTOR_NOTPASS,24,WORK_MONTH,int,4,10,0,True,False
LOG_PROSPECT_GUARANTOR_NOTPASS,25,MAIN_INCOME,float,8,53,0,True,False
LOG_PROSPECT_GUARANTOR_NOTPASS,26,EXTRA_INCOME,float,8,53,0,True,False
LOG_PROSPECT_GUARANTOR_NOTPASS,27,OFFICE_PHONE,nvarchar,100,0,0,True,False
LOG_PROSPECT_GUARANTOR_NOTPASS,28,RELATION_REF,int,4,10,0,True,False
LOG_PROSPECT_GUARANTOR_NOTPASS,29,RELATION_REF_DES,nvarchar,200,0,0,True,False
LOG_PROSPECT_GUARANTOR_NOTPASS,30,IDCARD_FILE,nvarchar,-1,0,0,True,False
LOG_PROSPECT_GUARANTOR_NOTPASS,31,SLIP_FILE,nvarchar,-1,0,0,True,False
LOG_PROSPECT_GUARANTOR_NOTPASS,32,STATEMENT_FILE,nvarchar,-1,0,0,True,False
LOG_PROSPECT_GUARANTOR_NOTPASS,33,OTHER_FILE,nvarchar,-1,0,0,True,False
LOG_PROSPECT_GUARANTOR_NOTPASS,34,ACCEPT_STATUS,bit,1,1,0,True,False
LOG_PROSPECT_GUARANTOR_NOTPASS,35,RESULT_GUARANTOR,nvarchar,100,0,0,True,False
LOG_PROSPECT_GUARANTOR_NOTPASS,36,ACTIVE_STATUS,bit,1,1,0,True,False
LOG_PROSPECT_GUARANTOR_NOTPASS,37,CREATE_DATE,datetime,8,23,3,True,False
LOG_PROSPECT_GUARANTOR_NOTPASS,38,UPDATE_DATE,datetime,8,23,3,True,False
LOG_PROSPECT_GUARANTOR_NOTPASS,39,NAME_MAKE,nvarchar,400,0,0,True,False
LOG_ReGenTAX,1,SEQ_ID,int,4,10,0,False,True
LOG_ReGenTAX,2,REPAY_ID,int,4,10,0,True,False
LOG_ReGenTAX,3,Folio,nvarchar,400,0,0,True,False
LOG_ReGenTAX,4,CREATE_DATE,datetime,8,23,3,True,False
LOG_ReGenTAX,5,CREATE_BY,nvarchar,200,0,0,True,False
LOG_REJECT,1,LOG_REJECT_ID,int,4,10,0,False,True
LOG_REJECT,2,APP_ID,int,4,10,0,True,False
LOG_REJECT,3,APPLIACTION_NUMBER,nvarchar,40,0,0,True,False
LOG_REJECT,4,QUOTATION_ID,int,4,10,0,True,False
LOG_REJECT,5,STATUS_ID,int,4,10,0,True,False
LOG_REJECT,6,REJECT_DESCRIPTION,nvarchar,510,0,0,True,False
LOG_REJECT,7,REJECT_DATE,datetime,8,23,3,True,False
LOG_REJECT,8,REJECT_BY,nvarchar,200,0,0,True,False
LOG_REJECT,9,ProcInstID,int,4,10,0,True,False
LOG_REPAIR_EFFECTIVE,1,LOG_ID,int,4,10,0,False,True
LOG_REPAIR_EFFECTIVE,2,APP_ID,int,4,10,0,True,False
LOG_REPAIR_EFFECTIVE,3,LOG_DESCRIPTION,nvarchar,-1,0,0,True,False
LOG_REPAIR_EFFECTIVE,4,LOG_DATETIME,datetime,8,23,3,True,False
LOG_REPAYMENT_RESEVER,1,ID,int,4,10,0,False,True
LOG_REPAYMENT_RESEVER,2,REPAY_ID,int,4,10,0,True,False
LOG_REPAYMENT_RESEVER,3,REPAY_CONTRACT_ID,int,4,10,0,True,False
LOG_REPAYMENT_RESEVER,4,REPAY_CUSTOMER_CARD_ID,int,4,10,0,True,False
LOG_REPAYMENT_RESEVER,5,REPAY_APP_ID,int,4,10,0,True,False
LOG_REPAYMENT_RESEVER,6,REPAY_INVOICE_ID,int,4,10,0,True,False
LOG_REPAYMENT_RESEVER,7,REPAY_STATUS_ID,int,4,10,0,True,False
LOG_REPAYMENT_RESEVER,8,REPAY_APPLICATION_NUMBER,nvarchar,40,0,0,True,False
LOG_REPAYMENT_RESEVER,9,REPAY_CONTRACT_NUMBER,nvarchar,40,0,0,True,False
LOG_REPAYMENT_RESEVER,10,REPAY_CUSTOMER_NAME,nvarchar,400,0,0,True,False
LOG_REPAYMENT_RESEVER,11,REPAY_RECEIPT_NUMBER,nvarchar,40,0,0,True,False
LOG_REPAYMENT_RESEVER,12,REPAY_INSTALL,int,4,10,0,True,False
LOG_REPAYMENT_RESEVER,13,REPAY_RESERVER_AMOUNT,float,8,53,0,True,False
LOG_REPAYMENT_RESEVER,14,RESERVER_ID,int,4,10,0,True,False
LOG_REPAYMENT_RESEVER,15,RESERVER_AMOUNT,float,8,53,0,True,False
LOG_REPAYMENT_RESEVER,16,Type,nvarchar,20,0,0,True,False
LOG_REPAYMENT_RESEVER,17,CreateBy,nvarchar,200,0,0,True,False
LOG_REPAYMENT_RESEVER,18,CreateByName,nvarchar,200,0,0,True,False
LOG_REPAYMENT_RESEVER,19,CreateByEmail,nvarchar,200,0,0,True,False
LOG_REPAYMENT_RESEVER,20,CreateDate,datetime,8,23,3,True,False
LOG_RESEND_SMS,1,Log_Resend_ID,int,4,10,0,False,True
LOG_RESEND_SMS,2,APP_ID,int,4,10,0,True,False
LOG_RESEND_SMS,3,Return_ID,int,4,10,0,True,False
LOG_RESEND_SMS,4,CreateBy,nvarchar,200,0,0,True,False
LOG_RESEND_SMS,5,CreateByName,nvarchar,200,0,0,True,False
LOG_RESEND_SMS,6,CreateByEmail,nvarchar,200,0,0,True,False
LOG_RESEND_SMS,7,CreateDate,datetime,8,23,3,True,False
LOG_RETRY_FLOW,1,LogID,int,4,10,0,False,True
LOG_RETRY_FLOW,2,Folio,nvarchar,-1,0,0,True,False
LOG_RETRY_FLOW,3,ErrorDESCR,nvarchar,-1,0,0,True,False
LOG_RETRY_FLOW,4,CreateBy,nvarchar,100,0,0,True,False
LOG_RETRY_FLOW,5,CreateDate,datetime,8,23,3,True,False
LOG_RETURN_REPAYMENT,1,ID,int,4,10,0,False,True
LOG_RETURN_REPAYMENT,2,REPAY_ID,int,4,10,0,True,False
LOG_RETURN_REPAYMENT,3,CONTRACT_NUMBER,nvarchar,40,0,0,True,False
LOG_RETURN_REPAYMENT,4,APP_ID,int,4,10,0,True,False
LOG_RETURN_REPAYMENT,5,RECEIPT_NUMBER,nvarchar,40,0,0,True,False
LOG_RETURN_REPAYMENT,6,INSTALL,int,4,10,0,True,False
LOG_RETURN_REPAYMENT,7,STATUS_ID,int,4,10,0,True,False
LOG_RETURN_REPAYMENT,8,REPAY_TYPE,int,4,10,0,True,False
LOG_RETURN_REPAYMENT,9,MAKE_DATE,date,3,10,0,True,False
LOG_RETURN_REPAYMENT,10,REPAY_DATE,date,3,10,0,True,False
LOG_RETURN_REPAYMENT,11,REPAY_NAME,nvarchar,200,0,0,True,False
LOG_RETURN_REPAYMENT,12,REPAY_PENALTY,float,8,53,0,True,False
LOG_RETURN_REPAYMENT,13,REPAY_COLLECT,float,8,53,0,True,False
LOG_RETURN_REPAYMENT,14,REPAY_AMOUNT,float,8,53,0,True,False
LOG_RETURN_REPAYMENT,15,REPAY_WHT,float,8,53,0,True,False
LOG_RETURN_REPAYMENT,16,REPAY_VAT,float,8,53,0,True,False
LOG_RETURN_REPAYMENT,17,REPAY_SUM_AMOUNT,float,8,53,0,True,False
LOG_RETURN_REPAYMENT,18,FLAG_RESERVE,int,4,10,0,True,False
LOG_RETURN_REPAYMENT,19,FLAG_EARLY_CLOSE,int,4,10,0,True,False
LOG_RETURN_REPAYMENT,20,Type,nvarchar,20,0,0,True,False
LOG_RETURN_REPAYMENT,21,CreateBy,nvarchar,200,0,0,True,False
LOG_RETURN_REPAYMENT,22,CreateByName,nvarchar,200,0,0,True,False
LOG_RETURN_REPAYMENT,23,CreateByEmail,nvarchar,200,0,0,True,False
LOG_RETURN_REPAYMENT,24,CreateDate,datetime,8,23,3,True,False
LOG_SCB_BILLPAYMENT,1,Bill_ID,int,4,10,0,False,True
LOG_SCB_BILLPAYMENT,2,type_request,varchar,50,0,0,True,False
LOG_SCB_BILLPAYMENT,3,user,varchar,100,0,0,True,False
LOG_SCB_BILLPAYMENT,4,password,varchar,100,0,0,True,False
LOG_SCB_BILLPAYMENT,5,tranID,nvarchar,200,0,0,True,False
LOG_SCB_BILLPAYMENT,6,tranDate,datetime2,6,19,0,True,False
LOG_SCB_BILLPAYMENT,7,channel,varchar,50,0,0,True,False
LOG_SCB_BILLPAYMENT,8,account,varchar,100,0,0,True,False
LOG_SCB_BILLPAYMENT,9,amount,numeric,9,10,2,True,False
LOG_SCB_BILLPAYMENT,10,reference1,varchar,100,0,0,True,False
LOG_SCB_BILLPAYMENT,11,reference2,varchar,100,0,0,True,False
LOG_SCB_BILLPAYMENT,12,reference3,varchar,100,0,0,True,False
LOG_SCB_BILLPAYMENT,13,branchCode,varchar,20,0,0,True,False
LOG_SCB_BILLPAYMENT,14,terminalID,varchar,20,0,0,True,False
LOG_SCB_BILLPAYMENT,15,CREATE_DATE,datetime2,6,19,0,True,False
LOG_SCB_BILLPAYMENT,16,CREATE_BY,varchar,50,0,0,True,False
LOG_SCB_BILLPAYMENT,17,tranDate_set,datetime2,6,19,0,True,False
LOG_SCB_BILLPAYMENT_AUTO,1,LOG_SCB_BILLPAYMENT_TID,int,4,10,0,False,True
LOG_SCB_BILLPAYMENT_AUTO,2,Bill_ID,int,4,10,0,True,False
LOG_SCB_BILLPAYMENT_AUTO,3,Repay_ID,int,4,10,0,True,False
LOG_SCB_BILLPAYMENT_AUTO,4,ReturnMessage,nvarchar,-1,0,0,True,False
LOG_SCB_BILLPAYMENT_AUTO,5,Remark,nvarchar,-1,0,0,True,False
LOG_SCB_BILLPAYMENT_AUTO,6,CreateDate,datetime,8,23,3,True,False
LOG_SCB_BILLPAYMENT_AUTO,7,CreateBy,nvarchar,100,0,0,True,False
LOG_SCB_BILLPAYMENT_AUTO,8,BANK_ID,int,4,10,0,True,False
LOG_SCB_DOWNPAYMENT,1,PAYMENT_ID,int,4,10,0,False,True
LOG_SCB_DOWNPAYMENT,2,DATE,datetime2,6,19,0,True,False
LOG_SCB_DOWNPAYMENT,3,RUNNING_NO,int,4,10,0,True,False
LOG_SCB_DOWNPAYMENT,4,PAYMENT_REF1,varchar,255,0,0,True,False
LOG_SCB_DOWNPAYMENT,5,payeeProxyId,varchar,50,0,0,True,False
LOG_SCB_DOWNPAYMENT,6,payeeProxyType,varchar,255,0,0,True,False
LOG_SCB_DOWNPAYMENT,7,payeeAccountNumber,varchar,255,0,0,True,False
LOG_SCB_DOWNPAYMENT,8,payerAccountNumber,varchar,255,0,0,True,False
LOG_SCB_DOWNPAYMENT,9,payerAccountName,nvarchar,510,0,0,True,False
LOG_SCB_DOWNPAYMENT,10,payerName,nvarchar,510,0,0,True,False
LOG_SCB_DOWNPAYMENT,11,sendingBankCode,varchar,255,0,0,True,False
LOG_SCB_DOWNPAYMENT,12,receivingBankCode,varchar,255,0,0,True,False
LOG_SCB_DOWNPAYMENT,13,amount,numeric,9,10,2,True,False
LOG_SCB_DOWNPAYMENT,14,transactionId,varchar,255,0,0,True,False
LOG_SCB_DOWNPAYMENT,15,transactionDateandTime,datetime2,8,27,7,True,False
LOG_SCB_DOWNPAYMENT,16,billPaymentRef1,varchar,255,0,0,True,False
LOG_SCB_DOWNPAYMENT,17,billPaymentRef2,varchar,255,0,0,True,False
LOG_SCB_DOWNPAYMENT,18,billPaymentRef3,varchar,255,0,0,True,False
LOG_SCB_DOWNPAYMENT,19,currencyCode,varchar,255,0,0,True,False
LOG_SCB_DOWNPAYMENT,20,channelCode,varchar,255,0,0,True,False
LOG_SCB_DOWNPAYMENT,21,transactionType,varchar,255,0,0,True,False
LOG_SCB_DOWNPAYMENT,22,CREATE_DATE,datetime2,6,19,0,True,False
LOG_SCB_DOWNPAYMENT,23,CREATE_BY,varchar,255,0,0,True,False
LOG_SEND_SMS,1,SMS_ID,int,4,10,0,False,True
LOG_SEND_SMS,2,DATE,date,3,10,0,True,False
LOG_SEND_SMS,3,RUNNING_NO,int,4,10,0,True,False
LOG_SEND_SMS,4,CONTRACT_ID,varchar,30,0,0,True,False
LOG_SEND_SMS,5,QUOTATION_ID,varchar,30,0,0,True,False
LOG_SEND_SMS,6,APP_ID,varchar,30,0,0,True,False
LOG_SEND_SMS,7,TRANSECTION_TYPE,varchar,30,0,0,True,False
LOG_SEND_SMS,8,TRANSECTION_ID,varchar,50,0,0,True,False
LOG_SEND_SMS,9,DUE_DATE,date,3,10,0,True,False
LOG_SEND_SMS,10,SEND_DATE,date,3,10,0,True,False
LOG_SEND_SMS,11,SEND_TIME,time,5,16,7,True,False
LOG_SEND_SMS,12,SEND_Phone,varchar,15,0,0,True,False
LOG_SEND_SMS,13,SMS_RESPONSE_CODE,varchar,10,0,0,True,False
LOG_SEND_SMS,14,SMS_RESPONSE_MESSAGE,varchar,255,0,0,True,False
LOG_SEND_SMS,15,SMS_RESPONSE_JOB_ID,varchar,50,0,0,True,False
LOG_SEND_SMS,16,SMS_RESPONSE_MSG_ID,varchar,150,0,0,True,False
LOG_SEND_SMS,17,SMS_TEXT_MESSAGE,nvarchar,-1,0,0,True,False
LOG_SEND_SMS,18,SMS_CREDIT_USED,int,4,10,0,True,False
LOG_SEND_SMS,19,SMS_Status_Delivery,varchar,255,0,0,True,False
LOG_SEND_SMS,20,USER_SEND,varchar,255,0,0,True,False
LOG_SendAPI,1,SEQ_ID,int,4,10,0,False,True
LOG_SendAPI,2,APP_ID,int,4,10,0,True,False
LOG_SendAPI,3,QUOTATION,int,4,10,0,True,False
LOG_SendAPI,4,API_JSON,nvarchar,-1,0,0,True,False
LOG_SendAPI,5,API_PROJECT,varchar,50,0,0,True,False
LOG_SendAPI,6,Response,nvarchar,-1,0,0,True,False
LOG_SendAPI,7,CREATEDATE,datetime,8,23,3,True,False
LOG_SETUP_GuarantorOCCU,1,id,int,4,10,0,False,True
LOG_SETUP_GuarantorOCCU,2,Ocpt_ID,nvarchar,100,0,0,True,False
LOG_SETUP_GuarantorOCCU,3,Ocpt_name,nvarchar,100,0,0,True,False
LOG_SETUP_GuarantorOCCU,4,Flag_Ocpt,nvarchar,100,0,0,True,False
LOG_SETUP_GuarantorOCCU,5,GROUP_INCOME,nvarchar,100,0,0,True,False
LOG_SETUP_GuarantorOCCU,6,GROUP_TYPE,nvarchar,100,0,0,True,False
LOG_SETUP_GuarantorOCCU,7,GROUP_RISK,nvarchar,100,0,0,True,False
LOG_SETUP_GuarantorOCCU,8,Ocpt_ActiveType,nvarchar,100,0,0,True,False
LOG_SETUP_GuarantorOCCU,9,CreateBy,nvarchar,100,0,0,True,False
LOG_SETUP_GuarantorOCCU,10,CreateByName,nvarchar,100,0,0,True,False
LOG_SETUP_GuarantorOCCU,11,CreateDate,date,3,10,0,True,False
LOG_SIGNATURE,1,SIG_ID,int,4,10,0,False,True
LOG_SIGNATURE,2,APP_ID,int,4,10,0,True,False
LOG_SIGNATURE,3,DS_FILE,nvarchar,-1,0,0,True,False
LOG_SIGNATURE,4,DS_PDPA,nvarchar,-1,0,0,True,False
LOG_SIGNATURE,5,DS_MKR,nvarchar,-1,0,0,True,False
LOG_SIGNATURE,6,CREATE_DATETIME,datetimeoffset,10,34,7,True,False
LOG_SIGNATURE,7,CREATE_BY,nvarchar,200,0,0,True,False
LOG_Temp_TAX_Down0,1,ID,int,4,10,0,False,True
LOG_Temp_TAX_Down0,2,TAX_ID,nvarchar,26,0,0,True,False
LOG_Temp_TAX_Down0,3,Remark,nvarchar,-1,0,0,True,False
LOG_Temp_TAX_Down0,4,Active,bit,1,1,0,True,False
LOG_Temp_TAX_Down0,5,Type,nvarchar,20,0,0,True,False
LOG_Temp_TAX_Down0,6,CreateBy,nvarchar,200,0,0,True,False
LOG_Temp_TAX_Down0,7,CreateByName,nvarchar,200,0,0,True,False
LOG_Temp_TAX_Down0,8,CreateByEmail,nvarchar,200,0,0,True,False
LOG_Temp_TAX_Down0,9,CreateDate,datetime,8,23,3,True,False
LOGGED_EMAIL_HEADER,1,id,int,4,10,0,False,True
LOGGED_EMAIL_HEADER,2,bulkId,nvarchar,400,0,0,False,False
LOGGED_EMAIL_HEADER,3,code,int,4,10,0,False,False
LOGGED_EMAIL_HEADER,4,message,nvarchar,-1,0,0,True,False
LOGGED_EMAIL_HEADER,5,send_date,datetime,8,23,3,False,False
LOGGED_EMAIL_HEADER,6,checked,nchar,20,0,0,True,False
LOGGED_EMAIL_LISTS,1,id,int,4,10,0,False,True
LOGGED_EMAIL_LISTS,2,header_id,int,4,10,0,True,False
LOGGED_EMAIL_LISTS,3,message_bulkId,nvarchar,400,0,0,False,False
LOGGED_EMAIL_LISTS,4,message_transId,nvarchar,400,0,0,False,False
LOGGED_EMAIL_LISTS,5,form,nvarchar,100,0,0,True,False
LOGGED_EMAIL_LISTS,6,to,nvarchar,100,0,0,True,False
LOGGED_EMAIL_LISTS,7,user_open,int,4,10,0,True,False
LOGGED_EMAIL_LISTS,8,user_click,int,4,10,0,True,False
LOGGED_EMAIL_LISTS,9,timestamp,datetime,8,23,3,True,False
LOGGED_EMAIL_LISTS,10,status,nvarchar,300,0,0,True,False
LOGGED_EMAIL_LISTS,11,errors,nvarchar,100,0,0,True,False
LOGGED_EMAIL_LISTS,12,create_date,timestamp,8,0,0,False,False
LOGGED_EMAIL_LISTS,13,update_date,datetime,8,23,3,True,False
LOGGED_EMAIL_LISTS,14,project_code,nvarchar,100,0,0,True,False
LOGGED_EMAIL_LISTS,15,transection_id,int,4,10,0,True,False
LOGS_BLACKLIST,1,LOGS_BLACKLIST_ID,int,4,10,0,False,True
LOGS_BLACKLIST,2,BLACKLIST_ID,int,4,10,0,True,False
LOGS_BLACKLIST,3,PERSON_ID,int,4,10,0,True,False
LOGS_BLACKLIST,4,CONTRACT_ID,int,4,10,0,True,False
LOGS_BLACKLIST,5,CUSTOMER_NAME,nvarchar,400,0,0,True,False
LOGS_BLACKLIST,6,TAX_ID,nvarchar,26,0,0,True,False
LOGS_BLACKLIST,7,BLACKLIST_Status,bit,1,1,0,True,False
LOGS_BLACKLIST,8,BLACKLIST_LEVEL_Code,nvarchar,4,0,0,True,False
LOGS_BLACKLIST,9,BLACKLIST_RemarkBlacklist,nvarchar,-1,0,0,True,False
LOGS_BLACKLIST,10,BLACKLIST_RemarkUnlock,nvarchar,-1,0,0,True,False
LOGS_BLACKLIST,11,BLACKLIST_StartDate,date,3,10,0,True,False
LOGS_BLACKLIST,12,BLACKLIST_EndDate,date,3,10,0,True,False
LOGS_BLACKLIST,13,BLACKLIST_DayAmount,int,4,10,0,True,False
LOGS_BLACKLIST,14,BLACKLIST_CREATE_BY,nvarchar,200,0,0,True,False
LOGS_BLACKLIST,15,BLACKLIST_CREATE_NAME,nvarchar,200,0,0,True,False
LOGS_BLACKLIST,16,BLACKLIST_CREAT_EMAIL,nvarchar,200,0,0,True,False
LOGS_BLACKLIST,17,BLACKLIST_CREATE_DATE,datetime,8,23,3,True,False
LOGS_CALL_API,1,ID,int,4,10,0,False,True
LOGS_CALL_API,2,HTTP_PATH,nvarchar,-1,0,0,True,False
LOGS_CALL_API,3,HTTP_BODY,nvarchar,-1,0,0,True,False
LOGS_CALL_API,4,RESPONSE_STATUS,nvarchar,-1,0,0,True,False
LOGS_CALL_API,5,CALL_DATETIME,datetime,8,23,3,True,False
LOGS_EMAIL_OTP,1,OTP_ID,int,4,10,0,False,True
LOGS_EMAIL_OTP,2,REF_CODE,varchar,10,0,0,True,False
LOGS_EMAIL_OTP,3,FLAG_USE,bit,1,1,0,False,False
LOGS_EMAIL_OTP,4,OTP_CODE,varchar,10,0,0,True,False
LOGS_EMAIL_OTP,5,EMAIL,varchar,100,0,0,True,False
LOGS_EMAIL_OTP,6,CREATED_AT,datetime,8,23,3,True,False
LOGS_EMAIL_OTP,7,UPDATED_AT,datetime,8,23,3,True,False
LOGS_EMAIL_OTP,8,EXPIRYDATE,datetime,8,23,3,True,False
LOGS_EMAIL_OTP,9,USED_AT,datetime,8,23,3,True,False
LOGS_EMAIL_OTP,10,QT_ID,int,4,10,0,True,False
LOGS_SEND_INET,1,SEQ_ID,int,4,10,0,False,True
LOGS_SEND_INET,2,TYPE,varchar,50,0,0,True,False
LOGS_SEND_INET,3,REF_TYPE,varchar,50,0,0,True,False
LOGS_SEND_INET,4,REF_ID,int,4,10,0,True,False
LOGS_SEND_INET,5,DOC_NO,nvarchar,40,0,0,True,False
LOGS_SEND_INET,6,FILE_PATH,nvarchar,400,0,0,True,False
LOGS_SEND_INET,7,STATUS,varchar,100,0,0,True,False
LOGS_SEND_INET,8,ERROR_MESSAGE,nvarchar,-1,0,0,True,False
LOGS_SEND_INET,9,CREATE_BY,nvarchar,200,0,0,True,False
LOGS_SEND_INET,10,CREATE_DATE,datetime,8,23,3,True,False
LOGS_SEND_INET,11,SEND_DATE,datetime,8,23,3,True,False
LOGS_SEND_INET,12,TRANSACTION_CODE,uniqueidentifier,16,0,0,True,False
LOGS_SEND_INET,13,ERROR_CODE,char,20,0,0,True,False
LTO_MT_BusinessType,1,LTO_BSN_Type_ID,int,4,10,0,False,False
LTO_MT_BusinessType,2,LTO_BSN_Type_Name,nvarchar,200,0,0,True,False
LTO_MT_BusinessType,3,LTO_OCC_Type_ID,int,4,10,0,True,False
LTO_MT_OccupationType,1,LTO_OCC_Type_ID,int,4,10,0,False,False
LTO_MT_OccupationType,2,LTO_OCC_Type_Name,nvarchar,200,0,0,True,False
LTO_MT_OccupationType,3,Ocpt_ID,int,4,10,0,True,False
MastersUserGroup,1,id,int,4,10,0,False,True
MastersUserGroup,2,UserGroupCode,nvarchar,16,0,0,True,False
MastersUserGroup,3,UserGroupName,nvarchar,150,0,0,True,False
MastersUserGroup,4,UserGroupStatus,int,4,10,0,True,False
MastersUserGroup,5,CreateTime,datetime,8,23,3,True,False
MDM_HISTORY_APPLE,1,MDM_ID,int,4,10,0,False,True
MDM_HISTORY_APPLE,2,CONTRACT_NUMBER,nvarchar,40,0,0,True,False
MDM_HISTORY_APPLE,3,MDM_STATUS,varchar,20,0,0,False,False
MDM_HISTORY_APPLE,4,SEND_CREATEDDATETIME,datetime,8,23,3,False,False
MDM_HISTORY_APPLE,5,RECEIVE_DATETIME,datetime,8,23,3,False,False
MDM_HISTORY_APPLE,6,STATUS,varchar,10,0,0,False,False
MDM_HISTORY_APPLE,7,SEND_JSON,varchar,1000,0,0,True,False
MDM_HISTORY_APPLE,8,RECEIVE_JSON,varchar,1000,0,0,True,False
MDM_HISTORY_APPLE,9,BRAND,varchar,20,0,0,False,False
MDM_HISTORY_APPLE,10,IMEI,varchar,50,0,0,False,False
MDM_HISTORY_APPLE,11,STEP,varchar,50,0,0,True,False
MT_ACCOUNT,1,MT_ACCOUNT_ID,int,4,10,0,False,False
MT_ACCOUNT,2,APAR_CODE,nvarchar,40,0,0,True,False
MT_ACCOUNT,3,ACCOUNT_CODE,nvarchar,40,0,0,True,False
MT_ACCOUNT,4,ACCOUNT_CATEGORY,nvarchar,10,0,0,True,False
MT_ACCOUNT,5,ACCOUNT_DESCIPTION,nvarchar,400,0,0,True,False
MT_ACCOUNT_CATEGORY,1,id,int,4,10,0,False,True
MT_ACCOUNT_CATEGORY,2,category_nameTH,nvarchar,40,0,0,True,False
MT_ACCOUNT_CATEGORY,3,category_nameEN,nvarchar,40,0,0,True,False
MT_ACCOUNT_CATEGORY,4,category_No,int,4,10,0,True,False
MT_ADDRESS_TYPE,1,ADRTYPE_ID,int,4,10,0,False,False
MT_ADDRESS_TYPE,2,ADRTYPE_NAME,nvarchar,100,0,0,True,False
MT_AddressKYC,1,Addr_KYC_ID,int,4,10,0,False,True
MT_AddressKYC,2,Addr_KYC_Name,nvarchar,200,0,0,True,False
MT_AddressKYC,3,ACTIVE_STATUS,bit,1,1,0,True,False
MT_AddressKYC,4,CREATEBY,nvarchar,200,0,0,True,False
MT_AddressKYC,5,CREATEBYNAME,nvarchar,200,0,0,True,False
MT_AddressKYC,6,CREATEBYEMAIL,nvarchar,200,0,0,True,False
MT_AddressKYC,7,CREATEDATE,datetime,8,23,3,True,False
MT_AddressKYC,8,UPDATEBY,nvarchar,200,0,0,True,False
MT_AddressKYC,9,UPDATEBYNAME,nvarchar,200,0,0,True,False
MT_AddressKYC,10,UPDATEBYEMAIL,nvarchar,200,0,0,True,False
MT_AddressKYC,11,UPDATEDATE,datetime,8,23,3,True,False
MT_APPROVE_CUSTOMER,1,APR_CUS_ID,int,4,10,0,False,False
MT_APPROVE_CUSTOMER,2,APPROVE_CUSTOMER_TYPE,nvarchar,200,0,0,True,False
MT_APPROVE_CUSTOMER,3,INTEREST,float,8,53,0,True,False
MT_APPROVE_CUSTOMER,4,ACTIVE_SUB_LEVEL,bit,1,1,0,True,False
MT_APPROVE_CUSTOMER,5,ACTIVE_STATUS,bit,1,1,0,True,False
MT_APPROVE_CUSTOMER_SUB_LEVEL,1,SEQ_ID,int,4,10,0,False,True
MT_APPROVE_CUSTOMER_SUB_LEVEL,2,APR_CUS_ID,int,4,10,0,True,False
MT_APPROVE_CUSTOMER_SUB_LEVEL,3,ORDER_ID,int,4,10,0,True,False
MT_APPROVE_CUSTOMER_SUB_LEVEL,4,DESCRIPTION,nvarchar,200,0,0,True,False
MT_APPROVE_CUSTOMER_SUB_LEVEL,5,INTEREST,float,8,53,0,True,False
MT_APPROVE_CUSTOMER_SUB_LEVEL,6,FLAG_CREDIT_LIMIT,bit,1,1,0,True,False
MT_APPROVE_CUSTOMER_SUB_LEVEL,7,ACTIVE_STATUS,bit,1,1,0,True,False
MT_APPROVE_CUSTOMER_SUB_LEVEL,8,EFFECTIVE_DATE,date,3,10,0,True,False
MT_APPROVE_CUSTOMER_SUB_LEVEL,9,EXIRED_DATE,date,3,10,0,True,False
MT_APPROVE_CUSTOMER_SUB_LEVEL,10,CREATE_DATE,datetime,8,23,3,True,False
MT_APPROVE_CUSTOMER_SUB_LEVEL,11,CREATE_BY,varchar,50,0,0,True,False
MT_APPROVE_CUSTOMER_SUB_LEVEL,12,UPDATE_DATE,datetime,8,23,3,True,False
MT_APPROVE_CUSTOMER_SUB_LEVEL,13,UPDATE_BY,varchar,50,0,0,True,False
MT_APPROVE_CUSTOMER_SUB_LEVEL,14,BRAND_PRODUCT,nvarchar,200,0,0,True,False
MT_APPROVE_CUSTOMER_SUB_LEVEL,15,URL_IMAGE,varchar,100,0,0,True,False
MT_APPROVE_TYPE,1,APR_ID,int,4,10,0,False,False
MT_APPROVE_TYPE,2,APPROVE_TYPE,nvarchar,100,0,0,True,False
MT_BALLOON_INSTALLMENT,1,INSTALL_BALLOON_ID,int,4,10,0,False,True
MT_BALLOON_INSTALLMENT,2,INSTALL_BALLOON,nvarchar,10,0,0,True,False
MT_BALLOON_INSTALLMENT,3,INSTALL_RETURN,int,4,10,0,True,False
MT_BALLOON_INSTALLMENT,4,BALLOON_PERCENT,float,8,53,0,True,False
MT_BALLOON_INSTALLMENT,5,SERIES_ID,int,4,10,0,True,False
MT_BALLOON_INSTALLMENT,6,ACTIVE_STATUS,nvarchar,20,0,0,True,False
MT_BANK,1,MT_BANK_ID,int,4,10,0,False,False
MT_BANK,2,BANK_NAME,nvarchar,400,0,0,True,False
MT_BANK,3,ABBV,nvarchar,100,0,0,True,False
MT_BANK_ACCOUNT,1,BANK_ID,int,4,10,0,False,True
MT_BANK_ACCOUNT,2,BANK_NAME,nvarchar,100,0,0,True,False
MT_BANK_ACCOUNT,3,ABBV,nvarchar,100,0,0,True,False
MT_BANK_ACCOUNT,4,BANK_CODE,nvarchar,100,0,0,True,False
MT_BLACKLIST_LEVEL,1,BLACKLIST_LEVEL_ID,int,4,10,0,False,True
MT_BLACKLIST_LEVEL,2,BLACKLIST_LEVEL_Code,nvarchar,4,0,0,True,False
MT_BLACKLIST_LEVEL,3,BLACKLIST_LEVEL_Name,nvarchar,200,0,0,True,False
MT_BLACKLIST_LEVEL,4,BLACKLIST_LEVEL_StopFlow,bit,1,1,0,True,False
MT_BLACKLIST_LEVEL,5,BLACKLIST_LEVEL_Active,bit,1,1,0,True,False
MT_BRANCH_TYPE,1,BRANCH_TYPE_ID,int,4,10,0,False,False
MT_BRANCH_TYPE,2,BRANCH_NAME,nvarchar,200,0,0,True,False
MT_BRANCH_TYPE,3,ACTIVE_STATUS,nvarchar,20,0,0,True,False
MT_BRANCH_TYPE,4,PS_GROUP_BU_ID,int,4,10,0,True,False
MT_BRANCH_TYPE,5,GROUP_BRAND,int,4,10,0,True,False
MT_BRANCH_TYPE,6,CREATE_DATE,datetime,8,23,3,True,False
MT_BRANCH_TYPE,7,CREATE_BY,nvarchar,200,0,0,True,False
MT_BRANCH_TYPE,8,UPDATE_DATE,datetime,8,23,3,True,False
MT_BRANCH_TYPE,9,UPDATE_BY,nvarchar,200,0,0,True,False
MT_BRANCH_TYPE,10,EMAIL,varchar,100,0,0,True,False
MT_BRAND,1,BRAND_ID,int,4,10,0,False,False
MT_BRAND,2,BRAND_CODE,nvarchar,10,0,0,True,False
MT_BRAND,3,BRAND_NAME,nvarchar,100,0,0,True,False
MT_BRAND,4,PRODUCT_CATEGORY_ID,int,4,10,0,True,False
MT_BRAND,5,PRODUCT_CATEGORY_NAME,nvarchar,100,0,0,True,False
MT_BRAND,6,ACTIVE_STATUS,bit,1,1,0,True,False
MT_BRAND,7,ACTIVE_STATUS_PFUND,bit,1,1,0,True,False
MT_BRAND,8,UPhone_Active,bit,1,1,0,True,False
MT_Cal_Down,1,Down_ID,int,4,10,0,False,True
MT_Cal_Down,2,Down_Name,nvarchar,100,0,0,True,False
MT_Cal_Down,3,Down_Description,nvarchar,-1,0,0,True,False
MT_Cal_Down,4,Down_Percent,decimal,9,18,0,True,False
MT_Cal_Down,5,Down_Order,int,4,10,0,True,False
MT_Cal_Down,6,Down_Active,bit,1,1,0,True,False
MT_Cal_Down,7,Down_CreateBy,nvarchar,200,0,0,True,False
MT_Cal_Down,8,Down_CreateByName,nvarchar,400,0,0,True,False
MT_Cal_Down,9,Down_CreateByEmail,nvarchar,400,0,0,True,False
MT_Cal_Down,10,Down_CreateDate,datetime,8,23,3,True,False
MT_Cal_Down,11,Down_UpdateBy,nvarchar,200,0,0,True,False
MT_Cal_Down,12,Down_UpdateByName,nvarchar,400,0,0,True,False
MT_Cal_Down,13,Down_UpdateByEmail,nvarchar,400,0,0,True,False
MT_Cal_Install,1,Install_ID,int,4,10,0,False,True
MT_Cal_Install,2,Install_Name,nvarchar,100,0,0,True,False
MT_Cal_Install,3,Install_Description,nvarchar,-1,0,0,True,False
MT_Cal_Install,4,Install_Install,int,4,10,0,True,False
MT_Cal_Install,5,Install_Order,int,4,10,0,True,False
MT_Cal_Install,6,Install_Active,bit,1,1,0,True,False
MT_Cal_Install,7,Install_CreateBy,nvarchar,200,0,0,True,False
MT_Cal_Install,8,Install_CreateByName,nvarchar,400,0,0,True,False
MT_Cal_Install,9,Install_CreateByEmail,nvarchar,400,0,0,True,False
MT_Cal_Install,10,Install_CreateDate,datetime,8,23,3,True,False
MT_Cal_Install,11,Install_UpdateBy,nvarchar,200,0,0,True,False
MT_Cal_Install,12,Install_UpdateByName,nvarchar,400,0,0,True,False
MT_Cal_Install,13,Install_UpdateByEmail,nvarchar,400,0,0,True,False
MT_Cal_Interest,1,Interest_ID,int,4,10,0,False,True
MT_Cal_Interest,2,Interest_Name,nvarchar,100,0,0,True,False
MT_Cal_Interest,3,Interest_Description,nvarchar,-1,0,0,True,False
MT_Cal_Interest,4,Interest_Percent,decimal,9,18,2,True,False
MT_Cal_Interest,5,Interest_Order,int,4,10,0,True,False
MT_Cal_Interest,6,Interest_Active,bit,1,1,0,True,False
MT_Cal_Interest,7,Interest_CreateBy,nvarchar,200,0,0,True,False
MT_Cal_Interest,8,Interest_CreateByName,nvarchar,400,0,0,True,False
MT_Cal_Interest,9,Interest_CreateByEmail,nvarchar,400,0,0,True,False
MT_Cal_Interest,10,Interest_CreateDate,datetime,8,23,3,True,False
MT_Cal_Interest,11,Interest_UpdateBy,nvarchar,200,0,0,True,False
MT_Cal_Interest,12,Interest_UpdateByName,nvarchar,400,0,0,True,False
MT_Cal_Interest,13,Interest_UpdateByEmail,nvarchar,400,0,0,True,False
MT_CAMPUS,1,MT_CAMPUS_ID,int,4,10,0,False,False
MT_CAMPUS,2,CAMPUS_CODE,nvarchar,10,0,0,True,False
MT_CAMPUS,3,MT_UNIVERSITY_ID,int,4,10,0,True,False
MT_CAMPUS,4,CAMPUS_NAME,nvarchar,400,0,0,True,False
MT_CATEGORY,1,CATEGORY_ID,int,4,10,0,False,False
MT_CATEGORY,2,CATEGORY_CODE,nvarchar,10,0,0,True,False
MT_CATEGORY,3,CATEGORY_NAME,nvarchar,100,0,0,True,False
MT_CATEGORY,4,GROUP_CATE_ID,int,4,10,0,True,False
MT_CATEGORY,5,BUNDLE_WARRANTY_STATUS,nvarchar,20,0,0,True,False
MT_CATEGORY,6,ACTIVE_STATUS,nvarchar,20,0,0,True,False
MT_COLLECTION,1,RESULT_DEBT_ID,int,4,10,0,False,False
MT_COLLECTION,2,RESULT_DEBT_NAME,nvarchar,100,0,0,True,False
MT_COLLECTION_COLLECTOR,1,CURRENT_DUE_DATE,date,3,10,0,False,False
MT_COLLECTION_COLLECTOR,2,EMP_Code,int,4,10,0,False,False
MT_COLLECTION_COLLECTOR,3,EMP_Name,nvarchar,200,0,0,False,False
MT_COLLECTION_COLLECTOR,4,Team,nvarchar,200,0,0,False,False
MT_COLLECTION_COLLECTOR,5,OA_Score,numeric,5,5,4,True,False
MT_COLLECTION_COLLECTOR,6,OA_Rank,int,4,10,0,True,False
MT_COLLECTION_COLLECTOR,7,Percent_OA_Assign,numeric,5,3,2,True,False
MT_COLLECTION_COLLECTOR,8,OA_Performance_Date,date,3,10,0,True,False
MT_COLOR,1,MT_COLOR_ID,int,4,10,0,False,False
MT_COLOR,2,COLOR_NAME,nvarchar,200,0,0,True,False
MT_COLOR,3,SUB_SERIES_ID,int,4,10,0,True,False
MT_COLOR,4,SERIES_ID,int,4,10,0,True,False
MT_COLOR,5,ACTIVE_STATUS,nvarchar,20,0,0,True,False
MT_CONTACT_CATEGORY,1,CONTACT_CATEGORY_ID,int,4,10,0,False,True
MT_CONTACT_CATEGORY,2,CONTACT_CATEGORY_NAME,nvarchar,100,0,0,True,False
MT_CONTACT_CATEGORY,3,ACTIVE_STATUS,bit,1,1,0,True,False
MT_CONTACT_CATEGORY,4,ORDERBY,int,4,10,0,True,False
MT_CONTACT_CATEGORY,5,CREATEBY,nvarchar,200,0,0,True,False
MT_CONTACT_CATEGORY,6,CREATEBYNAME,nvarchar,200,0,0,True,False
MT_CONTACT_CATEGORY,7,CREATEBYEMAIL,nvarchar,200,0,0,True,False
MT_CONTACT_CATEGORY,8,CREATEDATE,datetime,8,23,3,True,False
MT_CONTACT_CATEGORY,9,UPDATEBY,nvarchar,200,0,0,True,False
MT_CONTACT_CATEGORY,10,UPDATEBYNAME,nvarchar,200,0,0,True,False
MT_CONTACT_CATEGORY,11,UPDATEBYEMAIL,nvarchar,200,0,0,True,False
MT_CONTACT_CATEGORY,12,UPDATEDATE,datetime,8,23,3,True,False
MT_CONTACT_RESULT,1,MT_CONTACT_ID,int,4,10,0,False,False
MT_CONTACT_RESULT,2,CONTACT_TYPE,nvarchar,100,0,0,True,False
MT_CUSTOMER_SIM,1,MT_CUSTOMER_SIM_ID,int,4,10,0,False,False
MT_CUSTOMER_SIM,2,MT_CUSTOMER_SIM_DETAIL,nvarchar,100,0,0,True,False
MT_CUSTOMER_SIM,3,ACTIVE_STATUS,nvarchar,4,0,0,True,False
MT_CUSTOMER_TYPE,1,CUST_TYPE_ID,int,4,10,0,False,False
MT_CUSTOMER_TYPE,2,TYPE_NAME,nvarchar,40,0,0,True,False
MT_Debt_Group_Status,1,id,int,4,10,0,False,True
MT_Debt_Group_Status,2,GroupName,nvarchar,600,0,0,True,False
MT_Debt_Group_Status,3,Active_Status,bit,1,1,0,True,False
MT_DebtContactStatus,1,ID,int,4,10,0,False,True
MT_DebtContactStatus,2,Debt_Contact_Status_Name,nvarchar,500,0,0,True,False
MT_DebtContactStatus,3,StatusGroup,int,4,10,0,True,False
MT_DebtContactStatus,4,ActiveStatus,bit,1,1,0,True,False
MT_DebtContactStatus,5,Create_Date,datetime,8,23,3,True,False
MT_DebtContactStatus,6,Create_By,nvarchar,200,0,0,True,False
MT_DebtContactStatus,7,Update_Date,datetime,8,23,3,True,False
MT_DebtContactStatus,8,Update_By,nvarchar,200,0,0,True,False
MT_DELIVERY_TYPE,1,Delivery_ID,int,4,10,0,False,True
MT_DELIVERY_TYPE,2,Delivery_Code,nvarchar,200,0,0,True,False
MT_DELIVERY_TYPE,3,Delivery_Name,nvarchar,200,0,0,True,False
MT_DELIVERY_TYPE,4,Delivery_Description,nvarchar,-1,0,0,True,False
MT_DELIVERY_TYPE,5,Delivery_Order,int,4,10,0,True,False
MT_DELIVERY_TYPE,6,Delivery_Active,bit,1,1,0,True,False
MT_DELIVERY_TYPE,7,Delivery_CreateBy,nvarchar,200,0,0,True,False
MT_DELIVERY_TYPE,8,Delivery_CreateByName,nvarchar,200,0,0,True,False
MT_DELIVERY_TYPE,9,Delivery_CreateByEmail,nvarchar,200,0,0,True,False
MT_DELIVERY_TYPE,10,Delivery_CreateDate,datetime,8,23,3,True,False
MT_DELIVERY_TYPE,11,Delivery_UpdateBy,nvarchar,200,0,0,True,False
MT_DELIVERY_TYPE,12,Delivery_UpdateByName,nvarchar,200,0,0,True,False
MT_DELIVERY_TYPE,13,Delivery_UpdateByEmail,nvarchar,200,0,0,True,False
MT_DELIVERY_TYPE,14,Delivery_UpdateDate,datetime,8,23,3,True,False
MT_DISEASE,1,ID,int,4,10,0,False,True
MT_DISEASE,2,Disease_NAME,nvarchar,200,0,0,True,False
MT_DISEASE,3,Active_Status,bit,1,1,0,True,False
MT_DISTRICT,1,DISTRICT_ID,int,4,10,0,False,False
MT_DISTRICT,2,DISTRICT_NAME,nvarchar,60,0,0,True,False
MT_DISTRICT,3,PROVINCE_ID,int,4,10,0,True,False
MT_DOWN,1,DOWN_ID,int,4,10,0,False,False
MT_DOWN,2,DOWN,nvarchar,20,0,0,True,False
MT_DOWN_TYPE,1,MT_DOWN_TYPE_ID,int,4,10,0,False,True
MT_DOWN_TYPE,2,MT_DOWN_TYPE_NAME,nvarchar,100,0,0,True,False
MT_DOWN_TYPE,3,ACTIVE_STATUS,nvarchar,40,0,0,True,False
MT_DownPercent,1,CATEGORY_ID,int,4,10,0,False,False
MT_DownPercent,2,CATEGORY_NAME,nvarchar,100,0,0,True,False
MT_DownPercent,3,MT_UNIVERSITY_ID,int,4,10,0,False,False
MT_DownPercent,4,UNIVERSITY_NAME,nvarchar,400,0,0,True,False
MT_DownPercent,5,MT_FACULTY_ID,int,4,10,0,False,False
MT_DownPercent,6,FACULTY_NAME,nvarchar,400,0,0,True,False
MT_DownPercent,7,SERIES_ID,int,4,10,0,False,False
MT_DownPercent,8,SERIES_NAME,nvarchar,400,0,0,True,False
MT_DownPercent,9,SUB_SERIES_ID,int,4,10,0,True,False
MT_DownPercent,10,SUB_SERIES_NAME,nvarchar,400,0,0,True,False
MT_DownPercent,11,COLOR_ID,int,4,10,0,True,False
MT_DownPercent,12,COLOR_NAME,nvarchar,400,0,0,True,False
MT_DownPercent,13,OPTION01_NAME,nvarchar,200,0,0,True,False
MT_DownPercent,14,OPTION01_FUNCTION,decimal,9,10,2,True,False
MT_DownPercent,15,OPTION02_NAME,nvarchar,200,0,0,True,False
MT_DownPercent,16,OPTION02_FUNCTION,bit,1,1,0,True,False
MT_DownPercent,17,OPTION03_NAME,nvarchar,200,0,0,True,False
MT_DownPercent,18,OPTION03_FUNCTION,nvarchar,10,0,0,True,False
MT_DownPercent,19,ACTIVE_STATUS,bit,1,1,0,True,False
MT_DownPercent,20,CREATEBY,nvarchar,200,0,0,True,False
MT_DownPercent,21,CREATEBYNAME,nvarchar,200,0,0,True,False
MT_DownPercent,22,CREATEBYEMAIL,nvarchar,200,0,0,True,False
MT_DownPercent,23,CREATEDATE,datetime,8,23,3,True,False
MT_DownPercent,24,UPDATEBY,nvarchar,200,0,0,True,False
MT_DownPercent,25,UPDATEBYNAME,nvarchar,200,0,0,True,False
MT_DownPercent,26,UPDATEBYEMAIL,nvarchar,200,0,0,True,False
MT_DownPercent,27,UPDATEDATE,datetime,8,23,3,True,False
MT_DownPercent_AKETEST,1,CATEGORY_ID,int,4,10,0,False,False
MT_DownPercent_AKETEST,2,CATEGORY_NAME,nvarchar,100,0,0,True,False
MT_DownPercent_AKETEST,3,MT_UNIVERSITY_ID,int,4,10,0,False,False
MT_DownPercent_AKETEST,4,UNIVERSITY_NAME,nvarchar,400,0,0,True,False
MT_DownPercent_AKETEST,5,MT_FACULTY_ID,int,4,10,0,False,False
MT_DownPercent_AKETEST,6,FACULTY_NAME,nvarchar,400,0,0,True,False
MT_DownPercent_AKETEST,7,SERIES_ID,int,4,10,0,False,False
MT_DownPercent_AKETEST,8,SERIES_NAME,nvarchar,400,0,0,True,False
MT_DownPercent_AKETEST,9,SUB_SERIES_ID,int,4,10,0,True,False
MT_DownPercent_AKETEST,10,SUB_SERIES_NAME,nvarchar,400,0,0,True,False
MT_DownPercent_AKETEST,11,COLOR_ID,int,4,10,0,True,False
MT_DownPercent_AKETEST,12,COLOR_NAME,nvarchar,400,0,0,True,False
MT_DownPercent_AKETEST,13,OPTION01_NAME,nvarchar,200,0,0,True,False
MT_DownPercent_AKETEST,14,OPTION01_FUNCTION,decimal,9,10,2,True,False
MT_DownPercent_AKETEST,15,OPTION02_NAME,nvarchar,200,0,0,True,False
MT_DownPercent_AKETEST,16,OPTION02_FUNCTION,bit,1,1,0,True,False
MT_DownPercent_AKETEST,17,OPTION03_NAME,nvarchar,200,0,0,True,False
MT_DownPercent_AKETEST,18,OPTION03_FUNCTION,decimal,9,10,2,True,False
MT_DownPercent_AKETEST,19,ACTIVE_STATUS,bit,1,1,0,True,False
MT_DownPercent_AKETEST,20,CREATEBY,nvarchar,200,0,0,True,False
MT_DownPercent_AKETEST,21,CREATEBYNAME,nvarchar,200,0,0,True,False
MT_DownPercent_AKETEST,22,CREATEBYEMAIL,nvarchar,200,0,0,True,False
MT_DownPercent_AKETEST,23,CREATEDATE,datetime,8,23,3,True,False
MT_DownPercent_AKETEST,24,UPDATEBY,nvarchar,200,0,0,True,False
MT_DownPercent_AKETEST,25,UPDATEBYNAME,nvarchar,200,0,0,True,False
MT_DownPercent_AKETEST,26,UPDATEBYEMAIL,nvarchar,200,0,0,True,False
MT_DownPercent_AKETEST,27,UPDATEDATE,datetime,8,23,3,True,False
MT_DownPercent_Pfund,1,CATEGORY_ID,int,4,10,0,False,False
MT_DownPercent_Pfund,2,CATEGORY_NAME,nvarchar,100,0,0,True,False
MT_DownPercent_Pfund,3,Ocpt_ID,int,4,10,0,False,False
MT_DownPercent_Pfund,4,Ocpt_name,nvarchar,400,0,0,True,False
MT_DownPercent_Pfund,5,LTO_OCC_Type_ID,int,4,10,0,False,False
MT_DownPercent_Pfund,6,LTO_OCC_Type_Name,nvarchar,400,0,0,True,False
MT_DownPercent_Pfund,7,SERIES_ID,int,4,10,0,False,False
MT_DownPercent_Pfund,8,SERIES_NAME,nvarchar,400,0,0,True,False
MT_DownPercent_Pfund,9,SUB_SERIES_ID,int,4,10,0,True,False
MT_DownPercent_Pfund,10,SUB_SERIES_NAME,nvarchar,400,0,0,True,False
MT_DownPercent_Pfund,11,COLOR_ID,int,4,10,0,True,False
MT_DownPercent_Pfund,12,COLOR_NAME,nvarchar,400,0,0,True,False
MT_DownPercent_Pfund,13,OPTION01_NAME,nvarchar,200,0,0,True,False
MT_DownPercent_Pfund,14,OPTION01_FUNCTION,decimal,9,10,3,True,False
MT_DownPercent_Pfund,15,OPTION02_NAME,nvarchar,200,0,0,True,False
MT_DownPercent_Pfund,16,OPTION02_FUNCTION,bit,1,1,0,True,False
MT_DownPercent_Pfund,17,OPTION03_NAME,nvarchar,200,0,0,True,False
MT_DownPercent_Pfund,18,OPTION03_FUNCTION,decimal,9,10,2,True,False
MT_DownPercent_Pfund,19,ACTIVE_STATUS,bit,1,1,0,True,False
MT_DownPercent_Pfund,20,CREATEBY,nvarchar,200,0,0,True,False
MT_DownPercent_Pfund,21,CREATEBYNAME,nvarchar,200,0,0,True,False
MT_DownPercent_Pfund,22,CREATEBYEMAIL,nvarchar,200,0,0,True,False
MT_DownPercent_Pfund,23,CREATEDATE,datetime,8,23,3,True,False
MT_DownPercent_Pfund,24,UPDATEBY,nvarchar,200,0,0,True,False
MT_DownPercent_Pfund,25,UPDATEBYNAME,nvarchar,200,0,0,True,False
MT_DownPercent_Pfund,26,UPDATEBYEMAIL,nvarchar,200,0,0,True,False
MT_DownPercent_Pfund,27,UPDATEDATE,datetime,8,23,3,True,False
MT_FACULTY,1,MT_FACULTY_ID,int,4,10,0,False,False
MT_FACULTY,2,FACULTY_CODE,nvarchar,10,0,0,True,False
MT_FACULTY,3,FACULTY_NAME,nvarchar,400,0,0,True,False
MT_FACULTY,4,MT_CAMPUS_ID,int,4,10,0,True,False
MT_FACULTY,5,MT_UNIVERSITY_ID,int,4,10,0,True,False
MT_FACULTY,6,UNIVERSITY_CODE,nvarchar,20,0,0,True,False
MT_FACULTY,7,ACTIVE_STATUS,int,4,10,0,True,False
MT_GENDER,1,Gender_ID,int,4,10,0,False,False
MT_GENDER,2,Gender,nchar,20,0,0,True,False
MT_GROUP_BRAND,1,ID,int,4,10,0,False,True
MT_GROUP_BRAND,2,GROUP_BRAND,int,4,10,0,True,False
MT_GROUP_BRAND,3,BRAND_ID,int,4,10,0,True,False
MT_GROUP_BRAND,4,DESCRIPTION,nvarchar,510,0,0,True,False
MT_GROUP_BRAND,5,ACTIVE_STATUS,int,4,10,0,True,False
MT_GROUP_BRAND,6,PROJECT_CODE,varchar,5,0,0,True,False
MT_GROUP_BRAND,7,CREATEBY,nvarchar,200,0,0,True,False
MT_GROUP_BRAND,8,CREATEBYNAME,nvarchar,200,0,0,True,False
MT_GROUP_BRAND,9,CREATEDATE,datetime,8,23,3,True,False
MT_GROUP_BRAND,10,UPDATEBY,nvarchar,200,0,0,True,False
MT_GROUP_BRAND,11,UPDATEBYNAME,nvarchar,200,0,0,True,False
MT_GROUP_BRAND,12,UPDATEDATE,datetime,8,23,3,True,False
MT_GROUP_CA,1,SEQ_ID,int,4,10,0,False,True
MT_GROUP_CA,2,PROJECT_CODE,nvarchar,100,0,0,True,False
MT_GROUP_CA,3,TYPE_CODE,nvarchar,100,0,0,True,False
MT_GROUP_CA,4,GROUP_NAME,nvarchar,100,0,0,True,False
MT_GROUP_CA,5,DESCRIPTION,nvarchar,200,0,0,True,False
MT_GROUP_CA,6,SCRIPT_CA,nvarchar,-1,0,0,True,False
MT_GROUP_CA,7,ACTIVE_STATUS,bit,1,1,0,True,False
MT_GROUP_CA,8,CREATE_DATE,datetime,8,23,3,True,False
MT_GROUP_CA,9,CREATE_BY,nvarchar,200,0,0,True,False
MT_GROUP_CA,10,UPDATE_DATE,datetime,8,23,3,True,False
MT_GROUP_CA,11,UPDATE_BY,nvarchar,200,0,0,True,False
MT_GROUP_CA_CONDITION,1,SEQ_ID,int,4,10,0,False,True
MT_GROUP_CA_CONDITION,2,PROJECT_CODE,nvarchar,100,0,0,True,False
MT_GROUP_CA_CONDITION,3,DISPLAY_VALUE,nvarchar,6,0,0,True,False
MT_GROUP_CA_CONDITION,4,ORDER_NO,int,4,10,0,True,False
MT_GROUP_CA_CONDITION,5,CUST_GROUP_ID,int,4,10,0,True,False
MT_GROUP_CA_CONDITION,6,REF_GROUP_ID,int,4,10,0,True,False
MT_GROUP_CA_CONDITION,7,CREATE_DATE,datetime,8,23,3,True,False
MT_GROUP_CA_CONDITION,8,CREATE_BY,nvarchar,200,0,0,True,False
MT_GROUP_CA_CONDITION,9,UPDATE_DATE,datetime,8,23,3,True,False
MT_GROUP_CA_CONDITION,10,UPDATE_BY,nvarchar,200,0,0,True,False
MT_GROUP_CA_TYPE,1,SEQ_ID,int,4,10,0,False,True
MT_GROUP_CA_TYPE,2,TYPE_CODE,nvarchar,100,0,0,True,False
MT_GROUP_CA_TYPE,3,DESCRIPTION,nvarchar,200,0,0,True,False
MT_GROUP_CA_TYPE,4,ACTIVE_STATUS,bit,1,1,0,True,False
MT_GROUP_CA_TYPE,5,CREATE_DATE,datetime,8,23,3,True,False
MT_GROUP_CA_TYPE,6,CREATE_BY,nvarchar,200,0,0,True,False
MT_GROUP_CA_TYPE,7,UPDATE_DATE,datetime,8,23,3,True,False
MT_GROUP_CA_TYPE,8,UPDATE_BY,nvarchar,200,0,0,True,False
MT_HP_BALLOON,1,HP_BALLOON_ID,int,4,10,0,False,False
MT_HP_BALLOON,2,HP_BALLOON_TYPE,nvarchar,100,0,0,True,False
MT_HP_INTEREST_TYPE,1,TYPE_INT_ID,int,4,10,0,False,False
MT_HP_INTEREST_TYPE,2,HP_INTEREST_TYPE,nvarchar,100,0,0,True,False
MT_HP_LOAN,1,HP_LOAN_ID,int,4,10,0,False,False
MT_HP_LOAN,2,HP_LOAN,nvarchar,10,0,0,True,False
MT_HP_LOAN,3,TYPE_HP_LOAN,nvarchar,10,0,0,True,False
MT_HP_TRADE_IN_CAMPAIGN,1,HP_TRADE_IN_ID,int,4,10,0,False,True
MT_HP_TRADE_IN_CAMPAIGN,2,SERIES_ID,int,4,10,0,True,False
MT_HP_TRADE_IN_CAMPAIGN,3,SUB_SERIES_ID,int,4,10,0,True,False
MT_HP_TRADE_IN_CAMPAIGN,4,PACKAGE_ID,int,4,10,0,True,False
MT_HP_TRADE_IN_CAMPAIGN,5,PROMO_NAME,nvarchar,-1,0,0,True,False
MT_HP_TRADE_IN_CAMPAIGN,6,PACKAGE_SUM_AMT,float,8,53,0,True,False
MT_HP_TRADE_IN_CAMPAIGN,7,DISCOUNT_SUM_AMT,float,8,53,0,True,False
MT_HP_TRADE_IN_CAMPAIGN,8,ACTIVE_STATUS,nvarchar,20,0,0,True,False
MT_HP_TRADE_IN_CAMPAIGN,9,CREATE_DATE,date,3,10,0,True,False
MT_HP_TRADE_IN_CAMPAIGN,10,EXPIRED_DATE,date,3,10,0,True,False
MT_HUB,1,HUB_ID,int,4,10,0,True,False
MT_HUB,2,HUB_NAME,nvarchar,100,0,0,True,False
MT_Icare_InsurancePercent,1,ID,int,4,10,0,False,True
MT_Icare_InsurancePercent,2,Insurance_Name,nvarchar,150,0,0,True,False
MT_Icare_InsurancePercent,3,Project_id,int,4,10,0,True,False
MT_Icare_InsurancePercent,4,Minimum_age,int,4,10,0,True,False
MT_Icare_InsurancePercent,5,Maximum_age,int,4,10,0,True,False
MT_Icare_InsurancePercent,6,Minimun_Tenor,int,4,10,0,True,False
MT_Icare_InsurancePercent,7,Maximun_Tenor,int,4,10,0,True,False
MT_Icare_InsurancePercent,8,Icare_Percent,decimal,9,10,4,True,False
MT_Icare_InsurancePercent,9,Icare_Price,decimal,9,10,4,True,False
MT_Icare_InsurancePercent,10,Active_Status,tinyint,1,3,0,True,False
MT_Icare_InsurancePercent,11,CreateDate,datetime,8,23,3,True,False
MT_Icare_InsurancePercent,12,UpdateDate,datetime,8,23,3,True,False
MT_Icare_InsurancePercent,13,CreateBy,nvarchar,200,0,0,True,False
MT_Icare_InsurancePercent,14,UpdateBy,nvarchar,200,0,0,True,False
MT_ICARE_InsurancePercent_master,1,ID,int,4,10,0,False,True
MT_ICARE_InsurancePercent_master,2,Minimun_Age,int,4,10,0,True,False
MT_ICARE_InsurancePercent_master,3,Maximun_Age,int,4,10,0,True,False
MT_ICARE_InsurancePercent_master,4,Minimun_Tenor,int,4,10,0,True,False
MT_ICARE_InsurancePercent_master,5,Maximun_Tenor,int,4,10,0,True,False
MT_ICARE_InsurancePercent_master,6,Icare_Percent,decimal,9,10,2,True,False
MT_ICARE_InsurancePercent_master,7,Active_Status,bit,1,1,0,True,False
MT_IDCARD_TYPE,1,Cardtype_ID,nvarchar,4,0,0,False,False
MT_IDCARD_TYPE,2,Cardtype,nvarchar,100,0,0,True,False
MT_INSTALLMENT,1,INSTALL_ID,int,4,10,0,False,True
MT_INSTALLMENT,2,INSTALL,nvarchar,10,0,0,True,False
MT_INSTALLMENT,3,ACTIVE_UFUND,bit,1,1,0,True,False
MT_INSTALLMENT,4,ACTIVE_PFUND,bit,1,1,0,True,False
MT_INSURE,1,INSURE_ID,int,4,10,0,False,True
MT_INSURE,2,INSURE_CODE,nvarchar,10,0,0,True,False
MT_INSURE,3,INSURE_COM_ID,int,4,10,0,True,False
MT_INSURE,4,INSURE_BRAND_ID,int,4,10,0,True,False
MT_INSURE,5,INSURE_PRODUCT_CODE,nvarchar,200,0,0,True,False
MT_INSURE,6,INSURE_PRODUCT_NAME,nvarchar,400,0,0,True,False
MT_INSURE,7,INSURE_PRICE,float,8,53,0,True,False
MT_INSURE,8,INSURE_PRICE_PREMIUM,float,8,53,0,True,False
MT_INSURE,9,STANDARD_REBATE,float,8,53,0,True,False
MT_INSURE,10,EXTRA_REBATE,float,8,53,0,True,False
MT_INSURE,11,INSURE_MARGIN,float,8,53,0,True,False
MT_INSURE,12,INSURE_YEARS,int,4,10,0,True,False
MT_INSURE,13,SERIES_ID,int,4,10,0,True,False
MT_INSURE,14,START_DATE,date,3,10,0,True,False
MT_INSURE,15,END_DATE,date,3,10,0,True,False
MT_INSURE,16,ACTIVE_STATUS,bit,1,1,0,True,False
MT_INSURE_BACKUPV2,1,INSURE_ID,int,4,10,0,False,True
MT_INSURE_BACKUPV2,2,INSURE_CODE,nvarchar,10,0,0,True,False
MT_INSURE_BACKUPV2,3,INSURE_COM_ID,int,4,10,0,True,False
MT_INSURE_BACKUPV2,4,INSURE_BRAND_ID,int,4,10,0,True,False
MT_INSURE_BACKUPV2,5,INSURE_PRODUCT_CODE,nvarchar,200,0,0,True,False
MT_INSURE_BACKUPV2,6,INSURE_PRODUCT_NAME,nvarchar,400,0,0,True,False
MT_INSURE_BACKUPV2,7,INSURE_PRICE,float,8,53,0,True,False
MT_INSURE_BACKUPV2,8,INSURE_PRICE_PREMIUM,float,8,53,0,True,False
MT_INSURE_BACKUPV2,9,STANDARD_REBATE,float,8,53,0,True,False
MT_INSURE_BACKUPV2,10,EXTRA_REBATE,float,8,53,0,True,False
MT_INSURE_BACKUPV2,11,INSURE_MARGIN,float,8,53,0,True,False
MT_INSURE_BACKUPV2,12,INSURE_YEARS,int,4,10,0,True,False
MT_INSURE_BACKUPV2,13,SERIES_ID,int,4,10,0,True,False
MT_INSURE_BACKUPV2,14,START_DATE,date,3,10,0,True,False
MT_INSURE_BACKUPV2,15,END_DATE,date,3,10,0,True,False
MT_INSURE_BACKUPV2,16,ACTIVE_STATUS,bit,1,1,0,True,False
MT_INSURE_BACKUPV3,1,INSURE_ID,int,4,10,0,False,True
MT_INSURE_BACKUPV3,2,INSURE_CODE,nvarchar,10,0,0,True,False
MT_INSURE_BACKUPV3,3,INSURE_COM_ID,int,4,10,0,True,False
MT_INSURE_BACKUPV3,4,INSURE_BRAND_ID,int,4,10,0,True,False
MT_INSURE_BACKUPV3,5,INSURE_PRODUCT_CODE,nvarchar,200,0,0,True,False
MT_INSURE_BACKUPV3,6,INSURE_PRODUCT_NAME,nvarchar,400,0,0,True,False
MT_INSURE_BACKUPV3,7,INSURE_PRICE,float,8,53,0,True,False
MT_INSURE_BACKUPV3,8,INSURE_PRICE_PREMIUM,float,8,53,0,True,False
MT_INSURE_BACKUPV3,9,STANDARD_REBATE,float,8,53,0,True,False
MT_INSURE_BACKUPV3,10,EXTRA_REBATE,float,8,53,0,True,False
MT_INSURE_BACKUPV3,11,INSURE_MARGIN,float,8,53,0,True,False
MT_INSURE_BACKUPV3,12,INSURE_YEARS,int,4,10,0,True,False
MT_INSURE_BACKUPV3,13,SERIES_ID,int,4,10,0,True,False
MT_INSURE_BACKUPV3,14,START_DATE,date,3,10,0,True,False
MT_INSURE_BACKUPV3,15,END_DATE,date,3,10,0,True,False
MT_INSURE_BACKUPV3,16,ACTIVE_STATUS,bit,1,1,0,True,False
MT_INSURE_BRAND,1,INSURE_BRAND_ID,int,4,10,0,False,True
MT_INSURE_BRAND,2,INSURE_BRAND_CODE,nvarchar,10,0,0,True,False
MT_INSURE_BRAND,3,INSURE_BRAND_NAME,nvarchar,200,0,0,True,False
MT_INSURE_BRAND,4,INSURE_COM_ID,int,4,10,0,True,False
MT_INSURE_BRAND,5,INSURE_COMPANY,nvarchar,400,0,0,True,False
MT_INSURE_BRAND,6,ACTIVE_STATUS,bit,1,1,0,True,False
MT_INSURE_COMPANY,1,INSURE_COM_ID,int,4,10,0,False,True
MT_INSURE_COMPANY,2,INSURE_COM_CODE,nvarchar,100,0,0,True,False
MT_INSURE_COMPANY,3,COMPANY_NAME,nvarchar,400,0,0,True,False
MT_INSURE_COMPANY,4,COMPANY_ADDR,nvarchar,-1,0,0,True,False
MT_INSURE_COMPANY,5,COMPANY_PHONE,nvarchar,100,0,0,True,False
MT_INSURE_COMPANY,6,COMPANY_CONTACT_NAME,nvarchar,400,0,0,True,False
MT_INSURE_REVENUE,1,ID,int,4,10,0,False,True
MT_INSURE_REVENUE,2,GROUP_ID,int,4,10,0,True,False
MT_INSURE_REVENUE,3,INS_MARGIN,float,8,53,0,True,False
MT_INSURE_REVENUE,4,PERIODS_NUMBER_FINAL,int,4,10,0,True,False
MT_INSURE_REVENUE,5,INSTALL_NUM,int,4,10,0,True,False
MT_INSURE_REVENUE,6,REVENUE_INS_MARGIN,float,8,53,0,True,False
MT_INSURE_REVENUE,7,REVENUE_INS_MARGIN_OUTSTD,float,8,53,0,True,False
MT_LEVEL,1,LEVEL_ID,int,4,10,0,False,False
MT_LEVEL,2,LEVEL,nvarchar,10,0,0,True,False
MT_LEVEL_TYPE,1,LEVEL_TYPE_ID,int,4,10,0,False,False
MT_LEVEL_TYPE,2,LEVEL_TYPE,nvarchar,100,0,0,True,False
MT_MARITAL_STATUS,1,Mst_ID,nvarchar,4,0,0,False,False
MT_MARITAL_STATUS,2,MaritalStatus,nvarchar,60,0,0,True,False
MT_Narcotic,1,ID,int,4,10,0,False,True
MT_Narcotic,2,Narcotic_NAME,nvarchar,200,0,0,True,False
MT_Narcotic,3,Active_Status,bit,1,1,0,True,False
MT_NATIONALITY,1,Nation_ID,nvarchar,6,0,0,False,False
MT_NATIONALITY,2,Nationality,nvarchar,100,0,0,True,False
MT_OCCU_GROUP_INCOME,1,GROUP_INCOME_ID,int,4,10,0,False,True
MT_OCCU_GROUP_INCOME,2,GROUP_INCOME_NAME,nvarchar,200,0,0,True,False
MT_OCCU_GROUP_RISK,1,GROUP_RISK_ID,int,4,10,0,False,True
MT_OCCU_GROUP_RISK,2,GROUP_RISK_NAME,nvarchar,200,0,0,True,False
MT_OCCU_GROUP_TYPE,1,GROUP_TYPE_ID,int,4,10,0,False,True
MT_OCCU_GROUP_TYPE,2,GROUP_TYPE_NAME,nvarchar,200,0,0,True,False
MT_OCCUPATION,1,Ocpt_ID,int,4,10,0,False,False
MT_OCCUPATION,2,Ocpt_name,nvarchar,200,0,0,True,False
MT_OCCUPATION,3,Flag_Ocpt,nvarchar,100,0,0,True,False
MT_OCCUPATION,4,GROUP_INCOME,nvarchar,100,0,0,True,False
MT_OCCUPATION,5,GROUP_TYPE,nvarchar,100,0,0,True,False
MT_OCCUPATION,6,GROUP_RISK,nvarchar,100,0,0,True,False
MT_OCCUPATION,7,Ocpt_Active,nchar,20,0,0,True,False
MT_OCCUPATION,8,Ascend_Name_En,nvarchar,400,0,0,True,False
MT_OCCUPATION,9,Create_Datetime,datetime,8,23,3,True,False
MT_OCCUPATION,10,Update_Datetime,datetime,8,23,3,True,False
MT_PACKAGE_SIM,1,PACKAGE_ID,int,4,10,0,False,True
MT_PACKAGE_SIM,2,SERIES_ID,int,4,10,0,True,False
MT_PACKAGE_SIM,3,SUB_SERIES_ID,int,4,10,0,True,False
MT_PACKAGE_SIM,4,DESCRIPTION,nvarchar,-1,0,0,True,False
MT_PACKAGE_SIM,5,PACKAGE_SUM_AMT,decimal,9,18,4,True,False
MT_PACKAGE_SIM,6,ACTIVE_STATUS,nvarchar,20,0,0,True,False
MT_PACKAGE_SIM,7,CREATE_DATE,date,3,10,0,True,False
MT_PACKAGE_SIM,8,EXPIRED_DATE,date,3,10,0,True,False
MT_PACKAGE_SIM,9,MT_CUSTOMER_SIM_ID,int,4,10,0,True,False
MT_PACKAGE_SIM_GROUP_BU,1,PS_GROUP_BU_ID,int,4,10,0,False,True
MT_PACKAGE_SIM_GROUP_BU,2,PS_GROUP_NAME,nvarchar,200,0,0,True,False
MT_PACKAGE_SIM_GROUP_BU,3,DESCRIPTION,nvarchar,-1,0,0,True,False
MT_PACKAGE_SIM_GROUP_BU,4,ACTIVE_STATUS,bit,1,1,0,True,False
MT_PACKAGE_SIM_GROUP_BU,5,CREATE_DATE,datetime,8,23,3,True,False
MT_PACKAGE_SIM_GROUP_BU,6,CREATE_BY,nvarchar,200,0,0,True,False
MT_PACKAGE_SIM_GROUP_BU,7,UPDATE_DATE,datetime,8,23,3,True,False
MT_PACKAGE_SIM_GROUP_BU,8,UPDATE_BY,nvarchar,200,0,0,True,False
MT_PARTNER_TYPE,1,PARTNER_TYPE_ID,int,4,10,0,False,False
MT_PARTNER_TYPE,2,PARTNER_TYPE_NAME,nvarchar,100,0,0,True,False
MT_PASS_NOTPASS,1,CHECK_ID,int,4,10,0,False,False
MT_PASS_NOTPASS,2,CHECKER_NAME,nvarchar,100,0,0,True,False
MT_PAY_DOWN_TYPE,1,PAY_DOWN_ID,int,4,10,0,False,False
MT_PAY_DOWN_TYPE,2,PAY_DOWN_TYPE,nvarchar,100,0,0,True,False
MT_PAY_TYPE,1,PAY_TYPE_ID,int,4,10,0,False,False
MT_PAY_TYPE,2,PAY_TYPE_NAME,nvarchar,100,0,0,True,False
MT_PAY_TYPE_INSURANCE,1,PAY_INS,int,4,10,0,False,False
MT_PAY_TYPE_INSURANCE,2,PAY_TYPE_NAME,nvarchar,200,0,0,True,False
MT_PERFORMANCE_TYPE,1,PERFORMANCE_TYPE_ID,int,4,10,0,False,False
MT_PERFORMANCE_TYPE,2,PERFORMANCE_TYPE,nvarchar,100,0,0,True,False
MT_POST_CODE,1,POST_CODE_ID,int,4,10,0,False,False
MT_POST_CODE,2,SUB_DISTRICT_ID,int,4,10,0,False,False
MT_POST_CODE,3,SUB_DISTRICT_NAME,nvarchar,60,0,0,True,False
MT_PREFIX,1,Prefix_ID,nvarchar,4,0,0,False,False
MT_PREFIX,2,Prefix_name,nvarchar,100,0,0,True,False
MT_PREFIX_ENG,1,Prefix_eng_ID,nvarchar,4,0,0,False,False
MT_PREFIX_ENG,2,Prefix_name_eng,nvarchar,100,0,0,True,False
MT_PREFIX_ENG,3,Prefix_ID,nvarchar,4,0,0,True,False
MT_PRODUCT_TYPE,1,MT_PRODUCT_TYPE,int,4,10,0,False,False
MT_PRODUCT_TYPE,2,PRODUCT_TYPE_CODE,nvarchar,10,0,0,True,False
MT_PRODUCT_TYPE,3,PRODUCT_TYPE_NAME,nvarchar,100,0,0,True,False
MT_Project,1,ID,int,4,10,0,False,True
MT_Project,2,Code,nvarchar,100,0,0,True,False
MT_Project,3,Name,nvarchar,400,0,0,True,False
MT_Project,4,Active_Status,bit,1,1,0,True,False
MT_Project,5,CreateDate,datetime,8,23,3,True,False
MT_Project,6,CreateBy,nvarchar,400,0,0,True,False
MT_Project,7,UpdateDate,datetime,8,23,3,True,False
MT_Project,8,UpdateBy,nvarchar,400,0,0,True,False
MT_Project,9,URLFormK2,nvarchar,400,0,0,True,False
MT_PROVINCE,1,PROVINCE_ID,int,4,10,0,False,False
MT_PROVINCE,2,PROVINCE_NAME,nvarchar,50,0,0,True,False
MT_PROVINCE,3,ZONE_ID,int,4,10,0,True,False
MT_RACE,1,Race_ID,int,4,10,0,False,False
MT_RACE,2,Race,nvarchar,100,0,0,True,False
MT_REASON_RETURN_ASSETS,1,REASON_CTA_ID,int,4,10,0,False,False
MT_REASON_RETURN_ASSETS,2,REASON_RETURN_ASSETS,nvarchar,100,0,0,True,False
MT_RELATIONSHIP_REF,1,RELATION_REF_ID,int,4,10,0,False,False
MT_RELATIONSHIP_REF,2,RELATION_REF_NAME,nvarchar,100,0,0,True,False
MT_REMARK_CREDIT_NOTE,1,REMARK_CREDIT_NOTE_ID,int,4,10,0,False,True
MT_REMARK_CREDIT_NOTE,2,REMARK_CREDIT_NOTE_NAME,nvarchar,200,0,0,True,False
MT_REMARK_CREDIT_NOTE,3,ACTIVE_STATUS,bit,1,1,0,True,False
MT_REPAY_TYPE,1,MT_REPAY_TYPE,int,4,10,0,False,False
MT_REPAY_TYPE,2,REPAY_TYPE_NAME,nvarchar,100,0,0,True,False
MT_RESIDENCE_STATUS,1,RESIDENCE_ID,int,4,10,0,False,False
MT_RESIDENCE_STATUS,2,RESIDENCE_NAME,nvarchar,100,0,0,True,False
MT_RESIDENCE_STATUS,3,PROJECT_NAME,varchar,20,0,0,True,False
MT_REWORK_TOPIC_KEY,1,KEY_ID,varchar,50,0,0,False,False
MT_REWORK_TOPIC_KEY,2,NAME,nvarchar,200,0,0,True,False
MT_REWORK_TOPIC_KEY,3,VALUE_TYPE,varchar,50,0,0,True,False
MT_REWORK_TOPIC_KEY,4,ACTIVE_STATUS,bit,1,1,0,True,False
MT_REWORK_TOPIC_KEY,5,CREATE_DATE,datetime,8,23,3,True,False
MT_REWORK_TOPIC_KEY,6,CREATE_BY,nvarchar,200,0,0,True,False
MT_REWORK_TOPIC_KEY,7,UPDATE_DATE,datetime,8,23,3,True,False
MT_REWORK_TOPIC_KEY,8,UPDATE_BY,nvarchar,200,0,0,True,False
MT_RQ_TYPE_REJECT,1,id,int,4,10,0,False,True
MT_RQ_TYPE_REJECT,2,RQ_TYPE_REJECT_ID,int,4,10,0,True,False
MT_RQ_TYPE_REJECT,3,RQ_TYPE_REJECT_NAME,nvarchar,400,0,0,True,False
MT_RQ_TYPE_REJECT,4,ACTIVE,nvarchar,20,0,0,True,False
MT_RSM_ASM,1,BRANCH_ID,int,4,10,0,False,False
MT_RSM_ASM,2,RSM,nvarchar,-1,0,0,True,False
MT_RSM_ASM,3,ASM,nvarchar,-1,0,0,True,False
MT_SALARY_RANGE,1,SALARY_RANGE_ID,int,4,10,0,False,True
MT_SALARY_RANGE,2,SALARY_RANGE_MAX,decimal,9,18,2,True,False
MT_SALARY_RANGE,3,SALARY_RANGE_MIN,decimal,9,18,0,True,False
MT_SALARY_RANGE,4,SALARY_RANGE_CODE,nvarchar,10,0,0,True,False
MT_SERIES,1,SERIES_ID,int,4,10,0,False,False
MT_SERIES,2,SERIES_CODE,nvarchar,10,0,0,True,False
MT_SERIES,3,SERIES_NAME,nvarchar,200,0,0,True,False
MT_SERIES,4,BRAND_ID,int,4,10,0,True,False
MT_SERIES,5,BRAND_NAME,nvarchar,100,0,0,True,False
MT_SERIES,6,ACTIVE_STATUS,nvarchar,20,0,0,True,False
MT_SERIES,7,ACTIVE_STATUS_PFUND,nvarchar,6,0,0,True,False
MT_SERIES,8,UPhone_Active,bit,1,1,0,True,False
MT_SETUP_STATUS,1,SETUP_STATUS_ID,int,4,10,0,False,False
MT_SETUP_STATUS,2,SETUP_STATUS_NAME,nvarchar,100,0,0,True,False
MT_SMS,1,SMS_ID,int,4,10,0,False,True
MT_SMS,2,MESSAGE,nvarchar,-1,0,0,True,False
MT_SMS,3,DETAIL,nvarchar,-1,0,0,True,False
MT_SMS_OTP,1,ID,int,4,10,0,False,True
MT_SMS_OTP,2,STATUS,varchar,5,0,0,False,False
MT_SMS_OTP,3,REF_CODE,varchar,6,0,0,False,False
MT_SMS_OTP,4,OTP_CODE,varchar,6,0,0,False,False
MT_SMS_OTP,5,PHONE_NO,varchar,11,0,0,False,False
MT_SMS_OTP,6,EXPIRYDATE,datetime,8,23,3,False,False
MT_SMS_OTP,7,USED_AT,datetime,8,23,3,True,False
MT_SMS_OTP,8,MESSAGE_ID,varchar,40,0,0,True,False
MT_SMS_OTP,9,SCB_REF_NO,varchar,100,0,0,True,False
MT_SMS_OTP,10,CREATED_AT,datetime,8,23,3,False,False
MT_SMS_OTP,11,UPDATED_AT,datetime,8,23,3,True,False
MT_SOURCE_INCOME,1,SOURCE_INCOME_ID,int,4,10,0,False,False
MT_SOURCE_INCOME,2,SOURCE_INCOME,nvarchar,200,0,0,True,False
MT_SOURCE_INCOME_PERSON,1,Source_Income_ID,int,4,10,0,False,True
MT_SOURCE_INCOME_PERSON,2,Source_Income_Name,nvarchar,200,0,0,True,False
MT_SOURCE_INCOME_PERSON,3,Self_Employed,int,4,10,0,True,False
MT_STATUS,1,HP_STA_ID,int,4,10,0,False,False
MT_STATUS,2,STA_NAME,nvarchar,100,0,0,True,False
MT_SUB_DISTRICT,1,SUB_DISTRICT_ID,int,4,10,0,False,False
MT_SUB_DISTRICT,2,SUB_DISTRICT_NAME,nvarchar,60,0,0,True,False
MT_SUB_DISTRICT,3,DISTRICT_ID,int,4,10,0,True,False
MT_SUB_SERIES,1,SUB_SERIES_ID,int,4,10,0,False,False
MT_SUB_SERIES,2,SUB_SERIES_CODE,nvarchar,10,0,0,True,False
MT_SUB_SERIES,3,SUB_SERIES_NAME,nvarchar,100,0,0,True,False
MT_SUB_SERIES,4,SERIES_ID,int,4,10,0,True,False
MT_SUB_SERIES,5,SERIES_NAME,nvarchar,200,0,0,True,False
MT_SUB_SERIES,6,PRODUCT_PRICE,nvarchar,20,0,0,True,False
MT_SUB_SERIES,7,ACTIVE_STATUS,nvarchar,20,0,0,True,False
MT_SUBJECT,1,MT_SUBJECT,int,4,10,0,False,False
MT_SUBJECT,2,SUBJECT_CODE,nvarchar,10,0,0,True,False
MT_SUBJECT,3,SUBJECT_NAME,nvarchar,100,0,0,True,False
MT_SUBJECT,4,MT_FACULTY_ID,int,4,10,0,True,False
MT_TFF_PROJECT,1,ID,int,4,10,0,False,True
MT_TFF_PROJECT,2,ProjectName,nvarchar,200,0,0,True,False
MT_TFF_PROJECT,3,ProjectDescription,text,16,0,0,True,False
MT_TFF_PROJECT,4,ActiveStatus,tinyint,1,3,0,True,False
MT_TFF_PROJECT,5,CreateDate,datetime,8,23,3,True,False
MT_TFF_PROJECT,6,UpdateDate,datetime,8,23,3,True,False
MT_TFF_PROJECT,7,CreateBy,nvarchar,200,0,0,True,False
MT_TFF_PROJECT,8,UpdateBy,nvarchar,200,0,0,True,False
MT_TRADE_IN_TYPE,1,TRADE_IN_TYPE_ID,int,4,10,0,False,False
MT_TRADE_IN_TYPE,2,TRADE_IN_TYPE_DETAIL,nvarchar,200,0,0,True,False
MT_TYPE_APPROVAL,1,ID,int,4,10,0,False,True
MT_TYPE_APPROVAL,2,DESCRIPTION_TYPE,nvarchar,510,0,0,True,False
MT_TYPE_APPROVAL,3,ACTIVE_STATUS,bit,1,1,0,True,False
MT_TYPE_APPROVAL,4,CREATEDATE,datetime,8,23,3,True,False
MT_TYPE_PAYMENT,1,TYPE_PAY_ID,int,4,10,0,False,False
MT_TYPE_PAYMENT,2,TYPE_PAYMENT,nvarchar,100,0,0,True,False
MT_Ufund_Acknwoledge,1,ID,int,4,10,0,False,True
MT_Ufund_Acknwoledge,2,Acknowledge_Name,nvarchar,200,0,0,True,False
MT_Ufund_Acknwoledge,3,Active_Status,bit,1,1,0,True,False
MT_UNIVERSITY_NAME,1,MT_UNIVERSITY_ID,int,4,10,0,False,False
MT_UNIVERSITY_NAME,2,UNIVERSITY_CODE,nvarchar,20,0,0,True,False
MT_UNIVERSITY_NAME,3,UNIVERSITY_NAME,nvarchar,400,0,0,True,False
MT_UNIVERSITY_NAME,4,PROVINCE_ID,int,4,10,0,True,False
MT_UNIVERSITY_NAME,5,DISTRICT_ID,int,4,10,0,True,False
MT_UNIVERSITY_NAME,6,ZONE_ENG,nvarchar,10,0,0,True,False
MT_UNIVERSITY_NAME,7,EDU_TYPE,nvarchar,10,0,0,True,False
MT_UNIVERSITY_NAME,8,ACTIVE_STATUS,int,4,10,0,True,False
MT_UTM,1,UTM_ID,int,4,10,0,False,True
MT_UTM,2,UTM_CODE,nvarchar,200,0,0,True,False
MT_UTM,3,DESCRIPTION,nvarchar,-1,0,0,True,False
MT_UTM,4,ACTIVE_STATUS,bit,1,1,0,True,False
MT_UTM,5,ORDER_BY,int,4,10,0,True,False
MT_UTM,6,DEFAULT_VALUE,int,4,10,0,True,False
MT_UTM,7,START_DATE,datetime,8,23,3,True,False
MT_UTM,8,END_DATE,datetime,8,23,3,True,False
MT_UTM,9,CREATE_BY,nvarchar,200,0,0,True,False
MT_UTM,10,CREATE_DATE,datetime,8,23,3,True,False
MT_UTM,11,UPDATE_BY,nvarchar,200,0,0,True,False
MT_UTM,12,UPDATE_DATE,datetime,8,23,3,True,False
MT_UTM,13,PROJECT_ID,int,4,10,0,True,False
MT_WORK_SCHEDULE,1,ID,int,4,10,0,False,True
MT_WORK_SCHEDULE,2,FORM_NAME,nvarchar,200,0,0,True,False
MT_WORK_SCHEDULE,3,ACTIVE_STATUS,bit,1,1,0,True,False
MT_WORK_SCHEDULE,4,SCHEDULE_DATE,datetime,8,23,3,True,False
MT_WORK_SCHEDULE,5,REMARK,nvarchar,-1,0,0,True,False
MT_WORK_SCHEDULE,6,CREATE_By,nvarchar,200,0,0,True,False
MT_WORK_SCHEDULE,7,CREATE_ByName,nvarchar,200,0,0,True,False
MT_WORK_SCHEDULE,8,CREATE_ByEmail,nvarchar,200,0,0,True,False
MT_WORK_SCHEDULE,9,CREATE_Date,datetime,8,23,3,True,False
MT_WORK_SCHEDULE,10,UPDATE_By,nvarchar,200,0,0,True,False
MT_WORK_SCHEDULE,11,UPDATE_ByName,nvarchar,200,0,0,True,False
MT_WORK_SCHEDULE,12,UPDATE_Email,nvarchar,200,0,0,True,False
MT_WORK_SCHEDULE,13,UPDATE_Date,datetime,8,23,3,True,False
MT_ZONE,1,MT_ZONE_ID,int,4,10,0,False,True
MT_ZONE,2,ZONE_ENG,nvarchar,10,0,0,True,False
MT_ZONE,3,ZONE_NAME_TH,nvarchar,200,0,0,True,False
NationalCreditBureau,1,ID,bigint,8,19,0,False,True
NationalCreditBureau,2,LOT_REF,varchar,40,0,0,True,False
NationalCreditBureau,3,Family_Name_1,nvarchar,-1,0,0,True,False
NationalCreditBureau,4,Family_Name_2,nvarchar,-1,0,0,True,False
NationalCreditBureau,5,First_Name,nvarchar,60,0,0,True,False
NationalCreditBureau,6,Middle,nvarchar,52,0,0,True,False
NationalCreditBureau,7,Marital_Status,nvarchar,8,0,0,True,False
NationalCreditBureau,8,Date_Of_Birth,nvarchar,16,0,0,True,False
NationalCreditBureau,9,Gender,nvarchar,2,0,0,True,False
NationalCreditBureau,10,Title_Prefix,nvarchar,30,0,0,True,False
NationalCreditBureau,11,Nationality,nvarchar,4,0,0,True,False
NationalCreditBureau,12,Number_Of_Children,nvarchar,4,0,0,True,False
NationalCreditBureau,13,Spouse_Name,nvarchar,90,0,0,True,False
NationalCreditBureau,14,Occupation,int,4,10,0,True,False
NationalCreditBureau,15,Customer_Type_Field,int,4,10,0,True,False
NationalCreditBureau,16,ID_Type,nvarchar,4,0,0,True,False
NationalCreditBureau,17,ID_Number,nvarchar,40,0,0,True,False
NationalCreditBureau,18,ID_Issue_Country,nvarchar,4,0,0,True,False
NationalCreditBureau,19,Address_Line_1,nvarchar,100,0,0,True,False
NationalCreditBureau,20,Address_Line_2,nvarchar,100,0,0,True,False
NationalCreditBureau,21,Address_Line_3,nvarchar,100,0,0,True,False
NationalCreditBureau,22,Sub_District,nvarchar,80,0,0,True,False
NationalCreditBureau,23,District,nvarchar,80,0,0,True,False
NationalCreditBureau,24,Province,nvarchar,80,0,0,True,False
NationalCreditBureau,25,Country,nvarchar,8,0,0,True,False
NationalCreditBureau,26,Postal_Code,nvarchar,20,0,0,True,False
NationalCreditBureau,27,Telephone,nvarchar,40,0,0,True,False
NationalCreditBureau,28,Telephone_Type,nvarchar,2,0,0,True,False
NationalCreditBureau,29,Address_Type,int,4,10,0,True,False
NationalCreditBureau,30,Residential_Status,nvarchar,2,0,0,True,False
NationalCreditBureau,31,Current_New_Member_Code,nvarchar,20,0,0,True,False
NationalCreditBureau,32,Current_New_Member_Name,nvarchar,32,0,0,True,False
NationalCreditBureau,33,Current_New_Account_Number,nvarchar,50,0,0,True,False
NationalCreditBureau,34,Account_Type,nvarchar,4,0,0,True,False
NationalCreditBureau,35,Ownership_Indicator,int,4,10,0,True,False
NationalCreditBureau,36,Currency_Code,nvarchar,6,0,0,True,False
NationalCreditBureau,37,Future_Use,int,4,10,0,True,False
NationalCreditBureau,38,Date_Account_Opened,nvarchar,16,0,0,True,False
NationalCreditBureau,39,Date_Of_Last_Payment,nvarchar,16,0,0,True,False
NationalCreditBureau,40,Date_Account_Closed,nvarchar,16,0,0,True,False
NationalCreditBureau,41,As_Of_Date,nvarchar,16,0,0,True,False
NationalCreditBureau,42,Credit_Limit_Original_Loan_Amount,nvarchar,18,0,0,True,False
NationalCreditBureau,43,Amount_Owed_Credit_Use,nvarchar,18,0,0,True,False
NationalCreditBureau,44,Amount_Past_Due,nvarchar,18,0,0,True,False
NationalCreditBureau,45,Number_Of_Days_Past_Due_Delinquency_Status,nvarchar,6,0,0,True,False
NationalCreditBureau,46,Default_Date,nvarchar,16,0,0,True,False
NationalCreditBureau,47,Installment_Frequency,int,4,10,0,True,False
NationalCreditBureau,48,Installment_Amount,nvarchar,18,0,0,True,False
NationalCreditBureau,49,Installment_Number_Of_Payments,nvarchar,8,0,0,True,False
NationalCreditBureau,50,Account_Status,nvarchar,4,0,0,True,False
NationalCreditBureau,51,Date_Of_Last_Debt_Restructuring,nvarchar,16,0,0,True,False
NationalCreditBureau,52,Percent_Payment,nvarchar,10,0,0,True,False
NationalCreditBureau,53,Unit_Make,nvarchar,30,0,0,True,False
NationalCreditBureau,54,Unit_Model,nvarchar,30,0,0,True,False
NationalCreditBureau,55,Credit_Limit_Type_Flag,nvarchar,6,0,0,True,False
NationalCreditBureau,56,Restructure_Code,varchar,2,0,0,False,False
NationalCreditBureau,57,Old_Member_Code,nvarchar,20,0,0,True,False
NationalCreditBureau,58,Old_Member_Name,nvarchar,20,0,0,True,False
NationalCreditBureau,59,Old_Account_Number,nvarchar,50,0,0,True,False
NationalCreditBureau,60,Loan_Object,nvarchar,10,0,0,True,False
NationalCreditBureau,61,Collateral_1,nvarchar,6,0,0,True,False
NationalCreditBureau,62,Collateral_2,nvarchar,6,0,0,True,False
NationalCreditBureau,63,Collateral_3,nvarchar,6,0,0,True,False
NationalCreditBureau,64,Type_Of_Credit_Card,nvarchar,4,0,0,True,False
NationalCreditBureau,65,Number_Of_Co_Borrower,nvarchar,4,0,0,True,False
NationalCreditBureau,66,DPD,int,4,10,0,False,False
NCAP_INFORMATION,1,APPLICATION_NO,varchar,50,0,0,True,False
NCAP_INFORMATION,2,FULL_NAME,nvarchar,1000,0,0,True,False
NCAP_INFORMATION,3,TAX_ID,varchar,70,0,0,True,False
NCAP_INFORMATION,4,ADDRESS_REGIST,nvarchar,8000,0,0,True,False
NCAP_INFORMATION,5,ADDRESS_CURRENT,nvarchar,8000,0,0,True,False
NCAP_INFORMATION,6,PHONE,nvarchar,24,0,0,True,False
NCAP_INFORMATION,7,OCCUPATION,nvarchar,1000,0,0,True,False
NCAP_INFORMATION,8,INCOME,float,8,53,0,True,False
NCAP_INFORMATION,9,CREDIT_LIMIT,float,8,53,0,True,False
NCAP_INFORMATION,10,INSTALL_AMOUNT,float,8,53,0,True,False
NCAP_INFORMATION,11,INSTALL_NUM,int,4,10,0,True,False
NCAP_INFORMATION,12,INTEREST_FLAT,float,8,53,0,True,False
NCAP_INFORMATION,13,DOWN_AMOUNT,float,8,53,0,True,False
NCAP_INFORMATION,14,DOWN_PERCENT,float,8,53,0,True,False
NCAP_INFORMATION,15,PRINCIPLE,float,8,53,0,True,False
NCAP_INFORMATION,16,DUE_DATE,int,4,10,0,True,False
NCAP_INFORMATION,17,COLLATERAL_TYPE,nvarchar,100,0,0,True,False
NCAP_INFORMATION,18,APPRAISED_VALUE,nvarchar,8000,0,0,True,False
NCAP_INFORMATION,19,GAURANTOR_FLAG,varchar,50,0,0,True,False
NCAP_INFORMATION,20,BRAND,varchar,500,0,0,True,False
NCAP_INFORMATION,21,MODEL_GROUP_CODE,varchar,500,0,0,True,False
NCAP_INFORMATION,22,MODEL_NAME,varchar,500,0,0,True,False
NCAP_INFORMATION,23,MODEL_CODE,varchar,500,0,0,True,False
NCAP_INFORMATION,24,CC,float,8,53,0,True,False
NCAP_INFORMATION,25,LOAN_ORIGINATION_DATE,datetime,8,23,3,True,False
NCAP_INFORMATION,26,AGE,int,4,10,0,True,False
NCAP_INFORMATION,27,BIRTH_DATE,datetime,8,23,3,True,False
NCAP_INFORMATION,28,MARITAL_STATUS,varchar,500,0,0,True,False
NCAP_INFORMATION,29,CUSTOMER_TYPE,nvarchar,100,0,0,True,False
NCAP_INFORMATION,30,LOAN_TYPE,varchar,500,0,0,True,False
NCAP_INFORMATION,31,DEBT_AMOUNT,float,8,53,0,True,False
NCAP_INFORMATION,32,OCCUPATION_TYPE,varchar,500,0,0,True,False
NCAP_INFORMATION,33,OCCUPATION_DETAIL,nvarchar,1000,0,0,True,False
NCAP_INFORMATION,34,BUSINESS_TYPE,nvarchar,1000,0,0,True,False
NCAP_INFORMATION,35,WORKING_AGE,int,4,10,0,True,False
NCAP_INFORMATION,36,POSITION,nvarchar,1000,0,0,True,False
NCAP_INFORMATION,37,SALES_TYPE,nvarchar,100,0,0,True,False
NCAP_INFORMATION,38,PROMOTION_CODE,varchar,500,0,0,True,False
NCAP_INFORMATION,39,PROVINCE_DEALER,nvarchar,100,0,0,True,False
NCAP_INFORMATION,40,ESTIMATE_INCOME_TYPE,varchar,500,0,0,True,False
NCAP_INFORMATION,41,CHARACTERISTICS_ADDRES,varchar,500,0,0,True,False
NCAP_PAYMENT,1,ApplicationNo,varchar,50,0,0,True,False
NCAP_PAYMENT,2,MOB,varchar,50,0,0,True,False
NCAP_PAYMENT,3,SeqNo,varchar,50,0,0,True,False
NCAP_PAYMENT,4,DueDate,varchar,50,0,0,True,False
NCAP_PAYMENT,5,PayAmount,varchar,50,0,0,True,False
NCAP_PAYMENT,6,PayDate,varchar,50,0,0,True,False
NCAP_STATUS,1,ID,int,4,10,0,False,False
NCAP_STATUS,2,ApplicationNo,varchar,50,0,0,False,False
NCAP_STATUS,3,asofdate,date,3,10,0,False,False
NCAP_STATUS,4,MOB,varchar,50,0,0,False,False
NCAP_STATUS,5,Status,varchar,50,0,0,False,False
NCB_CONTRACT_CLOSED,1,ID,int,4,10,0,False,True
NCB_CONTRACT_CLOSED,2,APP_ID,varchar,10,0,0,True,False
NCB_CONTRACT_CLOSED,3,CONTRACT_ID,varchar,100,0,0,True,False
NCB_CONTRACT_CLOSED,4,DATE_CLOSED,date,3,10,0,True,False
NCB_CONTRACT_CLOSED,5,STATUS_ID,int,4,10,0,True,False
NCB_CONTRACT_CLOSED,6,STATUS_NCB,int,4,10,0,True,False
NCB_CONTRACT_CLOSED,7,CONTRACT_NUMBER,varchar,10,0,0,True,False
NCB_CONTRACT_CLOSED,8,As_Of_Date,varchar,8,0,0,True,False
NCB_CONTRACT_CLOSED,9,create_at,datetime,8,23,3,True,False
NCB_CONTRACT_CLOSED,10,create_by,int,4,10,0,True,False
NCB_CONTRACT_CLOSED,11,MESSAGE,varchar,200,0,0,True,False
NCB_CONTRACT_CLOSED,12,DPD,nchar,6,0,0,True,False
NCB_testFormat,1,FAMILY NAME,nvarchar,150,0,0,True,False
NCB_testFormat,2,FIRST NAME,nvarchar,150,0,0,True,False
NCB_testFormat,3,DATE OF BIRTH,nvarchar,16,0,0,True,False
NCB_testFormat,4,CUSTOMER TYPE,nvarchar,10,0,0,True,False
NCB_testFormat,5,ID TYPE,nvarchar,10,0,0,True,False
NCB_testFormat,6,ID NUMBER,nvarchar,30,0,0,True,False
NCB_testFormat,7,ISSUE COUNTRY,nvarchar,10,0,0,True,False
NCB_testFormat,8,ADDRESS LINE 1,nvarchar,-1,0,0,True,False
NCB_testFormat,9,SUB DISTINCT,nvarchar,350,0,0,True,False
NCB_testFormat,10,DISTINCT,nvarchar,350,0,0,True,False
NCB_testFormat,11,PROVINCE,nvarchar,350,0,0,True,False
NCB_testFormat,12,COUNTRY,nvarchar,350,0,0,True,False
NCB_testFormat,13,POSTAL CODE,nvarchar,350,0,0,True,False
NCB_testFormat,14,ACCOUNT NUMBER,nvarchar,350,0,0,True,False
NCB_testFormat,15,ACCOUNT TYPE,nvarchar,350,0,0,True,False
NCB_testFormat,16,OWNERSHIP INDICATOR,nvarchar,350,0,0,True,False
NCB_testFormat,17,CURRENCY CODE,nvarchar,350,0,0,True,False
NCB_testFormat,18,DATE ACCOUNT OPENED,nvarchar,350,0,0,True,False
NCB_testFormat,19,DATE OF LAST PAYMENT,nvarchar,350,0,0,True,False
NCB_testFormat,20,DATE ACCOUNT CLOSE,nvarchar,350,0,0,True,False
NCB_testFormat,21,AS OF DATE,nvarchar,350,0,0,True,False
NCB_testFormat,22,CREDIT LIMIT,nvarchar,350,0,0,True,False
NCB_testFormat,23,AMOUNT OWNED,nvarchar,350,0,0,True,False
NCB_testFormat,24,AMOUNT PAST DUE,nvarchar,350,0,0,True,False
NCB_testFormat,25,NUMBER OF DAY PAST DUE,nvarchar,350,0,0,True,False
NCB_testFormat,26,DEFAULT DATE,nvarchar,350,0,0,True,False
NCB_testFormat,27,INSTALLMENT FREQUECY,nvarchar,350,0,0,True,False
NCB_testFormat,28,INSTALLMENT AMOUNT,nvarchar,350,0,0,True,False
NCB_testFormat,29,INSTALLMENT NUMBER OF PAYMENT,nvarchar,350,0,0,True,False
NCB_testFormat,30,ACCOUNT STATUS,nvarchar,350,0,0,True,False
NCB_testFormat,31,DATE OF LAST DEBT RESTRUCTURING,nvarchar,350,0,0,True,False
NCB_testFormat,32,UNIT MAKE,nvarchar,400,0,0,True,False
NCB_testFormat,33,UNIT MODEL,nvarchar,400,0,0,True,False
Outsource_Credit_Scoring,1,SCORING_ID,uniqueidentifier,16,0,0,False,False
Outsource_Credit_Scoring,2,SOURCE,varchar,10,0,0,True,False
Outsource_Credit_Scoring,3,IDNT_NBR_HASH,varchar,130,0,0,True,False
Outsource_Credit_Scoring,4,REF_MOBILE_NBR_HASH,varchar,130,0,0,True,False
Outsource_Credit_Scoring,5,CUST_FULL_NAME_HASH,varchar,130,0,0,True,False
Outsource_Credit_Scoring,6,PERSON_ID,varchar,10,0,0,True,False
Outsource_Credit_Scoring,7,APP_ID,varchar,10,0,0,True,False
Outsource_Credit_Scoring,8,PRODUCT_ID,varchar,100,0,0,True,False
Outsource_Credit_Scoring,9,REASON,varchar,100,0,0,True,False
Outsource_Credit_Scoring,10,EGG_SCORE,int,4,10,0,True,False
Outsource_Credit_Scoring,11,PD,numeric,9,15,10,True,False
Outsource_Credit_Scoring,12,RISK_GROUP,varchar,64,0,0,True,False
Outsource_Credit_Scoring,13,RECOMMENDATION,varchar,150,0,0,True,False
Outsource_Credit_Scoring,14,CREATE_DATETIME,varchar,19,0,0,True,False
Outsource_Credit_Scoring,15,TFF_CREATE_DATETIME,varchar,100,0,0,True,False
Outsource_Credit_Scoring,16,VALUE2,varchar,100,0,0,True,False
Outsource_Credit_Scoring,17,VALUE3,varchar,100,0,0,True,False
Outsource_Credit_Scoring,18,VALUE4,varchar,100,0,0,True,False
Outsource_Credit_Scoring,19,VALUE5,varchar,100,0,0,True,False
Outsource_Credit_Scoring,20,Log_datetime,datetime,8,23,3,True,False
Outsource_Credit_Scoring,21,APP_SCORE,numeric,17,38,0,True,False
Outsource_Credit_Scoring,22,TMH_POSTPAID_SCORE,numeric,17,38,0,True,False
Outsource_Credit_Scoring,23,TOL_SCORE,numeric,17,38,0,True,False
Outsource_Credit_Scoring,24,TVS_SCORE,numeric,17,38,0,True,False
Outsource_Credit_Scoring,25,LOTUS_SCORE,numeric,17,38,0,True,False
Outsource_Credit_Scoring,26,RESPONSE_TIME,varchar,10,0,0,True,False
Outsource_Credit_Scoring,27,APP_MODEL_VERSION,varchar,30,0,0,True,False
Outsource_Credit_Scoring,28,RECOMM_CREDIT_LIMIT,varchar,150,0,0,True,False
Outsource_Credit_Scoring,30,RECOMM_DECISION,nvarchar,200,0,0,True,False
Outsource_Credit_Scoring,31,TMH_PREPAID_SCORE,int,4,10,0,True,False
Outsource_Credit_Scoring,32,AGG_MODEL_VERSION,varchar,30,0,0,True,False
PAYMENT,1,PAYMENT_ID,int,4,10,0,False,True
PAYMENT,2,STATUS_ID,int,4,10,0,True,False
PAYMENT,3,APP_ID,int,4,10,0,True,False
PAYMENT,4,PV_ID,int,4,10,0,True,False
PAYMENT,5,INV_PN_NUMBER,nvarchar,40,0,0,True,False
PAYMENT,6,PO_NUMBER,nvarchar,40,0,0,True,False
PAYMENT,7,PV_NUMBER,nvarchar,40,0,0,True,False
PAYMENT,8,MAKE_DATE,date,3,10,0,True,False
PAYMENT,9,PAY_DATE,date,3,10,0,True,False
PAYMENT,10,SUBSIDY_PAY,float,8,53,0,True,False
PAYMENT,11,REBATE,float,8,53,0,True,False
PAYMENT,12,DEDUCT_DOWN_AMT,float,8,53,0,True,False
PAYMENT,13,DEDUCT_FEE_HP,float,8,53,0,True,False
PAYMENT,14,DEDUCT_SUBSIDY_RECEIPT,float,8,53,0,True,False
PAYMENT,15,AMOUNT,float,8,53,0,True,False
PAYMENT,16,WHT_AMOUNT,float,8,53,0,True,False
PAYMENT,17,VAT_AMOUNT,float,8,53,0,True,False
PAYMENT,18,SUM_AMOUNT,float,8,53,0,True,False
PAYMENT,19,RECEIPT_NAME,nvarchar,400,0,0,True,False
PAYMENT,20,PAY_TYPE,float,8,53,0,True,False
PAYMENT,21,BANK,nvarchar,400,0,0,True,False
PAYMENT,22,BANK_BRANCH,nvarchar,400,0,0,True,False
PAYMENT,23,CHEQUE_NUMBER,nvarchar,100,0,0,True,False
PAYMENT,24,ACCOUNT_NUMBER,nvarchar,40,0,0,True,False
PDF_FORM,1,PDF_ID,int,4,10,0,False,True
PDF_FORM,2,STATUS_ID,int,4,10,0,True,False
PDF_FORM,3,TAX_ID,nvarchar,26,0,0,True,False
PDF_FORM,4,PDF_TYPE,nvarchar,100,0,0,True,False
PDF_FORM,5,APP_ID,int,4,10,0,True,False
PDF_FORM,6,CONTRACT_ID,int,4,10,0,True,False
PDF_FORM,7,TAX_INVOICE_ID,int,4,10,0,True,False
PDF_FORM,8,REPAY_ID,int,4,10,0,True,False
PDF_FORM,9,INVOICE_ID,int,4,10,0,True,False
PDF_FORM,10,PO_ID,int,4,10,0,True,False
PDF_FORM,11,PV_ID,int,4,10,0,True,False
PDF_FORM,12,PDF_NAME,nvarchar,-1,0,0,True,False
PDF_FORM,13,QUOTATION_ID,int,4,10,0,True,False
PDF_FORM,14,TRAN_CONT_WO_ID,int,4,10,0,True,False
PDF_NOTICE,1,PDF_NOTICE_ID,bigint,8,19,0,False,True
PDF_NOTICE,2,STATUS_ID,int,4,10,0,True,False
PDF_NOTICE,3,CONTRACT_ID,int,4,10,0,True,False
PDF_NOTICE,4,PROCESS_NAME,nvarchar,200,0,0,True,False
PDF_NOTICE,5,PDF_FILE,nvarchar,-1,0,0,True,False
PDF_NOTICE,6,CREATE_DATE,date,3,10,0,True,False
PDF_NOTICE,7,UPDATE_DATE,date,3,10,0,True,False
PDF_NOTICE,8,NAME_MAKE,nvarchar,200,0,0,True,False
PERFORMANCE_CALLPHONE,1,PERFORMANCE_ID,int,4,10,0,False,True
PERFORMANCE_CALLPHONE,2,CONTRACT_ID,int,4,10,0,True,False
PERFORMANCE_CALLPHONE,3,CONTRACT_NUMBER,nvarchar,40,0,0,True,False
PERFORMANCE_CALLPHONE,4,PERFORMANCE_TYPE,int,4,10,0,True,False
PERFORMANCE_CALLPHONE,5,DEBTS_NAME,nvarchar,400,0,0,True,False
PERFORMANCE_CALLPHONE,6,RESULT_COLLECTION,int,4,10,0,True,False
PERFORMANCE_CALLPHONE,7,STATUS_ID,int,4,10,0,True,False
PERFORMANCE_CALLPHONE,8,START_DATE,datetime,8,23,3,True,False
PERFORMANCE_CALLPHONE,9,END_DATE,datetime,8,23,3,True,False
PERFORMANCE_CALLPHONE,10,CREATEBY,nvarchar,200,0,0,True,False
PERSON,1,PERSON_ID,int,4,10,0,False,True
PERSON,2,APP_ID,int,4,10,0,True,False
PERSON,3,PRODUCT_ID,int,4,10,0,True,False
PERSON,4,CIF_PERSON_ID,int,4,10,0,True,False
PERSON,5,JURISTIC_ID,int,4,10,0,True,False
PERSON,6,FLAG_GUARANTOR,int,4,10,0,True,False
PERSON,7,PREFIX,nvarchar,6,0,0,True,False
PERSON,8,PREFIX_OTHER,nvarchar,60,0,0,True,False
PERSON,9,FIRST_NAME,nvarchar,200,0,0,True,False
PERSON,10,LAST_NAME,nvarchar,200,0,0,True,False
PERSON,11,CARD_CODE,nvarchar,4,0,0,True,False
PERSON,12,TAX_ID,nvarchar,26,0,0,True,False
PERSON,13,STUDENT_ID,nvarchar,40,0,0,True,False
PERSON,14,BIRTHDAY,date,3,10,0,True,False
PERSON,15,AGE,nvarchar,6,0,0,True,False
PERSON,16,CUSTOMER_TYPE,nvarchar,6,0,0,True,False
PERSON,17,SEX,nvarchar,6,0,0,True,False
PERSON,18,IDCARD_REGIS_DATE,date,3,10,0,True,False
PERSON,19,IDCARD_EXPIRE_DATE,date,3,10,0,True,False
PERSON,20,IDCARD_REGIS_BY,nvarchar,80,0,0,True,False
PERSON,21,NATIONALITY_CODE,nvarchar,8,0,0,True,False
PERSON,22,CITIZEN_CODE,nvarchar,8,0,0,True,False
PERSON,23,MARITAL_STATUS,nvarchar,4,0,0,True,False
PERSON,24,NUMBER_CHILDREN,int,4,10,0,True,False
PERSON,25,STUDY_CHILD,int,4,10,0,True,False
PERSON,26,PHONE,nvarchar,24,0,0,True,False
PERSON,27,EMAIL,nvarchar,100,0,0,True,False
PERSON,28,LINEID,nvarchar,100,0,0,True,False
PERSON,29,FACEBOOK,nvarchar,300,0,0,True,False
PERSON,30,OCCUPATION_CODE,nvarchar,6,0,0,True,False
PERSON,31,OCCUPATION_CODE_OTHER,nvarchar,-1,0,0,True,False
PERSON,32,UNIVERSITY_PROVINCE,int,4,10,0,True,False
PERSON,33,UNIVERSITY_DISTRICT,int,4,10,0,True,False
PERSON,34,UNIVERSITY_NAME,int,4,10,0,True,False
PERSON,35,UNIVERSITY_OTHER,nvarchar,-1,0,0,True,False
PERSON,36,CAMPUS_NAME,int,4,10,0,True,False
PERSON,37,FACULTY_NAME,int,4,10,0,True,False
PERSON,38,FACULTY_OTHER,nvarchar,-1,0,0,True,False
PERSON,39,SUBJECT,int,4,10,0,True,False
PERSON,40,LEVEL_TYPE,nvarchar,40,0,0,True,False
PERSON,41,U_LEVEL,int,4,10,0,True,False
PERSON,42,LOAN_KYS,nvarchar,40,0,0,True,False
PERSON,43,OFFICE_NAME,nvarchar,300,0,0,True,False
PERSON,44,BUSINESS_TYPE,nvarchar,120,0,0,True,False
PERSON,45,OFFICE_POSITION,nvarchar,20,0,0,True,False
PERSON,46,OFFICE_LEVEL,nvarchar,20,0,0,True,False
PERSON,47,OFFICE_YEAR,int,4,10,0,True,False
PERSON,48,OFFICE_MONTH,int,4,10,0,True,False
PERSON,49,OFFICE_PHONE,nvarchar,30,0,0,True,False
PERSON,50,OFFICE_PHONE_EXTEN,nvarchar,30,0,0,True,False
PERSON,51,INCOME_TYPE,nvarchar,100,0,0,True,False
PERSON,52,MAIN_INCOME,float,8,53,0,True,False
PERSON,53,EXPENSE,float,8,53,0,True,False
PERSON,54,OTHER_INCOME,float,8,53,0,True,False
PERSON,55,SOURCE_INCOME,nvarchar,200,0,0,True,False
PERSON,56,SOURCE_OTHER_INCOME,nvarchar,200,0,0,True,False
PERSON,57,SPOUSE_TITLE,nvarchar,6,0,0,True,False
PERSON,58,SPOUSE_FIRSTNAME,nvarchar,200,0,0,True,False
PERSON,59,SPOUSE_LASTNAME,nvarchar,200,0,0,True,False
PERSON,60,SPOUSE_OCCUPATION,nvarchar,6,0,0,True,False
PERSON,61,SPOUSE_OFFICE_NAME,nvarchar,120,0,0,True,False
PERSON,62,SPOUSE_BUSINESS_SIZE,nvarchar,20,0,0,True,False
PERSON,63,SPOUSE_OFFICE_POSITION,nvarchar,100,0,0,True,False
PERSON,64,SPOUSE_OFFICE_LEVEL,nvarchar,20,0,0,True,False
PERSON,65,SPOUSE_OFFICE_YEAR,int,4,10,0,True,False
PERSON,66,SPOUSE_MAIN_INCOME,float,8,53,0,True,False
PERSON,67,SPOUSE_EXPENSE,float,8,53,0,True,False
PERSON,68,SPOUSE_OTHER_INCOME,float,8,53,0,True,False
PERSON,69,S_SOURCE_OTHER_INCOME,nvarchar,120,0,0,True,False
PERSON,70,RELATION_REFERENCE,nvarchar,6,0,0,True,False
PERSON,71,RELATION_REF_DES,nvarchar,200,0,0,True,False
PERSON,72,REF_TAX_ID,nvarchar,26,0,0,True,False
PERSON,73,REF_TITLE,nvarchar,100,0,0,True,False
PERSON,74,REF_TITLE_OTHER,nvarchar,60,0,0,True,False
PERSON,75,REF_FIRSTNAME,nvarchar,200,0,0,True,False
PERSON,76,REF_LASTNAME,nvarchar,200,0,0,True,False
PERSON,77,REF_BIRTHDAY,date,3,10,0,True,False
PERSON,78,REF_AGE,nvarchar,6,0,0,True,False
PERSON,79,REF_OCCUPATION,nvarchar,-1,0,0,True,False
PERSON,80,REF_OFFICE_NAME,nvarchar,120,0,0,True,False
PERSON,81,REF_BUSINESS_SIZE,nvarchar,20,0,0,True,False
PERSON,82,REF_OFFICE_POSITION,nvarchar,100,0,0,True,False
PERSON,83,REF_OFFICE_LEVEL,nvarchar,20,0,0,True,False
PERSON,84,REF_OFFICE_YEAR,int,4,10,0,True,False
PERSON,85,REF_MAIN_INCOME,float,8,53,0,True,False
PERSON,86,REF_EXPENSE,float,8,53,0,True,False
PERSON,87,REF_OTHER_INCOME,float,8,53,0,True,False
PERSON,88,REF_SOURCE_OTHER_INCOME,nvarchar,120,0,0,True,False
PERSON,89,REF_PHONE,nvarchar,24,0,0,True,False
PERSON,90,REF_EMAIL,nvarchar,100,0,0,True,False
PERSON,91,REF_LINEID,nvarchar,100,0,0,True,False
PERSON,92,REF_FACEBOOK,nvarchar,100,0,0,True,False
PERSON,93,CARD_CODE_FILE,nvarchar,-1,0,0,True,False
PERSON,94,STUDENT_CARD_FILE,nvarchar,-1,0,0,True,False
PERSON,95,FACE_PERSON,nvarchar,-1,0,0,True,False
PERSON,96,CONSENT_FILE,nvarchar,-1,0,0,True,False
PERSON,97,STATEMENT_FILE,nvarchar,-1,0,0,True,False
PERSON,98,BANK_STATE_FILE,nvarchar,-1,0,0,True,False
PERSON,99,SLIP_FILE,nvarchar,-1,0,0,True,False
PERSON,100,ADR_MAP,nvarchar,-1,0,0,True,False
PERSON,101,DS_FILE,nvarchar,-1,0,0,True,False
PERSON,102,DS_IMAGE,nvarchar,-1,0,0,True,False
PERSON,103,DS_PDPA,nvarchar,-1,0,0,True,False
PERSON,104,DS_MKR,nvarchar,-1,0,0,True,False
PERSON,105,DS_GUAR,nvarchar,-1,0,0,True,False
PERSON,106,CONFIRM_INFOR,nchar,20,0,0,True,False
PERSON,107,CONFIRM_PDPA,nchar,20,0,0,True,False
PERSON,108,CREATE_DATE,datetime,8,23,3,True,False
PERSON,109,UPDATE_DATE,datetime,8,23,3,True,False
PERSON,110,NAME_MAKE,nvarchar,400,0,0,True,False
PERSON,111,PHONE_SECOND,nvarchar,24,0,0,True,False
PERSON,112,REF_PHONE_SECOND,nvarchar,24,0,0,True,False
PERSON,113,Disease_ID,int,4,10,0,True,False
PERSON,114,Narcotic_ID,int,4,10,0,True,False
PERSON,115,Acknowledge_ID,int,4,10,0,True,False
PERSON,116,PREFIX_ENG,nvarchar,6,0,0,True,False
PERSON,117,FIRST_NAME_ENG,nvarchar,200,0,0,True,False
PERSON,118,LAST_NAME_ENG,nvarchar,200,0,0,True,False
PERSON,119,OCCUPATION_TYPE_CODE,nvarchar,6,0,0,True,False
PERSON,120,BUSINESSTYPE_CODE,nvarchar,6,0,0,True,False
PERSON,121,AMOUNT_INCOME,float,8,53,0,True,False
PERSON,122,CARD_CODE_FILE_SECOND,nvarchar,-1,0,0,True,False
PERSON,123,STUDENT_CARD_FILE_SECOND,nvarchar,-1,0,0,True,False
PERSON,124,FACE_PERSON_SECOND,nvarchar,-1,0,0,True,False
PERSON,125,STATEMENT_FILE_SECOND,nvarchar,-1,0,0,True,False
PERSON,126,STATEMENT_FILE_THIRD,nvarchar,-1,0,0,True,False
PERSON,127,BANK_STATE_FILE_SECOND,nvarchar,-1,0,0,True,False
PERSON,128,BANK_STATE_FILE_THIRD,nvarchar,-1,0,0,True,False
PERSON,129,BANK_STATE_FILE_FOURTH,nvarchar,-1,0,0,True,False
PERSON,130,APPROVE_CUSTOMER,nvarchar,40,0,0,True,False
PERSON,131,FINANCIAL_AMOUNT,float,8,53,0,True,False
PERSON,132,FINANCIAL_AMOUNT_TRUE,float,8,53,0,True,False
PERSON,133,CREDIT_CARD,nvarchar,40,0,0,True,False
PERSON,134,INSTITUTION_BANK,nvarchar,40,0,0,True,False
PERSON,135,INSTITUTION_BANK_AMOUNT,nvarchar,24,0,0,True,False
PERSON,136,TYPE_LOAN_HP,int,4,10,0,True,False
PERSON,137,Balloon_Type,int,4,10,0,True,False
PERSON,138,TRADE_IN_TYPE,int,4,10,0,True,False
PERSON,139,REF_PHONE_WORK,nvarchar,24,0,0,True,False
PERSON,140,RELATION_REFERENCE_2,nvarchar,6,0,0,True,False
PERSON,141,RELATION_REF_DES_2,nvarchar,200,0,0,True,False
PERSON,142,REF_TAX_ID_2,nvarchar,26,0,0,True,False
PERSON,143,REF_TITLE_2,nvarchar,100,0,0,True,False
PERSON,144,REF_TITLE_OTHER_2,nvarchar,60,0,0,True,False
PERSON,145,REF_FIRSTNAME_2,nvarchar,200,0,0,True,False
PERSON,146,REF_LASTNAME_2,nvarchar,200,0,0,True,False
PERSON,147,REF_BIRTHDAY_2,date,3,10,0,True,False
PERSON,148,REF_AGE_2,nvarchar,6,0,0,True,False
PERSON,149,REF_OCCUPATION_2,nvarchar,-1,0,0,True,False
PERSON,150,REF_PHONE_2,nvarchar,24,0,0,True,False
PERSON,151,REF_PHONE_SECCOND_2,nvarchar,24,0,0,True,False
PERSON,152,DOWN_TYPE,int,4,10,0,True,False
PERSON,153,SOURCE_INCOME_ID,int,4,10,0,True,False
PERSON,154,REF1_SOURCE_INCOME_ID,int,4,10,0,True,False
PERSON,155,REF2_SOURCE_INCOME_ID,int,4,10,0,True,False
PERSON,156,PAY_DAY,int,4,10,0,True,False
PERSON,157,BANK_NAME,nvarchar,200,0,0,True,False
PERSON,158,ABBV,nvarchar,100,0,0,True,False
PERSON,159,INSTALLMENT_HOME,decimal,9,18,2,True,False
PERSON,160,INSTALLMENT_CAR,decimal,9,18,2,True,False
PERSON,161,CREDIT_CARD_LIMIT,decimal,9,18,2,True,False
PERSON,162,INSTALLMENT_ETC,decimal,9,18,2,True,False
PERSON,163,UFUND_ACKNOWLEGDE_ID,int,4,10,0,True,False
PERSON,164,SALARY_RANGE_MIN,decimal,9,18,0,True,False
PERSON,165,SALARY_RANGE_MAX,decimal,9,18,2,True,False
PERSON,166,PASSWORD,nvarchar,100,0,0,True,False
PERSON,167,CONSENT_FILE_PATH,nvarchar,-1,0,0,True,False
PERSON,168,BANK_STATEMENT_FILE_PATH,nvarchar,-1,0,0,True,False
PERSON,169,BANK_STATEMENT_FILE_PATH_2,nvarchar,-1,0,0,True,False
PERSON,170,BANK_STATEMENT_FILE_PATH_3,nvarchar,-1,0,0,True,False
PERSON,171,BANK_STATEMENT_FILE_PATH_4,nvarchar,-1,0,0,True,False
PERSON,172,BANK_STATEMENT_FILE_PATH_5,nvarchar,-1,0,0,True,False
PERSON,173,BANK_STATEMENT_FILE_PATH_6,nvarchar,-1,0,0,True,False
PERSON,174,PAY_SLIP_TYPE,nvarchar,100,0,0,True,False
PERSON,175,NO_CHILDREN,int,4,10,0,True,False
PERSON,176,AMOUNTS_PAY_IN_SLIP,decimal,9,18,2,True,False
PERSON,178,APR_CUST_SUB_LEVEL,int,4,10,0,True,False
PERSON,190,CARD_CODE_FILE_PATH,varchar,2000,0,0,True,False
PERSON,191,STUDENT_CARD_FILE_PATH,varchar,2000,0,0,True,False
PERSON,192,FACE_PERSON_PATH,varchar,2000,0,0,True,False
PERSON,193,STATEMENT_FILE_PATH,varchar,2000,0,0,True,False
PERSON,194,BANK_STATE_FILE_PATH,varchar,2000,0,0,True,False
PERSON,195,FACE_PERSON_SECOND_PATH,varchar,2000,0,0,True,False
PERSON,196,STATEMENT_FILE_SECOND_PATH,varchar,2000,0,0,True,False
PERSON,197,STATEMENT_FILE_THIRD_PATH,varchar,2000,0,0,True,False
PERSON,198,BANK_STATE_FILE_SECOND_PATH,varchar,2000,0,0,True,False
PERSON,199,BANK_STATE_FILE_THIRD_PATH,varchar,2000,0,0,True,False
PERSON,200,BANK_STATE_FILE_FOURTH_PATH,varchar,2000,0,0,True,False
PERSON,201,MEDIA_ADJUSTED,int,4,10,0,True,False
PERSON,202,TYPE_APPROVAL_ID,int,4,10,0,True,False
PERSON_Dept,1,PERSON_ID,int,4,10,0,False,True
PERSON_Dept,2,APP_ID,int,4,10,0,True,False
PERSON_Dept,3,PRODUCT_ID,int,4,10,0,True,False
PERSON_Dept,4,CIF_PERSON_ID,int,4,10,0,True,False
PERSON_Dept,5,JURISTIC_ID,int,4,10,0,True,False
PERSON_Dept,6,FLAG_GUARANTOR,int,4,10,0,True,False
PERSON_Dept,7,PREFIX,nvarchar,6,0,0,True,False
PERSON_Dept,8,PREFIX_OTHER,nvarchar,60,0,0,True,False
PERSON_Dept,9,FIRST_NAME,nvarchar,200,0,0,True,False
PERSON_Dept,10,LAST_NAME,nvarchar,200,0,0,True,False
PERSON_Dept,11,CARD_CODE,nvarchar,4,0,0,True,False
PERSON_Dept,12,TAX_ID,nvarchar,26,0,0,True,False
PERSON_Dept,13,STUDENT_ID,nvarchar,40,0,0,True,False
PERSON_Dept,14,BIRTHDAY,date,3,10,0,True,False
PERSON_Dept,15,AGE,nvarchar,6,0,0,True,False
PERSON_Dept,16,CUSTOMER_TYPE,nvarchar,6,0,0,True,False
PERSON_Dept,17,SEX,nvarchar,6,0,0,True,False
PERSON_Dept,18,IDCARD_REGIS_DATE,date,3,10,0,True,False
PERSON_Dept,19,IDCARD_EXPIRE_DATE,date,3,10,0,True,False
PERSON_Dept,20,IDCARD_REGIS_BY,nvarchar,80,0,0,True,False
PERSON_Dept,21,NATIONALITY_CODE,nvarchar,8,0,0,True,False
PERSON_Dept,22,CITIZEN_CODE,nvarchar,8,0,0,True,False
PERSON_Dept,23,MARITAL_STATUS,nvarchar,4,0,0,True,False
PERSON_Dept,24,NUMBER_CHILDREN,int,4,10,0,True,False
PERSON_Dept,25,STUDY_CHILD,int,4,10,0,True,False
PERSON_Dept,26,PHONE,nvarchar,24,0,0,True,False
PERSON_Dept,27,EMAIL,nvarchar,100,0,0,True,False
PERSON_Dept,28,LINEID,nvarchar,100,0,0,True,False
PERSON_Dept,29,FACEBOOK,nvarchar,100,0,0,True,False
PERSON_Dept,30,OCCUPATION_CODE,nvarchar,6,0,0,True,False
PERSON_Dept,31,OCCUPATION_CODE_OTHER,nvarchar,-1,0,0,True,False
PERSON_Dept,32,UNIVERSITY_PROVINCE,int,4,10,0,True,False
PERSON_Dept,33,UNIVERSITY_DISTRICT,int,4,10,0,True,False
PERSON_Dept,34,UNIVERSITY_NAME,int,4,10,0,True,False
PERSON_Dept,35,UNIVERSITY_OTHER,nvarchar,-1,0,0,True,False
PERSON_Dept,36,CAMPUS_NAME,int,4,10,0,True,False
PERSON_Dept,37,FACULTY_NAME,int,4,10,0,True,False
PERSON_Dept,38,FACULTY_OTHER,nvarchar,-1,0,0,True,False
PERSON_Dept,39,SUBJECT,int,4,10,0,True,False
PERSON_Dept,40,LEVEL_TYPE,nvarchar,40,0,0,True,False
PERSON_Dept,41,U_LEVEL,int,4,10,0,True,False
PERSON_Dept,42,LOAN_KYS,nvarchar,40,0,0,True,False
PERSON_Dept,43,OFFICE_NAME,nvarchar,120,0,0,True,False
PERSON_Dept,44,BUSINESS_TYPE,nvarchar,120,0,0,True,False
PERSON_Dept,45,OFFICE_POSITION,nvarchar,20,0,0,True,False
PERSON_Dept,46,OFFICE_LEVEL,nvarchar,20,0,0,True,False
PERSON_Dept,47,OFFICE_YEAR,int,4,10,0,True,False
PERSON_Dept,48,OFFICE_MONTH,int,4,10,0,True,False
PERSON_Dept,49,OFFICE_PHONE,nvarchar,30,0,0,True,False
PERSON_Dept,50,OFFICE_PHONE_EXTEN,nvarchar,30,0,0,True,False
PERSON_Dept,51,INCOME_TYPE,nvarchar,100,0,0,True,False
PERSON_Dept,52,MAIN_INCOME,float,8,53,0,True,False
PERSON_Dept,53,EXPENSE,float,8,53,0,True,False
PERSON_Dept,54,OTHER_INCOME,float,8,53,0,True,False
PERSON_Dept,55,SOURCE_INCOME,nvarchar,200,0,0,True,False
PERSON_Dept,56,SOURCE_OTHER_INCOME,nvarchar,200,0,0,True,False
PERSON_Dept,57,SPOUSE_TITLE,nvarchar,6,0,0,True,False
PERSON_Dept,58,SPOUSE_FIRSTNAME,nvarchar,200,0,0,True,False
PERSON_Dept,59,SPOUSE_LASTNAME,nvarchar,200,0,0,True,False
PERSON_Dept,60,SPOUSE_OCCUPATION,nvarchar,6,0,0,True,False
PERSON_Dept,61,SPOUSE_OFFICE_NAME,nvarchar,120,0,0,True,False
PERSON_Dept,62,SPOUSE_BUSINESS_SIZE,nvarchar,20,0,0,True,False
PERSON_Dept,63,SPOUSE_OFFICE_POSITION,nvarchar,100,0,0,True,False
PERSON_Dept,64,SPOUSE_OFFICE_LEVEL,nvarchar,20,0,0,True,False
PERSON_Dept,65,SPOUSE_OFFICE_YEAR,int,4,10,0,True,False
PERSON_Dept,66,SPOUSE_MAIN_INCOME,float,8,53,0,True,False
PERSON_Dept,67,SPOUSE_EXPENSE,float,8,53,0,True,False
PERSON_Dept,68,SPOUSE_OTHER_INCOME,float,8,53,0,True,False
PERSON_Dept,69,S_SOURCE_OTHER_INCOME,nvarchar,120,0,0,True,False
PERSON_Dept,70,RELATION_REFERENCE,nvarchar,6,0,0,True,False
PERSON_Dept,71,RELATION_REF_DES,nvarchar,200,0,0,True,False
PERSON_Dept,72,REF_TAX_ID,nvarchar,26,0,0,True,False
PERSON_Dept,73,REF_TITLE,nvarchar,100,0,0,True,False
PERSON_Dept,74,REF_TITLE_OTHER,nvarchar,60,0,0,True,False
PERSON_Dept,75,REF_FIRSTNAME,nvarchar,200,0,0,True,False
PERSON_Dept,76,REF_LASTNAME,nvarchar,200,0,0,True,False
PERSON_Dept,77,REF_AGE,nvarchar,6,0,0,True,False
PERSON_Dept,78,REF_OCCUPATION,nvarchar,-1,0,0,True,False
PERSON_Dept,79,REF_OFFICE_NAME,nvarchar,120,0,0,True,False
PERSON_Dept,80,REF_BUSINESS_SIZE,nvarchar,20,0,0,True,False
PERSON_Dept,81,REF_OFFICE_POSITION,nvarchar,100,0,0,True,False
PERSON_Dept,82,REF_OFFICE_LEVEL,nvarchar,20,0,0,True,False
PERSON_Dept,83,REF_OFFICE_YEAR,int,4,10,0,True,False
PERSON_Dept,84,REF_MAIN_INCOME,float,8,53,0,True,False
PERSON_Dept,85,REF_EXPENSE,float,8,53,0,True,False
PERSON_Dept,86,REF_OTHER_INCOME,float,8,53,0,True,False
PERSON_Dept,87,REF_SOURCE_OTHER_INCOME,nvarchar,120,0,0,True,False
PERSON_Dept,88,REF_PHONE,nvarchar,24,0,0,True,False
PERSON_Dept,89,REF_EMAIL,nvarchar,100,0,0,True,False
PERSON_Dept,90,REF_LINEID,nvarchar,100,0,0,True,False
PERSON_Dept,91,REF_FACEBOOK,nvarchar,100,0,0,True,False
PERSON_Dept,92,CARD_CODE_FILE,nvarchar,-1,0,0,True,False
PERSON_Dept,93,STUDENT_CARD_FILE,nvarchar,-1,0,0,True,False
PERSON_Dept,94,FACE_PERSON,nvarchar,-1,0,0,True,False
PERSON_Dept,95,CONSENT_FILE,nvarchar,-1,0,0,True,False
PERSON_Dept,96,STATEMENT_FILE,nvarchar,-1,0,0,True,False
PERSON_Dept,97,BANK_STATE_FILE,nvarchar,-1,0,0,True,False
PERSON_Dept,98,SLIP_FILE,nvarchar,-1,0,0,True,False
PERSON_Dept,99,ADR_MAP,nvarchar,-1,0,0,True,False
PERSON_Dept,100,DS_FILE,nvarchar,-1,0,0,True,False
PERSON_Dept,101,DS_IMAGE,nvarchar,-1,0,0,True,False
PERSON_Dept,102,DS_PDPA,nvarchar,-1,0,0,True,False
PERSON_Dept,103,DS_MKR,nvarchar,-1,0,0,True,False
PERSON_Dept,104,DS_GUAR,nvarchar,-1,0,0,True,False
PERSON_Dept,105,CONFIRM_INFOR,nchar,20,0,0,True,False
PERSON_Dept,106,CONFIRM_PDPA,nchar,20,0,0,True,False
PERSON_Dept,107,CREATE_DATE,datetime,8,23,3,True,False
PERSON_Dept,108,UPDATE_DATE,datetime,8,23,3,True,False
PERSON_Dept,109,NAME_MAKE,nvarchar,400,0,0,True,False
PERSON_PHONE_DUP,1,ID,int,4,10,0,False,True
PERSON_PHONE_DUP,2,PERSON_ID,int,4,10,0,True,False
PERSON_PHONE_DUP,3,Firstname,nvarchar,400,0,0,True,False
PERSON_PHONE_DUP,4,Lastname,nvarchar,400,0,0,True,False
PERSON_PHONE_DUP,5,Phone,nvarchar,400,0,0,True,False
PRODUCT,1,PRODUCT_ID,int,4,10,0,False,True
PRODUCT,2,APP_ID,int,4,10,0,True,False
PRODUCT,3,QUOTATION_ID,int,4,10,0,True,False
PRODUCT,4,PRODUCT_CODE,nvarchar,100,0,0,True,False
PRODUCT,5,PRODUCT_TYPE,int,4,10,0,True,False
PRODUCT,6,PRODUCT_CATEGORY,int,4,10,0,True,False
PRODUCT,7,PRODUCT_BAND,int,4,10,0,True,False
PRODUCT,8,PRODUCT_SERIES,int,4,10,0,True,False
PRODUCT,9,PRODUCT_SUB_SERIES,int,4,10,0,True,False
PRODUCT,10,PRODUCT_COLOR,int,4,10,0,True,False
PRODUCT,11,PROD_PRICE,float,8,53,0,True,False
PRODUCT,12,PROD_VAT,float,8,53,0,True,False
PRODUCT,13,PROD_SUM_PRICE,float,8,53,0,True,False
PRODUCT,14,DOWN_PERCENT,float,8,53,0,True,False
PRODUCT,15,DOWN_AMT,float,8,53,0,True,False
PRODUCT,16,DOWN_VAT,float,8,53,0,True,False
PRODUCT,17,DOWN_SUM_AMT,float,8,53,0,True,False
PRODUCT,18,HP_AMT,float,8,53,0,True,False
PRODUCT,19,HP_INVEST_AMT,float,8,53,0,True,False
PRODUCT,20,INTEREST_FLAT,float,8,53,0,True,False
PRODUCT,21,INTEREST_EFFECTIVE,nchar,20,0,0,True,False
PRODUCT,22,INSTALL_NUM,int,4,10,0,True,False
PRODUCT,23,INTEREST_AMT,float,8,53,0,True,False
PRODUCT,24,HP_SUM,float,8,53,0,True,False
PRODUCT,25,INSTALL_NUM_FINAL,int,4,10,0,True,False
PRODUCT,26,INSTALL_AMT,float,8,53,0,True,False
PRODUCT,27,INSTALL_AMT_FINAL,float,8,53,0,True,False
PRODUCT,28,INSTALL_VAT,float,8,53,0,True,False
PRODUCT,29,INSTALL_VAT_FINAL,float,8,53,0,True,False
PRODUCT,30,INSTALL_SUM,float,8,53,0,True,False
PRODUCT,31,INSTALL_SUM_FINAL,float,8,53,0,True,False
PRODUCT,32,HP_VAT_SUM,float,8,53,0,True,False
PRODUCT,33,PAY_DOWN_TYPE,int,4,10,0,True,False
PRODUCT,34,DUEDATE_NUM,nvarchar,4,0,0,True,False
PRODUCT,35,FRIST_PAY_DATE,date,3,10,0,True,False
PRODUCT,36,DESCRIPTION,nvarchar,-1,0,0,True,False
PRODUCT,37,MODEL_NAME,nvarchar,400,0,0,True,False
PRODUCT,38,MODEL_NUMBER,nvarchar,400,0,0,True,False
PRODUCT,39,SERIAL_NUMBER,nvarchar,400,0,0,True,False
PRODUCT,40,ABM_STARTDATE,date,3,10,0,True,False
PRODUCT,41,ABM_ENDDATE,date,3,10,0,True,False
PRODUCT,42,ABM_NUMBER,nvarchar,400,0,0,True,False
PRODUCT,43,SIGNATURE_CONFIRM,nvarchar,-1,0,0,True,False
PRODUCT,44,IMAGE_DELIVER,nvarchar,-1,0,0,True,False
PRODUCT,45,CREDIT_LIMIT,float,8,53,0,True,False
PRODUCT,46,ACS_ID,int,4,10,0,True,False
PRODUCT,47,ACS_DES,nvarchar,200,0,0,True,False
PRODUCT,48,ACS_PRICE,float,8,53,0,True,False
PRODUCT,49,ACS_VAT,float,8,53,0,True,False
PRODUCT,50,ACS_SUM,float,8,53,0,True,False
PRODUCT,51,INSURE_ID,int,4,10,0,True,False
PRODUCT,52,INSURE_DES,nvarchar,400,0,0,True,False
PRODUCT,53,INSURE_SUM,float,8,53,0,True,False
PRODUCT,54,PROD_TOTAL,float,8,53,0,True,False
PRODUCT,55,PROD_TOTAL_VAT,float,8,53,0,True,False
PRODUCT,56,PROD_TOTAL_AMT,float,8,53,0,True,False
PRODUCT,57,Tradein_AMT,float,8,53,0,True,False
PRODUCT,58,CREATE_DATE,datetime,8,23,3,True,False
PRODUCT,59,UPDATE_DATE,datetime,8,23,3,True,False
PRODUCT,60,NAME_MAKE,nvarchar,400,0,0,True,False
PRODUCT,61,DELIVERY_ID,int,4,10,0,True,False
PRODUCT,62,REMARK,nvarchar,400,0,0,True,False
PRODUCT,63,DEFAULT_DOWN_PERCENT,float,8,53,0,True,False
PRODUCT,64,Icare_Des,nvarchar,100,0,0,True,False
PRODUCT,65,Icare_Percent,decimal,9,10,4,True,False
PRODUCT,66,Icare_Price,float,8,53,0,True,False
PRODUCT,67,INTERST_TOTAL,float,8,53,0,True,False
PRODUCT,68,INTEREST_VAT,float,8,53,0,True,False
PRODUCT,69,DOWN_SUM_VAT,float,8,53,0,True,False
PRODUCT,70,DOWN_SUM_TOTAL,float,8,53,0,True,False
PRODUCT,71,DOWN_PAY_AMT,float,8,53,0,True,False
PRODUCT,72,AMT_PERCENT,float,8,53,0,True,False
PRODUCT,73,TYPE_LOAN_HP,int,4,10,0,True,False
PRODUCT,74,FEE_TOTAL_AMT,float,8,53,0,True,False
PRODUCT,75,FEE_TOTAL,float,8,53,0,True,False
PRODUCT,76,FEE_VAT,float,8,53,0,True,False
PRODUCT,77,Balloon_Type,int,4,10,0,True,False
PRODUCT,78,TRADE_IN_TYPE,int,4,10,0,True,False
PRODUCT,79,INSTALL_NUM_BALLOON,int,4,10,0,True,False
PRODUCT,80,TRADE_IN_INSTALL,int,4,10,0,True,False
PRODUCT,81,PACKAGE_ID,int,4,10,0,True,False
PRODUCT,82,PACKAGE_AMT,float,8,53,0,True,False
PRODUCT,83,PACKAGE_VAT,float,8,53,0,True,False
PRODUCT,84,PACKAGE_SUM_AMT,float,8,53,0,True,False
PRODUCT,85,DISCOUNT_AMT,float,8,53,0,True,False
PRODUCT,86,DISCOUNT_VAT,float,8,53,0,True,False
PRODUCT,87,DISCOUNT_SUM_AMT,float,8,53,0,True,False
PRODUCT,88,TRADE_IN_DISCOUNT_AMT,float,8,53,0,True,False
PRODUCT,89,TRADE_IN_DISCOUNT_VAT,float,8,53,0,True,False
PRODUCT,90,TRADE_IN_DISCOUNT_SUM_AMT,float,8,53,0,True,False
PRODUCT,91,UFICON_INVOICE_NUMBER,nvarchar,40,0,0,True,False
PRODUCT,92,MT_CUSTOMER_SIM_ID,int,4,10,0,True,False
PRODUCT,93,DISCOUNT_OTHER,float,8,53,0,True,False
PRODUCT,94,Org_Product_Price,float,8,53,0,True,False
PRODUCT,95,Promo_Discount,float,8,53,0,True,False
PRODUCT_Dept,1,PRODUCT_ID,int,4,10,0,False,True
PRODUCT_Dept,2,APP_ID,int,4,10,0,True,False
PRODUCT_Dept,3,QUOTATION_ID,int,4,10,0,True,False
PRODUCT_Dept,4,PRODUCT_CODE,nvarchar,100,0,0,True,False
PRODUCT_Dept,5,PRODUCT_TYPE,int,4,10,0,True,False
PRODUCT_Dept,6,PRODUCT_CATEGORY,int,4,10,0,True,False
PRODUCT_Dept,7,PRODUCT_BAND,int,4,10,0,True,False
PRODUCT_Dept,8,PRODUCT_SERIES,int,4,10,0,True,False
PRODUCT_Dept,9,PRODUCT_SUB_SERIES,int,4,10,0,True,False
PRODUCT_Dept,10,PRODUCT_COLOR,int,4,10,0,True,False
PRODUCT_Dept,11,PROD_PRICE,float,8,53,0,True,False
PRODUCT_Dept,12,PROD_VAT,float,8,53,0,True,False
PRODUCT_Dept,13,PROD_SUM_PRICE,float,8,53,0,True,False
PRODUCT_Dept,14,DOWN_PERCENT,float,8,53,0,True,False
PRODUCT_Dept,15,DOWN_AMT,float,8,53,0,True,False
PRODUCT_Dept,16,DOWN_VAT,float,8,53,0,True,False
PRODUCT_Dept,17,DOWN_SUM_AMT,float,8,53,0,True,False
PRODUCT_Dept,18,HP_AMT,float,8,53,0,True,False
PRODUCT_Dept,19,HP_INVEST_AMT,float,8,53,0,True,False
PRODUCT_Dept,20,INTEREST_FLAT,float,8,53,0,True,False
PRODUCT_Dept,21,INTEREST_EFFECTIVE,nchar,20,0,0,True,False
PRODUCT_Dept,22,INSTALL_NUM,int,4,10,0,True,False
PRODUCT_Dept,23,INTEREST_AMT,float,8,53,0,True,False
PRODUCT_Dept,24,HP_SUM,float,8,53,0,True,False
PRODUCT_Dept,25,INSTALL_NUM_FINAL,int,4,10,0,True,False
PRODUCT_Dept,26,INSTALL_AMT,float,8,53,0,True,False
PRODUCT_Dept,27,INSTALL_AMT_FINAL,float,8,53,0,True,False
PRODUCT_Dept,28,INSTALL_VAT,float,8,53,0,True,False
PRODUCT_Dept,29,INSTALL_VAT_FINAL,float,8,53,0,True,False
PRODUCT_Dept,30,INSTALL_SUM,float,8,53,0,True,False
PRODUCT_Dept,31,INSTALL_SUM_FINAL,float,8,53,0,True,False
PRODUCT_Dept,32,HP_VAT_SUM,float,8,53,0,True,False
PRODUCT_Dept,33,PAY_DOWN_TYPE,int,4,10,0,True,False
PRODUCT_Dept,34,DUEDATE_NUM,nvarchar,4,0,0,True,False
PRODUCT_Dept,35,FRIST_PAY_DATE,date,3,10,0,True,False
PRODUCT_Dept,36,DESCRIPTION,nvarchar,-1,0,0,True,False
PRODUCT_Dept,37,MODEL_NAME,nvarchar,400,0,0,True,False
PRODUCT_Dept,38,MODEL_NUMBER,nvarchar,400,0,0,True,False
PRODUCT_Dept,39,SERIAL_NUMBER,nvarchar,400,0,0,True,False
PRODUCT_Dept,40,ABM_STARTDATE,date,3,10,0,True,False
PRODUCT_Dept,41,ABM_ENDDATE,date,3,10,0,True,False
PRODUCT_Dept,42,ABM_NUMBER,nvarchar,400,0,0,True,False
PRODUCT_Dept,43,SIGNATURE_CONFIRM,nvarchar,-1,0,0,True,False
PRODUCT_Dept,44,IMAGE_DELIVER,nvarchar,-1,0,0,True,False
PRODUCT_Dept,45,CREDIT_LIMIT,float,8,53,0,True,False
PRODUCT_Dept,46,ACS_ID,int,4,10,0,True,False
PRODUCT_Dept,47,ACS_DES,nvarchar,200,0,0,True,False
PRODUCT_Dept,48,ACS_PRICE,float,8,53,0,True,False
PRODUCT_Dept,49,ACS_VAT,float,8,53,0,True,False
PRODUCT_Dept,50,ACS_SUM,float,8,53,0,True,False
PRODUCT_Dept,51,INSURE_ID,int,4,10,0,True,False
PRODUCT_Dept,52,INSURE_DES,nvarchar,400,0,0,True,False
PRODUCT_Dept,53,INSURE_SUM,float,8,53,0,True,False
PRODUCT_Dept,54,PROD_TOTAL,float,8,53,0,True,False
PRODUCT_Dept,55,PROD_TOTAL_VAT,float,8,53,0,True,False
PRODUCT_Dept,56,PROD_TOTAL_AMT,float,8,53,0,True,False
PRODUCT_Dept,57,Tradein_AMT,float,8,53,0,True,False
PRODUCT_Dept,58,CREATE_DATE,datetime,8,23,3,True,False
PRODUCT_Dept,59,UPDATE_DATE,datetime,8,23,3,True,False
PRODUCT_Dept,60,NAME_MAKE,nvarchar,400,0,0,True,False
PRODUCT_Dept,61,DELIVERY_ID,int,4,10,0,True,False
PRODUCT_Dept,62,REMARK,nvarchar,400,0,0,True,False
PROSPECT_CUSTOMER,1,PST_CUST_ID,int,4,10,0,False,True
PROSPECT_CUSTOMER,2,QUOTATION_ID,int,4,10,0,True,False
PROSPECT_CUSTOMER,3,PREFIX,nvarchar,6,0,0,True,False
PROSPECT_CUSTOMER,4,PREFIX_OTHER,nvarchar,60,0,0,True,False
PROSPECT_CUSTOMER,5,FIRST_NAME,nvarchar,200,0,0,True,False
PROSPECT_CUSTOMER,6,LAST_NAME,nvarchar,200,0,0,True,False
PROSPECT_CUSTOMER,7,TAX_ID,nvarchar,26,0,0,True,False
PROSPECT_CUSTOMER,8,STUDENT_ID,nvarchar,40,0,0,True,False
PROSPECT_CUSTOMER,9,BIRTHDAY,date,3,10,0,True,False
PROSPECT_CUSTOMER,10,AGE,int,4,10,0,True,False
PROSPECT_CUSTOMER,11,SEX,nvarchar,6,0,0,True,False
PROSPECT_CUSTOMER,12,MARITAL_STATUS,nvarchar,4,0,0,True,False
PROSPECT_CUSTOMER,13,PHONE,nvarchar,24,0,0,True,False
PROSPECT_CUSTOMER,14,FACEBOOK,nvarchar,300,0,0,True,False
PROSPECT_CUSTOMER,15,LINEID,nvarchar,100,0,0,True,False
PROSPECT_CUSTOMER,16,EMAIL,nvarchar,100,0,0,True,False
PROSPECT_CUSTOMER,17,OCCUPATION_CODE,nvarchar,6,0,0,True,False
PROSPECT_CUSTOMER,18,MAIN_INCOME,float,8,53,0,True,False
PROSPECT_CUSTOMER,19,UNIVERSITY_NAME,int,4,10,0,True,False
PROSPECT_CUSTOMER,20,UNIVERSITY_OTHER,nvarchar,-1,0,0,True,False
PROSPECT_CUSTOMER,21,CAMPUS_NAME,int,4,10,0,True,False
PROSPECT_CUSTOMER,22,FACULTY_NAME,int,4,10,0,True,False
PROSPECT_CUSTOMER,23,FACULTY_OTHER,nvarchar,-1,0,0,True,False
PROSPECT_CUSTOMER,24,SUBJECT_NAME,int,4,10,0,True,False
PROSPECT_CUSTOMER,25,LEVEL_TYPE,nvarchar,40,0,0,True,False
PROSPECT_CUSTOMER,26,U_LEVEL,int,4,10,0,True,False
PROSPECT_CUSTOMER,27,LOAN_KYS,nvarchar,40,0,0,True,False
PROSPECT_CUSTOMER,28,OFFICE_NAME,nvarchar,300,0,0,True,False
PROSPECT_CUSTOMER,29,OFFICE_YEAR,int,4,10,0,True,False
PROSPECT_CUSTOMER,30,OFFICE_MONTH,int,4,10,0,True,False
PROSPECT_CUSTOMER,31,REF_TITLE,nvarchar,100,0,0,True,False
PROSPECT_CUSTOMER,32,REF_TITLE_OTHER,nvarchar,60,0,0,True,False
PROSPECT_CUSTOMER,33,REF_FIRSTNAME,nvarchar,200,0,0,True,False
PROSPECT_CUSTOMER,34,REF_LASTNAME,nvarchar,200,0,0,True,False
PROSPECT_CUSTOMER,35,RELATION_REFERENCE,nvarchar,6,0,0,True,False
PROSPECT_CUSTOMER,36,RELATION_REF_DES,nvarchar,200,0,0,True,False
PROSPECT_CUSTOMER,37,REF_OCCUPATION,nvarchar,-1,0,0,True,False
PROSPECT_CUSTOMER,38,REF_AGE,nvarchar,6,0,0,True,False
PROSPECT_CUSTOMER,39,REF_PHONE,nvarchar,24,0,0,True,False
PROSPECT_CUSTOMER,40,IDCARD_FILE,nvarchar,-1,0,0,True,False
PROSPECT_CUSTOMER,41,STUDENTCARD_FILE,nvarchar,-1,0,0,True,False
PROSPECT_CUSTOMER,42,FACE_FILE,nvarchar,-1,0,0,True,False
PROSPECT_CUSTOMER,43,URLMAP,nvarchar,-1,0,0,True,False
PROSPECT_CUSTOMER,44,CREATE_DATE,datetime,8,23,3,True,False
PROSPECT_CUSTOMER,45,UPDATE_DATE,datetime,8,23,3,True,False
PROSPECT_CUSTOMER,46,NAME_MAKE,nvarchar,400,0,0,True,False
PROSPECT_CUSTOMER,47,REF_TAX_ID,nvarchar,26,0,0,True,False
PROSPECT_CUSTOMER,48,UNIVERSITY_PROVINCE,int,4,10,0,True,False
PROSPECT_CUSTOMER,49,UNIVERSITY_DISTRICT,int,4,10,0,True,False
PROSPECT_CUSTOMER,50,REF_BIRTHDAY,date,3,10,0,True,False
PROSPECT_CUSTOMER,51,PHONE_SECOND,nvarchar,24,0,0,True,False
PROSPECT_CUSTOMER,52,REF_PHONE_SECOND,nvarchar,24,0,0,True,False
PROSPECT_CUSTOMER,53,Disease_ID,int,4,10,0,True,False
PROSPECT_CUSTOMER,54,Narcotic_ID,int,4,10,0,True,False
PROSPECT_CUSTOMER,55,Acknowledge_ID,int,4,10,0,True,False
PROSPECT_CUSTOMER,56,PREFIX_ENG,nvarchar,6,0,0,True,False
PROSPECT_CUSTOMER,57,FIRST_NAME_ENG,nvarchar,200,0,0,True,False
PROSPECT_CUSTOMER,58,LAST_NAME_ENG,nvarchar,200,0,0,True,False
PROSPECT_CUSTOMER,59,OCCUPATION_TYPE_CODE,nvarchar,6,0,0,True,False
PROSPECT_CUSTOMER,60,BUSINESSTYPE_CODE,nvarchar,6,0,0,True,False
PROSPECT_CUSTOMER,61,AMOUNT_INCOME,float,8,53,0,True,False
PROSPECT_CUSTOMER,62,IDCARD_FILE_SECOND,nvarchar,-1,0,0,True,False
PROSPECT_CUSTOMER,63,BANK_STATE_FILE,nvarchar,-1,0,0,True,False
PROSPECT_CUSTOMER,64,BANK_STATE_FILE_SECOND,nvarchar,-1,0,0,True,False
PROSPECT_CUSTOMER,65,BANK_STATE_FILE_THIRD,nvarchar,-1,0,0,True,False
PROSPECT_CUSTOMER,66,BANK_STATE_FILE_FOURTH,nvarchar,-1,0,0,True,False
PROSPECT_CUSTOMER,67,FACE_FILE_SECOND,nvarchar,-1,0,0,True,False
PROSPECT_CUSTOMER,68,STATEMENT_FILE,nvarchar,-1,0,0,True,False
PROSPECT_CUSTOMER,69,STATEMENT_FILE_SECOND,nvarchar,-1,0,0,True,False
PROSPECT_CUSTOMER,70,STATEMENT_FILE_THIRD,nvarchar,-1,0,0,True,False
PROSPECT_CUSTOMER,71,APPROVE_CUSTOMER,nvarchar,40,0,0,True,False
PROSPECT_CUSTOMER,72,CREDIT_CARD,nvarchar,40,0,0,True,False
PROSPECT_CUSTOMER,73,FINANCIAL_AMOUNT,float,8,53,0,True,False
PROSPECT_CUSTOMER,74,FINANCIAL_AMOUNT_TRUE,float,8,53,0,True,False
PROSPECT_CUSTOMER,75,INSTITUTION_BANK,nvarchar,40,0,0,True,False
PROSPECT_CUSTOMER,76,INSTITUTION_BANK_AMOUNT,nvarchar,24,0,0,True,False
PROSPECT_CUSTOMER,77,Balloon_Type,int,4,10,0,True,False
PROSPECT_CUSTOMER,78,IDCARD_REGIS_DATE,date,3,10,0,True,False
PROSPECT_CUSTOMER,79,IDCARD_EXPIRE_DATE,date,3,10,0,True,False
PROSPECT_CUSTOMER,80,NATIONALITY_CODE,nvarchar,8,0,0,True,False
PROSPECT_CUSTOMER,81,OTHER_INCOME,float,8,53,0,True,False
PROSPECT_CUSTOMER,82,REF_TAX_ID_2,nvarchar,26,0,0,True,False
PROSPECT_CUSTOMER,83,REF_TITLE_2,nvarchar,100,0,0,True,False
PROSPECT_CUSTOMER,84,REF_TITLE_OTHER_2,nvarchar,60,0,0,True,False
PROSPECT_CUSTOMER,85,RELATION_REFERENCE_2,nvarchar,6,0,0,True,False
PROSPECT_CUSTOMER,86,RELATION_REF_DES_2,nvarchar,200,0,0,True,False
PROSPECT_CUSTOMER,87,REF_OCCUPATION_2,nvarchar,-1,0,0,True,False
PROSPECT_CUSTOMER,88,REF_AGE_2,nvarchar,6,0,0,True,False
PROSPECT_CUSTOMER,89,REF_PHONE_2,nvarchar,24,0,0,True,False
PROSPECT_CUSTOMER,90,REF_BIRTHDAY_2,date,3,10,0,True,False
PROSPECT_CUSTOMER,91,REF_PHONE_SECOND_2,nvarchar,24,0,0,True,False
PROSPECT_CUSTOMER,92,REF_FIRSTNAME_2,nvarchar,200,0,0,True,False
PROSPECT_CUSTOMER,93,REF_LASTNAME_2,nvarchar,200,0,0,True,False
PROSPECT_CUSTOMER,94,SOURCE_INCOME_ID,int,4,10,0,True,False
PROSPECT_CUSTOMER,95,REF1_SOURCE_INCOME_ID,int,4,10,0,True,False
PROSPECT_CUSTOMER,96,REF2_SOURCE_INCOME_ID,int,4,10,0,True,False
PROSPECT_CUSTOMER,97,NO_CHILDREN,int,4,10,0,True,False
PROSPECT_CUSTOMER,98,PAY_DAY,int,4,10,0,True,False
PROSPECT_CUSTOMER,99,BANK_NAME,nvarchar,200,0,0,True,False
PROSPECT_CUSTOMER,100,ABBV,nvarchar,100,0,0,True,False
PROSPECT_CUSTOMER,101,INSTALLMENT_HOME,decimal,9,18,2,True,False
PROSPECT_CUSTOMER,102,INSTALLMENT_CAR,decimal,9,18,2,True,False
PROSPECT_CUSTOMER,103,CREDIT_CARD_LIMIT,decimal,9,18,2,True,False
PROSPECT_CUSTOMER,104,INSTALLMENT_ETC,decimal,9,18,2,True,False
PROSPECT_CUSTOMER,105,UFUND_ACKNOWLEGDE_ID,int,4,10,0,True,False
PROSPECT_CUSTOMER,106,SALARY_RANGE_MIN,decimal,9,18,0,True,False
PROSPECT_CUSTOMER,107,SALARY_RANGE_MAX,decimal,9,18,2,True,False
PROSPECT_CUSTOMER,108,PASSWORD,nvarchar,100,0,0,True,False
PROSPECT_CUSTOMER,109,CONSENT_FILE_PATH,nvarchar,-1,0,0,True,False
PROSPECT_CUSTOMER,110,BANK_STATEMNET_FILE_PATH,nvarchar,-1,0,0,True,False
PROSPECT_CUSTOMER,111,BANK_STATEMNET_FILE_PATH_2,nvarchar,-1,0,0,True,False
PROSPECT_CUSTOMER,112,BANK_STATEMNET_FILE_PATH_3,nvarchar,-1,0,0,True,False
PROSPECT_CUSTOMER,113,BANK_STATEMNET_FILE_PATH_4,nvarchar,-1,0,0,True,False
PROSPECT_CUSTOMER,114,BANK_STATEMNET_FILE_PATH_5,nvarchar,-1,0,0,True,False
PROSPECT_CUSTOMER,115,BANK_STATEMNET_FILE_PATH_6,nvarchar,-1,0,0,True,False
PROSPECT_CUSTOMER,116,PAY_SLIP_TYPE,nvarchar,100,0,0,True,False
PROSPECT_CUSTOMER,117,AMOUNTS_PAY_IN_SLIP,decimal,9,18,2,True,False
PROSPECT_CUSTOMER,132,IDCARD_FILE_PATH,varchar,2000,0,0,True,False
PROSPECT_CUSTOMER,133,STUDENTCARD_FILE_PATH,varchar,2000,0,0,True,False
PROSPECT_CUSTOMER,134,FACE_FILE_PATH,varchar,2000,0,0,True,False
PROSPECT_CUSTOMER,135,BANK_STATE_FILE_PATH,varchar,2000,0,0,True,False
PROSPECT_CUSTOMER,136,BANK_STATE_FILE_SECOND_PATH,varchar,2000,0,0,True,False
PROSPECT_CUSTOMER,137,BANK_STATE_FILE_THIRD_PATH,varchar,2000,0,0,True,False
PROSPECT_CUSTOMER,138,BANK_STATE_FILE_FOURTH_PATH,varchar,2000,0,0,True,False
PROSPECT_CUSTOMER,139,STATEMENT_FILE_PATH,varchar,2000,0,0,True,False
PROSPECT_CUSTOMER,140,STATEMENT_FILE_SECOND_PATH,varchar,2000,0,0,True,False
PROSPECT_CUSTOMER,141,STATEMENT_FILE_THIRD_PATH,varchar,2000,0,0,True,False
PROSPECT_CUSTOMER,142,UNIVERSITY_OTHER_PATH,varchar,2000,0,0,True,False
PROSPECT_CUSTOMER,143,FACULTY_OTHER_PATH,varchar,2000,0,0,True,False
PROSPECT_CUSTOMER,144,REF_OCCUPATION_PATH,varchar,2000,0,0,True,False
PROSPECT_CUSTOMER,145,REF_OCCUPATION_2_PATH,varchar,2000,0,0,True,False
PROSPECT_CUSTOMER,146,MEDIA_ADJUSTED,int,4,10,0,True,False
PROSPECT_GUARANTOR,1,PST_GUAR_ID,int,4,10,0,False,True
PROSPECT_GUARANTOR,2,QUOTATION_ID,int,4,10,0,True,False
PROSPECT_GUARANTOR,3,PREFIX,nvarchar,6,0,0,True,False
PROSPECT_GUARANTOR,4,PREFIX_OTHER,nvarchar,60,0,0,True,False
PROSPECT_GUARANTOR,5,FIRST_NAME,nvarchar,200,0,0,True,False
PROSPECT_GUARANTOR,6,LAST_NAME,nvarchar,200,0,0,True,False
PROSPECT_GUARANTOR,7,SEX,nvarchar,6,0,0,True,False
PROSPECT_GUARANTOR,8,MARITAL_STATUS,nvarchar,4,0,0,True,False
PROSPECT_GUARANTOR,9,BIRTHDAY,date,3,10,0,True,False
PROSPECT_GUARANTOR,10,AGE,int,4,10,0,True,False
PROSPECT_GUARANTOR,11,TAX_ID,nvarchar,26,0,0,True,False
PROSPECT_GUARANTOR,12,REGIS_TAX_DATE,date,3,10,0,True,False
PROSPECT_GUARANTOR,13,EXPIRE_TAX_DATE,date,3,10,0,True,False
PROSPECT_GUARANTOR,14,PHONE,nvarchar,24,0,0,True,False
PROSPECT_GUARANTOR,15,MOBILE,nvarchar,24,0,0,True,False
PROSPECT_GUARANTOR,16,EMAIL,nvarchar,100,0,0,True,False
PROSPECT_GUARANTOR,17,LINEID,nvarchar,100,0,0,True,False
PROSPECT_GUARANTOR,18,FACEBOOK,nvarchar,100,0,0,True,False
PROSPECT_GUARANTOR,19,OCCUPATION_ID,int,4,10,0,True,False
PROSPECT_GUARANTOR,20,OFFICE_NAME,nvarchar,300,0,0,True,False
PROSPECT_GUARANTOR,21,OFFICE_POSITION,nvarchar,300,0,0,True,False
PROSPECT_GUARANTOR,22,WORK_YEAR,int,4,10,0,True,False
PROSPECT_GUARANTOR,23,WORK_MONTH,int,4,10,0,True,False
PROSPECT_GUARANTOR,24,MAIN_INCOME,float,8,53,0,True,False
PROSPECT_GUARANTOR,25,EXTRA_INCOME,float,8,53,0,True,False
PROSPECT_GUARANTOR,26,OFFICE_PHONE,nvarchar,100,0,0,True,False
PROSPECT_GUARANTOR,27,RELATION_REF,int,4,10,0,True,False
PROSPECT_GUARANTOR,28,RELATION_REF_DES,nvarchar,200,0,0,True,False
PROSPECT_GUARANTOR,29,IDCARD_FILE,nvarchar,-1,0,0,True,False
PROSPECT_GUARANTOR,30,SLIP_FILE,nvarchar,-1,0,0,True,False
PROSPECT_GUARANTOR,31,STATEMENT_FILE,nvarchar,-1,0,0,True,False
PROSPECT_GUARANTOR,32,OTHER_FILE,nvarchar,-1,0,0,True,False
PROSPECT_GUARANTOR,33,ACCEPT_STATUS,bit,1,1,0,True,False
PROSPECT_GUARANTOR,34,RESULT_GUARANTOR,nvarchar,100,0,0,True,False
PROSPECT_GUARANTOR,35,ACTIVE_STATUS,bit,1,1,0,True,False
PROSPECT_GUARANTOR,36,CREATE_DATE,datetime,8,23,3,True,False
PROSPECT_GUARANTOR,37,UPDATE_DATE,datetime,8,23,3,True,False
PROSPECT_GUARANTOR,38,NAME_MAKE,nvarchar,400,0,0,True,False
PROSPECT_GUARANTOR,39,SOURCE_INCOME_ID,int,4,10,0,True,False
PURCHASE_ORDER,1,PO_ID,int,4,10,0,False,True
PURCHASE_ORDER,2,APP_ID,int,4,10,0,True,False
PURCHASE_ORDER,3,APPLICATION_NUMBER,nvarchar,40,0,0,True,False
PURCHASE_ORDER,4,PO_TYPE,int,4,10,0,True,False
PURCHASE_ORDER,5,STATUD_ID,int,4,10,0,True,False
PURCHASE_ORDER,6,APP_DATE,date,3,10,0,True,False
PURCHASE_ORDER,7,PRODUCT_CATEGORY,nvarchar,200,0,0,True,False
PURCHASE_ORDER,8,PRODUCT_BRAND,nvarchar,200,0,0,True,False
PURCHASE_ORDER,9,PRODUCT_SERIES,nvarchar,200,0,0,True,False
PURCHASE_ORDER,10,PO_DATE,date,3,10,0,True,False
PURCHASE_ORDER,11,PO_NUMBER,nvarchar,40,0,0,True,False
PURCHASE_ORDER,12,AMOUNT,float,8,53,0,True,False
PURCHASE_ORDER,13,VAT_AMOUNT,float,8,53,0,True,False
PURCHASE_ORDER,14,SUM_AMOUNT,float,8,53,0,True,False
PURCHASE_ORDER,15,INV_PN_NUMBER,nvarchar,40,0,0,True,False
PURCHASE_ORDER,16,CREATE_DATE,datetime,8,23,3,True,False
PURCHASE_ORDER,17,UPDATE_DATE,datetime,8,23,3,True,False
PURCHASE_ORDER,18,NAME_MAKE,nvarchar,300,0,0,True,False
PURCHASE_ORDER_REGEN,1,PO_ID,int,4,10,0,True,False
PURCHASE_ORDER_REGEN,2,APP_ID,int,4,10,0,True,False
PURCHASE_ORDER_REGEN,3,APPLICATION_NUMBER,nvarchar,40,0,0,True,False
PURCHASE_ORDER_REGEN,4,PO_TYPE,int,4,10,0,True,False
PURCHASE_ORDER_REGEN,5,STATUD_ID,int,4,10,0,True,False
PURCHASE_ORDER_REGEN,6,APP_DATE,date,3,10,0,True,False
PURCHASE_ORDER_REGEN,7,PRODUCT_CATEGORY,nvarchar,200,0,0,True,False
PURCHASE_ORDER_REGEN,8,PRODUCT_BRAND,nvarchar,200,0,0,True,False
PURCHASE_ORDER_REGEN,9,PRODUCT_SERIES,nvarchar,200,0,0,True,False
PURCHASE_ORDER_REGEN,10,PO_DATE,date,3,10,0,True,False
PURCHASE_ORDER_REGEN,11,PO_NUMBER,nvarchar,40,0,0,True,False
PURCHASE_ORDER_REGEN,12,AMOUNT,float,8,53,0,True,False
PURCHASE_ORDER_REGEN,13,VAT_AMOUNT,float,8,53,0,True,False
PURCHASE_ORDER_REGEN,14,SUM_AMOUNT,float,8,53,0,True,False
PURCHASE_ORDER_REGEN,15,INV_PN_NUMBER,nvarchar,40,0,0,True,False
PURCHASE_ORDER_REGEN,16,CreateDate,datetime,8,23,3,True,False
QUOTATION,1,QUOTATION_ID,int,4,10,0,False,True
QUOTATION,2,QT_DATE,date,3,10,0,True,False
QUOTATION,3,DATE_END,date,3,10,0,True,False
QUOTATION,4,STATUS_ID,int,4,10,0,True,False
QUOTATION,5,APPROVE_CODE,nvarchar,40,0,0,True,False
QUOTATION,6,BRANCH_TYPE,int,4,10,0,True,False
QUOTATION,7,BRANCH_ID,int,4,10,0,True,False
QUOTATION,8,BRANCH_AD,nvarchar,200,0,0,True,False
QUOTATION,9,TAX_ID,nvarchar,26,0,0,True,False
QUOTATION,10,CUSTOMER_NAME,nvarchar,400,0,0,True,False
QUOTATION,11,OCCUPATION_ID,int,4,10,0,True,False
QUOTATION,12,UNIVERSITY_ID,int,4,10,0,True,False
QUOTATION,13,CAMPUS_ID,int,4,10,0,True,False
QUOTATION,14,FACULTY_ID,int,4,10,0,True,False
QUOTATION,15,FLAG_GUARANTOR,int,4,10,0,True,False
QUOTATION,16,PRODUCT_TYPE,int,4,10,0,True,False
QUOTATION,17,PRODUCT_CATEGORY,int,4,10,0,True,False
QUOTATION,18,PRODUCT_BAND,int,4,10,0,True,False
QUOTATION,19,PRODUCT_SERIES,int,4,10,0,True,False
QUOTATION,20,PRODUCT_SUB_SERIES,int,4,10,0,True,False
QUOTATION,21,PRODUCT_COLOR,int,4,10,0,True,False
QUOTATION,22,REMARK,nvarchar,-1,0,0,True,False
QUOTATION,23,PROD_PRICE,float,8,53,0,True,False
QUOTATION,24,PROD_VAT,float,8,53,0,True,False
QUOTATION,25,PROD_SUM_PRICE,float,8,53,0,True,False
QUOTATION,26,DOWN_PERCENT,float,8,53,0,True,False
QUOTATION,27,DOWN_AMT,float,8,53,0,True,False
QUOTATION,28,DOWN_VAT,float,8,53,0,True,False
QUOTATION,29,DOWN_SUM_AMT,float,8,53,0,True,False
QUOTATION,30,HP_AMT,float,8,53,0,True,False
QUOTATION,31,HP_INVEST_AMT,float,8,53,0,True,False
QUOTATION,32,INTEREST_FLAT,float,8,53,0,True,False
QUOTATION,33,INTEREST_EFFECTIVE,nchar,20,0,0,True,False
QUOTATION,34,INSTALL_NUM,int,4,10,0,True,False
QUOTATION,35,INTEREST_AMT,float,8,53,0,True,False
QUOTATION,36,HP_SUM,float,8,53,0,True,False
QUOTATION,37,INSTALL_NUM_FINAL,int,4,10,0,True,False
QUOTATION,38,INSTALL_AMT,float,8,53,0,True,False
QUOTATION,39,INSTALL_AMT_FINAL,float,8,53,0,True,False
QUOTATION,40,INSTALL_VAT,float,8,53,0,True,False
QUOTATION,41,INSTALL_VAT_FINAL,float,8,53,0,True,False
QUOTATION,42,INSTALL_SUM,float,8,53,0,True,False
QUOTATION,43,INSTALL_SUM_FINAL,float,8,53,0,True,False
QUOTATION,44,CREDIT_LIMIT,float,8,53,0,True,False
QUOTATION,45,HP_VAT_SUM,float,8,53,0,True,False
QUOTATION,46,PAY_DOWN_TYPE,int,4,10,0,True,False
QUOTATION,47,DESCRIPTION,nvarchar,-1,0,0,True,False
QUOTATION,48,ACS_ID,int,4,10,0,True,False
QUOTATION,49,ACS_DES,nvarchar,200,0,0,True,False
QUOTATION,50,ACS_PRICE,float,8,53,0,True,False
QUOTATION,51,ACS_VAT,float,8,53,0,True,False
QUOTATION,52,ACS_SUM,float,8,53,0,True,False
QUOTATION,53,INSURE_ID,int,4,10,0,True,False
QUOTATION,54,INSURE_DES,nvarchar,400,0,0,True,False
QUOTATION,55,INSURE_SUM,float,8,53,0,True,False
QUOTATION,56,PROD_TOTAL,float,8,53,0,True,False
QUOTATION,57,PROD_TOTAL_VAT,float,8,53,0,True,False
QUOTATION,58,PROD_TOTAL_AMT,float,8,53,0,True,False
QUOTATION,59,Tradein_AMT,float,8,53,0,True,False
QUOTATION,60,ADDR_PROS_KYC,int,4,10,0,True,False
QUOTATION,61,DUEDATE_KYC,date,3,10,0,True,False
QUOTATION,62,PERIOD_KYC,int,4,10,0,True,False
QUOTATION,63,Addr_KYC_ID,int,4,10,0,True,False
QUOTATION,64,Delivery_ID,int,4,10,0,True,False
QUOTATION,65,CREATE_DATE,datetime,8,23,3,True,False
QUOTATION,66,UPDATE_DATE,datetime,8,23,3,True,False
QUOTATION,67,NAME_MAKE,nvarchar,400,0,0,True,False
QUOTATION,68,DEFAULT_DOWN_PERCENT,float,8,53,0,True,False
QUOTATION,69,Icare_Des,nvarchar,100,0,0,True,False
QUOTATION,70,Icare_Percent,decimal,9,10,4,True,False
QUOTATION,71,Icare_Price,float,8,53,0,True,False
QUOTATION,72,INTEREST_TOTAL,float,8,53,0,True,False
QUOTATION,73,INTEREST_VAT,float,8,53,0,True,False
QUOTATION,74,INSURE_VAT,float,8,53,0,True,False
QUOTATION,75,INSURE_TOTAL,float,8,53,0,True,False
QUOTATION,76,DOWN_SUM_VAT,float,8,53,0,True,False
QUOTATION,77,DOWN_SUM_TOTAL,float,8,53,0,True,False
QUOTATION,78,DOWN_PAY_AMT,float,8,53,0,True,False
QUOTATION,79,AMT_PERCENT,float,8,53,0,True,False
QUOTATION,80,TYPE_LOAN_HP,int,4,10,0,True,False
QUOTATION,81,FEE_TOTAL_AMT,float,8,53,0,True,False
QUOTATION,82,FEE_TOTAL,float,8,53,0,True,False
QUOTATION,83,FEE_VAT,float,8,53,0,True,False
QUOTATION,84,Balloon_Type,int,4,10,0,True,False
QUOTATION,85,TRADE_IN_TYPE,int,4,10,0,True,False
QUOTATION,86,INSTALL_NUM_BALLOON,int,4,10,0,True,False
QUOTATION,87,TRADE_IN_INSTALL,int,4,10,0,True,False
QUOTATION,88,PACKAGE_ID,int,4,10,0,True,False
QUOTATION,89,PACKAGE_AMT,float,8,53,0,True,False
QUOTATION,90,PACKAGE_VAT,float,8,53,0,True,False
QUOTATION,91,PACKAGE_SUM_AMT,float,8,53,0,True,False
QUOTATION,92,DISCOUNT_AMT,float,8,53,0,True,False
QUOTATION,93,DISCOUNT_VAT,float,8,53,0,True,False
QUOTATION,94,DISCOUNT_SUM_AMT,float,8,53,0,True,False
QUOTATION,95,TRADE_IN_DISCOUNT_AMT,float,8,53,0,True,False
QUOTATION,96,TRADE_IN_DISCOUNT_VAT,float,8,53,0,True,False
QUOTATION,97,TRADE_IN_DISCOUNT_SUM_AMT,float,8,53,0,True,False
QUOTATION,98,UTM_CODE,nvarchar,200,0,0,True,False
QUOTATION,99,PROJECT_TYPE,nvarchar,40,0,0,True,False
QUOTATION,100,DOWN_TYPE,int,4,10,0,True,False
QUOTATION,101,MT_CUSTOMER_SIM_ID,int,4,10,0,True,False
QUOTATION,102,MEMBER_REF,varchar,25,0,0,True,False
QUOTATION,106,CONSENT_DATE,varchar,8,0,0,True,False
QUOTATION,107,CONSENT_TIME,varchar,6,0,0,True,False
QUOTATION,108,QUOTATION_UUID,uniqueidentifier,16,0,0,True,False
QUOTATION,109,Org_Product_Price,float,8,53,0,True,False
QUOTATION,110,Promo_Discount,float,8,53,0,True,False
RECORD_RECEIPT_PAYMENT,1,REC_RP_ID,int,4,10,0,False,True
RECORD_RECEIPT_PAYMENT,2,PAYMENT_ID,int,4,10,0,True,False
RECORD_RECEIPT_PAYMENT,3,DATE,date,3,10,0,True,False
RECORD_RECEIPT_PAYMENT,4,RECEIPT_NUMBER,nvarchar,100,0,0,True,False
RECORD_RECEIPT_PAYMENT,5,RECEIPT_NAME,nvarchar,400,0,0,True,False
RECORD_RECEIPT_PAYMENT,6,TAX_ID,nvarchar,26,0,0,True,False
RECORD_RECEIPT_PAYMENT,7,CORP_NUM_CENTER,nvarchar,40,0,0,True,False
RECORD_RECEIPT_PAYMENT,8,CORP_NUM_BRANCH,nvarchar,40,0,0,True,False
RECORD_RECEIPT_PAYMENT,9,RECEIPT_AMT,float,8,53,0,True,False
RECORD_RECEIPT_PAYMENT,10,RECEIPT_VAT_AMT,float,8,53,0,True,False
RECORD_RECEIPT_PAYMENT,11,TAX_DATE,date,3,10,0,True,False
RECORD_RECEIPT_PAYMENT,12,TAX_NUMBER,nvarchar,100,0,0,True,False
RECORD_RECEIPT_PAYMENT,13,TAX__NAME,nvarchar,400,0,0,True,False
RECORD_RECEIPT_PAYMENT,14,TAX_ID1,nvarchar,26,0,0,True,False
RECORD_RECEIPT_PAYMENT,15,TAX_CORP_NUM_CENTER,nvarchar,40,0,0,True,False
RECORD_RECEIPT_PAYMENT,16,TAX_CORP_NUM_BRANCH,nvarchar,40,0,0,True,False
RECORD_RECEIPT_PAYMENT,17,TAX_AMT,float,8,53,0,True,False
RECORD_RECEIPT_PAYMENT,18,TAX_VAT_AMT,float,8,53,0,True,False
RECORD_RECEIPT_PAYMENT_200917_1041,1,REC_RP_ID,int,4,10,0,False,True
RECORD_RECEIPT_PAYMENT_200917_1041,2,PAYMENT_ID,int,4,10,0,True,False
RECORD_RECEIPT_PAYMENT_200917_1041,3,DATE,date,3,10,0,True,False
RECORD_RECEIPT_PAYMENT_200917_1041,4,RECEIPT_NUMBER,nvarchar,100,0,0,True,False
RECORD_RECEIPT_PAYMENT_200917_1041,5,RECEIPT_NAME,nvarchar,400,0,0,True,False
RECORD_RECEIPT_PAYMENT_200917_1041,6,TAX_ID,nvarchar,26,0,0,True,False
RECORD_RECEIPT_PAYMENT_200917_1041,7,CORP_NUM_CENTER,nvarchar,40,0,0,True,False
RECORD_RECEIPT_PAYMENT_200917_1041,8,CORP_NUM_BRANCH,nvarchar,40,0,0,True,False
RECORD_RECEIPT_PAYMENT_200917_1041,9,RECEIPT_AMT,float,8,53,0,True,False
RECORD_RECEIPT_PAYMENT_200917_1041,10,RECEIPT_VAT_AMT,float,8,53,0,True,False
RECORD_RECEIPT_PAYMENT_200917_1041,11,TAX_DATE,date,3,10,0,True,False
RECORD_RECEIPT_PAYMENT_200917_1041,12,TAX_NUMBER,nvarchar,100,0,0,True,False
RECORD_RECEIPT_PAYMENT_200917_1041,13,TAX__NAME,nvarchar,400,0,0,True,False
RECORD_RECEIPT_PAYMENT_200917_1041,14,TAX_ID1,nvarchar,26,0,0,True,False
RECORD_RECEIPT_PAYMENT_200917_1041,15,TAX_CORP_NUM_CENTER,nvarchar,40,0,0,True,False
RECORD_RECEIPT_PAYMENT_200917_1041,16,TAX_CORP_NUM_BRANCH,nvarchar,40,0,0,True,False
RECORD_RECEIPT_PAYMENT_200917_1041,17,TAX_AMT,float,8,53,0,True,False
RECORD_RECEIPT_PAYMENT_200917_1041,18,TAX_VAT_AMT,float,8,53,0,True,False
RECORD_RECEIPT_PAYMENT_MISSING_AUG20,1,No#,float,8,53,0,True,False
RECORD_RECEIPT_PAYMENT_MISSING_AUG20,2,เลขที่ PO,nvarchar,510,0,0,True,False
RECORD_RECEIPT_PAYMENT_MISSING_AUG20,3,วันที่เปิดบิล,datetime,8,23,3,True,False
RECORD_RECEIPT_PAYMENT_MISSING_AUG20,4,เลขที่ IV#,nvarchar,510,0,0,True,False
RECORD_RECEIPT_PAYMENT_MISSING_AUG20,5,Product Code,nvarchar,510,0,0,True,False
RECORD_RECEIPT_PAYMENT_MISSING_AUG20,6,Product Code1,nvarchar,510,0,0,True,False
RECORD_RECEIPT_PAYMENT_MISSING_AUG20,7,Product Name,nvarchar,510,0,0,True,False
RECORD_RECEIPT_PAYMENT_MISSING_AUG20,8,Serial,nvarchar,510,0,0,True,False
RECORD_RECEIPT_PAYMENT_MISSING_AUG20,9,PHY ID:,nvarchar,510,0,0,True,False
RECORD_RECEIPT_PAYMENT_MISSING_AUG20,10,จำนวนเงิน,float,8,53,0,True,False
RECORD_RECEIPT_PAYMENT_MISSING_AUG20,11,หมายเหตุ,nvarchar,510,0,0,True,False
REPAYMENT,1,REPAY_ID,int,4,10,0,False,True
REPAYMENT,2,CONTRACT_ID,int,4,10,0,True,False
REPAYMENT,3,CUSTOMER_CARD_ID,int,4,10,0,True,False
REPAYMENT,4,APP_ID,int,4,10,0,True,False
REPAYMENT,5,INVOICE_ID,int,4,10,0,True,False
REPAYMENT,6,STATUS_ID,int,4,10,0,True,False
REPAYMENT,7,APPLICATION_NUMBER,nvarchar,40,0,0,True,False
REPAYMENT,8,CONTRACT_NUMBER,nvarchar,40,0,0,True,False
REPAYMENT,9,CUSTOMER_NAME,nvarchar,400,0,0,True,False
REPAYMENT,10,REPAY_TYPE,int,4,10,0,True,False
REPAYMENT,11,RECEIPT_NUMBER,nvarchar,40,0,0,True,False
REPAYMENT,12,TAX_NUMBER,nvarchar,40,0,0,True,False
REPAYMENT,13,PHY_NUMBER,nvarchar,40,0,0,True,False
REPAYMENT,14,CREDIT_NOTE_NUMBER,nvarchar,40,0,0,True,False
REPAYMENT,15,PAY_TYPE,int,4,10,0,True,False
REPAYMENT,16,MAKE_DATE,date,3,10,0,True,False
REPAYMENT,17,REPAY_DATE,date,3,10,0,True,False
REPAYMENT,18,REPAY_NAME,nvarchar,200,0,0,True,False
REPAYMENT,19,REPAY_PENALTY,float,8,53,0,True,False
REPAYMENT,20,REPAY_COLLECT,float,8,53,0,True,False
REPAYMENT,21,REPAY_AMOUNT,float,8,53,0,True,False
REPAYMENT,22,REPAY_WHT,float,8,53,0,True,False
REPAYMENT,23,REPAY_VAT,float,8,53,0,True,False
REPAYMENT,24,REPAY_DISCOUNT,float,8,53,0,True,False
REPAYMENT,25,REPAY_SUM_AMOUNT,float,8,53,0,True,False
REPAYMENT,26,DES_SUM_AMT,nvarchar,400,0,0,True,False
REPAYMENT,27,PAY_DATE,date,3,10,0,True,False
REPAYMENT,28,PAY_NAME,nvarchar,200,0,0,True,False
REPAYMENT,29,PAY_PENALTY,float,8,53,0,True,False
REPAYMENT,30,PAY_COLLECT,float,8,53,0,True,False
REPAYMENT,31,PAY_AMT,float,8,53,0,True,False
REPAYMENT,32,PAY_VAT,float,8,53,0,True,False
REPAYMENT,33,PAY_DISCOUNT,float,8,53,0,True,False
REPAYMENT,34,PAY_SUM_AMT,float,8,53,0,True,False
REPAYMENT,35,INSTALL,int,4,10,0,True,False
REPAYMENT,36,OVER_AMT,float,8,53,0,True,False
REPAYMENT,37,LACK_AMT,float,8,53,0,True,False
REPAYMENT,38,PENALTY_WAVE_AMT,float,8,53,0,True,False
REPAYMENT,39,COLLECT_WAVE_AMT,float,8,53,0,True,False
REPAYMENT,40,RESERVE_AMOUNT,float,8,53,0,True,False
REPAYMENT,41,FLAG_RESERVE,int,4,10,0,True,False
REPAYMENT,42,USE_RESERVE_AMT,float,8,53,0,True,False
REPAYMENT,43,FLAG_EARLY_CLOSE,int,4,10,0,True,False
REPAYMENT,44,CREATE_DATE,datetime,8,23,3,True,False
REPAYMENT,45,UPDATE_DATE,datetime,8,23,3,True,False
REPAYMENT,46,NAME_MAKE,nvarchar,400,0,0,True,False
REPAYMENT,47,BANK_CODE,nvarchar,40,0,0,True,False
REPAYMENT_Dept,1,REPAY_ID,int,4,10,0,False,True
REPAYMENT_Dept,2,CONTRACT_ID,int,4,10,0,True,False
REPAYMENT_Dept,3,CUSTOMER_CARD_ID,int,4,10,0,True,False
REPAYMENT_Dept,4,APP_ID,int,4,10,0,True,False
REPAYMENT_Dept,5,INVOICE_ID,int,4,10,0,True,False
REPAYMENT_Dept,6,STATUS_ID,int,4,10,0,True,False
REPAYMENT_Dept,7,APPLICATION_NUMBER,nvarchar,40,0,0,True,False
REPAYMENT_Dept,8,CONTRACT_NUMBER,nvarchar,40,0,0,True,False
REPAYMENT_Dept,9,CUSTOMER_NAME,nvarchar,400,0,0,True,False
REPAYMENT_Dept,10,REPAY_TYPE,int,4,10,0,True,False
REPAYMENT_Dept,11,RECEIPT_NUMBER,nvarchar,40,0,0,True,False
REPAYMENT_Dept,12,TAX_NUMBER,nvarchar,40,0,0,True,False
REPAYMENT_Dept,13,PHY_NUMBER,nvarchar,40,0,0,True,False
REPAYMENT_Dept,14,CREDIT_NOTE_NUMBER,nvarchar,40,0,0,True,False
REPAYMENT_Dept,15,PAY_TYPE,int,4,10,0,True,False
REPAYMENT_Dept,16,MAKE_DATE,date,3,10,0,True,False
REPAYMENT_Dept,17,REPAY_DATE,date,3,10,0,True,False
REPAYMENT_Dept,18,REPAY_NAME,nvarchar,200,0,0,True,False
REPAYMENT_Dept,19,REPAY_PENALTY,float,8,53,0,True,False
REPAYMENT_Dept,20,REPAY_COLLECT,float,8,53,0,True,False
REPAYMENT_Dept,21,REPAY_AMOUNT,float,8,53,0,True,False
REPAYMENT_Dept,22,REPAY_WHT,float,8,53,0,True,False
REPAYMENT_Dept,23,REPAY_VAT,float,8,53,0,True,False
REPAYMENT_Dept,24,REPAY_DISCOUNT,float,8,53,0,True,False
REPAYMENT_Dept,25,REPAY_SUM_AMOUNT,float,8,53,0,True,False
REPAYMENT_Dept,26,DES_SUM_AMT,nvarchar,400,0,0,True,False
REPAYMENT_Dept,27,PAY_DATE,date,3,10,0,True,False
REPAYMENT_Dept,28,PAY_NAME,nvarchar,200,0,0,True,False
REPAYMENT_Dept,29,PAY_PENALTY,float,8,53,0,True,False
REPAYMENT_Dept,30,PAY_COLLECT,float,8,53,0,True,False
REPAYMENT_Dept,31,PAY_AMT,float,8,53,0,True,False
REPAYMENT_Dept,32,PAY_VAT,float,8,53,0,True,False
REPAYMENT_Dept,33,PAY_DISCOUNT,float,8,53,0,True,False
REPAYMENT_Dept,34,PAY_SUM_AMT,float,8,53,0,True,False
REPAYMENT_Dept,35,INSTALL,int,4,10,0,True,False
REPAYMENT_Dept,36,OVER_AMT,float,8,53,0,True,False
REPAYMENT_Dept,37,LACK_AMT,float,8,53,0,True,False
REPAYMENT_Dept,38,PENALTY_WAVE_AMT,float,8,53,0,True,False
REPAYMENT_Dept,39,COLLECT_WAVE_AMT,float,8,53,0,True,False
REPAYMENT_Dept,40,RESERVE_AMOUNT,float,8,53,0,True,False
REPAYMENT_Dept,41,FLAG_RESERVE,int,4,10,0,True,False
REPAYMENT_Dept,42,USE_RESERVE_AMT,float,8,53,0,True,False
REPAYMENT_Dept,43,FLAG_EARLY_CLOSE,int,4,10,0,True,False
REPAYMENT_Dept,44,CREATE_DATE,datetime,8,23,3,True,False
REPAYMENT_Dept,45,UPDATE_DATE,datetime,8,23,3,True,False
REPAYMENT_Dept,46,NAME_MAKE,nvarchar,400,0,0,True,False
Report_Aging,1,CONTRACT_ID,int,4,10,0,True,False
Report_Aging,2,CONTRACT_NUMBER,nvarchar,40,0,0,True,False
Report_Aging,3,CUSTOMER_NAME,nvarchar,200,0,0,True,False
Report_Aging,4,CONTRACT_START,date,3,10,0,True,False
Report_Aging,5,FIRST_DUE_DATE,date,3,10,0,True,False
Report_Aging,6,END_DUE_DATE,date,3,10,0,True,False
Report_Aging,7,SUM_INSTALL_AMT_NO_VAT,float,8,53,0,True,False
Report_Aging,8,SUM_VAT,float,8,53,0,True,False
Report_Aging,9,INSTALL_NUM_ALL,int,4,10,0,True,False
Report_Aging,10,INSTALL_NO_VAT,float,8,53,0,True,False
Report_Aging,11,INSTALL_TOTAL,int,4,10,0,True,False
Report_Aging,12,TOTAL_INSTALL_AMT_NO_VAT,float,8,53,0,True,False
Report_Aging,13,TOTAL_INTEREST_AMT_NO_VAT,float,8,53,0,True,False
Report_Aging,14,FIRST_OVD_DUE_DATE,date,3,10,0,True,False
Report_Aging,15,TOTAL_INSTALL_AMT_NO_VAT_DUE_DATE,float,8,53,0,True,False
Report_Aging,16,OVD_DATE,int,4,10,0,True,False
Report_Aging,17,OVD_ONE,float,8,53,0,True,False
Report_Aging,18,OVD_TWO,float,8,53,0,True,False
Report_Aging,19,OVD_THREE,float,8,53,0,True,False
Report_Aging,20,OVD_FOUR,float,8,53,0,True,False
Report_Aging,21,OVD_FIVE,float,8,53,0,True,False
Report_Aging,22,OVD_SIX,float,8,53,0,True,False
Report_Aging,23,OVD_SEVEN,float,8,53,0,True,False
Report_Aging,24,OVD_EIGHT,float,8,53,0,True,False
Report_Aging,25,STATUS_ID,int,4,10,0,True,False
Report_Aging,26,STATUS_NAME,nchar,100,0,0,True,False
Report_Aging,27,REPORT_MONTH,date,3,10,0,True,False
Report_Aging,28,GENERATE_DATE,date,3,10,0,True,False
Report_Aging,29,CHECK_FIRST_OVD_DUE_DATE,nchar,20,0,0,True,False
Report_Aging,30,INSTALL_REF_DUEDATE,int,4,10,0,True,False
Report_Aging,31,INSTALL_REF_REPAYDATE,int,4,10,0,True,False
Report_Balance_defered_interest,1,CONTRACT_ID,int,4,10,0,True,False
Report_Balance_defered_interest,2,CONTRACT_NUMBER,nvarchar,40,0,0,True,False
Report_Balance_defered_interest,3,CUSTOMER_NAME,nvarchar,200,0,0,True,False
Report_Balance_defered_interest,4,CONTRACT_START,date,3,10,0,True,False
Report_Balance_defered_interest,5,FIRST_DUE_DATE,date,3,10,0,True,False
Report_Balance_defered_interest,6,END_DUE_DATE,date,3,10,0,True,False
Report_Balance_defered_interest,7,SUM_INTEREST_AMT_NO_VAT,float,8,53,0,True,False
Report_Balance_defered_interest,8,INSTALL_NUM_ALL,int,4,10,0,True,False
Report_Balance_defered_interest,9,INSTALL_TOTAL,int,4,10,0,True,False
Report_Balance_defered_interest,10,TOTAL_INTEREST_AMT_NO_VAT,float,8,53,0,True,False
Report_Balance_defered_interest,11,PAY_INTEREST_MONTH,float,8,53,0,True,False
Report_Balance_defered_interest,12,PAY_INTEREST_IN_ONE_YEAR,float,8,53,0,True,False
Report_Balance_defered_interest,13,PAY_INTEREST_REMAIN_YEAR,float,8,53,0,True,False
Report_Balance_defered_interest,14,STATUS_ID,int,4,10,0,True,False
Report_Balance_defered_interest,15,STATUS_NAME,nchar,100,0,0,True,False
Report_Balance_defered_interest,16,REPORT_MONTH,date,3,10,0,True,False
Report_Balance_defered_interest,17,GENERATE_DATE,date,3,10,0,True,False
Report_outstanding_accounts_receivable,1,CONTRACT_ID,int,4,10,0,True,False
Report_outstanding_accounts_receivable,2,CONTRACT_NUMBER,nvarchar,40,0,0,True,False
Report_outstanding_accounts_receivable,3,CUSTOMER_NAME,nvarchar,200,0,0,True,False
Report_outstanding_accounts_receivable,4,CONTRACT_START,date,3,10,0,True,False
Report_outstanding_accounts_receivable,5,FIRST_DUE_DATE,date,3,10,0,True,False
Report_outstanding_accounts_receivable,6,END_DUE_DATE,date,3,10,0,True,False
Report_outstanding_accounts_receivable,7,SUM_INSTALL_AMT_NO_VAT,float,8,53,0,True,False
Report_outstanding_accounts_receivable,8,INSTALL_NUM_ALL,int,4,10,0,True,False
Report_outstanding_accounts_receivable,9,INSTALL_NO_VAT,float,8,53,0,True,False
Report_outstanding_accounts_receivable,10,INSTALL_TOTAL,int,4,10,0,True,False
Report_outstanding_accounts_receivable,11,TOTAL_INSTALL_AMT_NO_VAT,float,8,53,0,True,False
Report_outstanding_accounts_receivable,12,PAY_INSATLL_IN_ONE_YEAR,float,8,53,0,True,False
Report_outstanding_accounts_receivable,13,PAY_INSATLL_REMAIN_YEAR,float,8,53,0,True,False
Report_outstanding_accounts_receivable,14,STATUS_ID,int,4,10,0,True,False
Report_outstanding_accounts_receivable,15,STATUS_NAME,nchar,100,0,0,True,False
Report_outstanding_accounts_receivable,16,REPORT_MONTH,date,3,10,0,True,False
Report_outstanding_accounts_receivable,17,GENERATE_DATE,date,3,10,0,True,False
RESERVER_REPAYMENT,1,RESERVER_ID,int,4,10,0,False,True
RESERVER_REPAYMENT,2,REPAY_ID,int,4,10,0,True,False
RESERVER_REPAYMENT,3,CONTRACT_ID,int,4,10,0,True,False
RESERVER_REPAYMENT,4,CUSTOMER_CARD_ID,int,4,10,0,True,False
RESERVER_REPAYMENT,5,REPAY_DATE,date,3,10,0,True,False
RESERVER_REPAYMENT,6,REPAY_TIME,time,5,16,7,True,False
RESERVER_REPAYMENT,7,REFERENCE_01,nvarchar,40,0,0,True,False
RESERVER_REPAYMENT,8,REFERENCE_02,nvarchar,10,0,0,True,False
RESERVER_REPAYMENT,9,CUSTOMER_NAME,nvarchar,400,0,0,True,False
RESERVER_REPAYMENT,10,RESERVER_DATE,date,3,10,0,True,False
RESERVER_REPAYMENT,11,RESERVER_TYPE,int,4,10,0,True,False
RESERVER_REPAYMENT,12,RESERVER_AMOUNT,float,8,53,0,True,False
RESERVER_REPAYMENT,13,STATUS_ID,int,4,10,0,True,False
RESERVER_REPAYMENT,14,CREATE_DATE,datetime,8,23,3,True,False
RESERVER_REPAYMENT,15,UPDATE_DATE,datetime,8,23,3,True,False
RESERVER_REPAYMENT,16,NAME_MAKE,nvarchar,400,0,0,True,False
RESERVER_REPAYMENT_TempNCB,1,RESERVER_ID,int,4,10,0,True,False
RESERVER_REPAYMENT_TempNCB,2,REPAY_ID,int,4,10,0,True,False
RESERVER_REPAYMENT_TempNCB,3,CONTRACT_ID,int,4,10,0,True,False
RESERVER_REPAYMENT_TempNCB,4,CUSTOMER_CARD_ID,int,4,10,0,True,False
RESERVER_REPAYMENT_TempNCB,5,REPAY_DATE,date,3,10,0,True,False
RESERVER_REPAYMENT_TempNCB,6,REPAY_TIME,time,5,16,7,True,False
RESERVER_REPAYMENT_TempNCB,7,REFERENCE_01,nvarchar,40,0,0,True,False
RESERVER_REPAYMENT_TempNCB,8,REFERENCE_02,nvarchar,10,0,0,True,False
RESERVER_REPAYMENT_TempNCB,9,CUSTOMER_NAME,nvarchar,400,0,0,True,False
RESERVER_REPAYMENT_TempNCB,10,RESERVER_DATE,date,3,10,0,True,False
RESERVER_REPAYMENT_TempNCB,11,RESERVER_TYPE,int,4,10,0,True,False
RESERVER_REPAYMENT_TempNCB,12,RESERVER_AMOUNT,float,8,53,0,True,False
RESERVER_REPAYMENT_TempNCB,13,STATUS_ID,int,4,10,0,True,False
RESERVER_REPAYMENT_TempNCB,14,CREATE_DATE,datetime,8,23,3,True,False
RESERVER_REPAYMENT_TempNCB,15,UPDATE_DATE,datetime,8,23,3,True,False
RESERVER_REPAYMENT_TempNCB,16,NAME_MAKE,nvarchar,400,0,0,True,False
serverRegisteration,1,id,int,4,10,0,False,True
serverRegisteration,2,serverName,nvarchar,50,0,0,True,False
serverRegisteration,3,status,int,4,10,0,True,False
serverRegisteration,4,createat,datetime,8,23,3,True,False
SETUP_APPROVAL_HISTORY,1,APR_HISTORY_ID,int,4,10,0,False,True
SETUP_APPROVAL_HISTORY,2,PARTNER_ID,int,4,10,0,True,False
SETUP_APPROVAL_HISTORY,3,APR_TYPE,nvarchar,100,0,0,True,False
SETUP_APPROVAL_HISTORY,4,APR_DATE,date,3,10,0,True,False
SETUP_APPROVAL_HISTORY,5,APR_NAME,nvarchar,200,0,0,True,False
SETUP_APPROVAL_HISTORY,6,STATUS_ID,int,4,10,0,True,False
SETUP_APPROVAL_HISTORY,7,MEMO,nvarchar,-1,0,0,True,False
SETUP_AUTHORIZED_APPROVE,1,SETUP_APR_ID,int,4,10,0,False,True
SETUP_AUTHORIZED_APPROVE,2,APPROVE_CODE,nvarchar,40,0,0,True,False
SETUP_AUTHORIZED_APPROVE,3,APPROVE_NAME,nvarchar,100,0,0,True,False
SETUP_AUTHORIZED_APPROVE,4,EFFECTIVE_DATE,date,3,10,0,True,False
SETUP_AUTHORIZED_APPROVE,5,END_DATE,date,3,10,0,True,False
SETUP_AUTHORIZED_APPROVE,6,NOTICE_EMAIL,nvarchar,400,0,0,True,False
SETUP_AUTHORIZED_APPROVE,7,NOTICE_MONTH,nvarchar,10,0,0,True,False
SETUP_AUTHORIZED_APPROVE,8,REMARK,nvarchar,-1,0,0,True,False
SETUP_AUTHORIZED_APPROVE,9,STATUS_ID,int,4,10,0,True,False
SETUP_AUTHORIZED_APPROVE,10,CREATE_DATE,datetime,8,23,3,True,False
SETUP_AUTHORIZED_APPROVE,11,UPDATE_DATE,datetime,8,23,3,True,False
SETUP_AUTHORIZED_APPROVE,12,NAME_MAKE,nvarchar,400,0,0,True,False
SETUP_AUTHORIZED_APPROVE_LIST,1,LIST_APR_ID,int,4,10,0,False,True
SETUP_AUTHORIZED_APPROVE_LIST,2,SETUP_APR_ID,int,4,10,0,True,False
SETUP_AUTHORIZED_APPROVE_LIST,3,LIST_HP_AMT,nvarchar,200,0,0,True,False
SETUP_AUTHORIZED_APPROVE_LIST,4,LIST_SCORING,nvarchar,200,0,0,True,False
SETUP_AUTHORIZED_APPROVE_LIST,5,LIST_APPROVE,nvarchar,200,0,0,True,False
SETUP_COMPANY,1,COMPANY_ID,int,4,10,0,False,True
SETUP_COMPANY,2,COMPANY_CODE,nvarchar,40,0,0,True,False
SETUP_COMPANY,3,ADDRESS_NON_ID,int,4,10,0,True,False
SETUP_COMPANY,4,C_NAME_TH,nvarchar,160,0,0,True,False
SETUP_COMPANY,5,C_NAME_EN,nvarchar,160,0,0,True,False
SETUP_COMPANY,6,C_BUSINESS_SIZE,nvarchar,4,0,0,True,False
SETUP_COMPANY,7,C_REGIST_NO,nvarchar,30,0,0,True,False
SETUP_COMPANY,8,C_BUSINESS_INCOME,float,8,53,0,True,False
SETUP_COMPANY,9,C_EXPENSE,float,8,53,0,True,False
SETUP_COMPANY,10,C_BUSINESS_YEAR,nvarchar,6,0,0,True,False
SETUP_COMPANY,11,C_CAPITAL_AMT,float,8,53,0,True,False
SETUP_COMPANY,12,C_CAPITAL_PAY_AMT,float,8,53,0,True,False
SETUP_COMPANY,13,C_REGISTER_DATE,date,3,10,0,True,False
SETUP_COMPANY,14,C_REGISTER_BY,nvarchar,100,0,0,True,False
SETUP_COMPANY,15,C_DESCRIPTION,nvarchar,-1,0,0,True,False
SETUP_COMPANY,16,C_OFFICE_PHONE,nvarchar,30,0,0,True,False
SETUP_COMPANY,17,C_OFFICE_PHONE_EXTEN,nvarchar,30,0,0,True,False
SETUP_COMPANY,18,C_FAX,nvarchar,30,0,0,True,False
SETUP_COMPANY,19,C_EMAIL,nvarchar,160,0,0,True,False
SETUP_COMPANY,20,C_LINEID,nvarchar,160,0,0,True,False
SETUP_COMPANY,21,C_FACEBOOK,nvarchar,160,0,0,True,False
SETUP_COMPANY,22,C_WEBSITE,nvarchar,160,0,0,True,False
SETUP_COMPANY,23,C_LOGO,nvarchar,-1,0,0,True,False
SETUP_COMPANY,24,C_DS_FILE_AUTHORIZED,nvarchar,-1,0,0,True,False
SETUP_COMPANY,25,C_AUTHORIZED_NAME,nvarchar,400,0,0,True,False
SETUP_COMPANY,26,DS_FIN_DOC,nvarchar,-1,0,0,True,False
SETUP_COMPANY,27,DS_FIN_DOC_NAME,nvarchar,400,0,0,True,False
SETUP_COMPANY,28,DS_FIN_AUTHORIZED,nvarchar,-1,0,0,True,False
SETUP_COMPANY,29,DS_FIN_AUTH_NAME,nvarchar,400,0,0,True,False
SETUP_COMPANY,30,REGISTRATION_DOC,nvarchar,-1,0,0,True,False
SETUP_COMPANY,31,EFFECTIVE_DATE,date,3,10,0,True,False
SETUP_COMPANY,32,END_DATE,date,3,10,0,True,False
SETUP_COMPANY,33,NOTICE_EMAIL,nvarchar,400,0,0,True,False
SETUP_COMPANY,34,NOTICE_MONTH,nvarchar,10,0,0,True,False
SETUP_COMPANY,35,REMARK,nvarchar,-1,0,0,True,False
SETUP_COMPANY,36,STATUS_ID,int,4,10,0,True,False
SETUP_COMPANY,37,CREATE_DATE,datetime,8,23,3,True,False
SETUP_COMPANY,38,UPDATE_DATE,datetime,8,23,3,True,False
SETUP_COMPANY,39,NAME_MAKE,nvarchar,400,0,0,True,False
SETUP_COMPANY_BRANCH,1,COMP_BRANCH_ID,int,4,10,0,False,True
SETUP_COMPANY_BRANCH,2,COMPANY_CODE,nvarchar,40,0,0,True,False
SETUP_COMPANY_BRANCH,3,BRANCH_CODE,nvarchar,40,0,0,True,False
SETUP_COMPANY_BRANCH,4,BRANCH_TYPE,nvarchar,400,0,0,True,False
SETUP_COMPANY_BRANCH,5,BRANCH_NAME,nvarchar,-1,0,0,True,False
SETUP_COMPANY_BRANCH,6,BRANCH_SHORT_NAME,nvarchar,-1,0,0,True,False
SETUP_COMPANY_BRANCH,7,BRANCH_ADDRESS,nvarchar,-1,0,0,True,False
SETUP_COMPANY_BRANCH,8,PHONE_01,nvarchar,30,0,0,True,False
SETUP_COMPANY_BRANCH,9,PHONE_02,nvarchar,30,0,0,True,False
SETUP_COMPANY_BRANCH,10,PHONE_03,nvarchar,30,0,0,True,False
SETUP_COMPANY_BRANCH,11,BRANCH_AD,nvarchar,200,0,0,True,False
SETUP_COMPANY_BRANCH,12,DEP_CODE,nvarchar,40,0,0,True,False
SETUP_COMPANY_BRANCH,13,BRANCH_EMAIL,nvarchar,400,0,0,True,False
SETUP_COMPANY_BRANCH,14,ACTIVE_STATUS,nvarchar,20,0,0,True,False
SETUP_COMPANY_BRANCH,15,PROVINCE_ID,int,4,10,0,True,False
SETUP_CREDIT_LIMIT,1,CREDIT_LIMT_ID,int,4,10,0,False,True
SETUP_CREDIT_LIMIT,2,CREDIT_LIMT_CODE,nvarchar,40,0,0,True,False
SETUP_CREDIT_LIMIT,3,PRODUCT_TYPE,int,4,10,0,True,False
SETUP_CREDIT_LIMIT,4,PROJECT_NAME,nvarchar,300,0,0,True,False
SETUP_CREDIT_LIMIT,5,OCCUPATION_ID,int,4,10,0,True,False
SETUP_CREDIT_LIMIT,6,UNIVERSITY_ID,int,4,10,0,True,False
SETUP_CREDIT_LIMIT,7,CAMPUS_ID,int,4,10,0,True,False
SETUP_CREDIT_LIMIT,8,FACULTY_ID,int,4,10,0,True,False
SETUP_CREDIT_LIMIT,9,U_LEVEL,int,4,10,0,True,False
SETUP_CREDIT_LIMIT,10,PRODUCT_CATEGORY,int,4,10,0,True,False
SETUP_CREDIT_LIMIT,11,PRODUCT_BAND,int,4,10,0,True,False
SETUP_CREDIT_LIMIT,12,PRODUCT_SERIES,int,4,10,0,True,False
SETUP_CREDIT_LIMIT,13,PRODUCT_SUB_SERIES,int,4,10,0,True,False
SETUP_CREDIT_LIMIT,14,EFFECTIVE_DATE,date,3,10,0,True,False
SETUP_CREDIT_LIMIT,15,END_DATE,date,3,10,0,True,False
SETUP_CREDIT_LIMIT,16,NOTICE_EMAIL,nvarchar,400,0,0,True,False
SETUP_CREDIT_LIMIT,17,NOTICE_MONTH,nvarchar,10,0,0,True,False
SETUP_CREDIT_LIMIT,18,REMARK,nvarchar,-1,0,0,True,False
SETUP_CREDIT_LIMIT,19,STATUS_ID,int,4,10,0,True,False
SETUP_CREDIT_LIMIT,20,CREATE_DATE,datetime,8,23,3,True,False
SETUP_CREDIT_LIMIT,21,UPDATE_DATE,datetime,8,23,3,True,False
SETUP_CREDIT_LIMIT,22,NAME_MAKE,nvarchar,400,0,0,True,False
SETUP_CREDIT_LIMIT_DETAIL,1,CMT_DET_ID,int,4,10,0,False,True
SETUP_CREDIT_LIMIT_DETAIL,2,CREDIT_LIMT_ID,int,4,10,0,True,False
SETUP_CREDIT_LIMIT_DETAIL,3,FACULTY_ID,int,4,10,0,True,False
SETUP_CREDIT_LIMIT_DETAIL,4,LEVEL_TYPE,int,4,10,0,True,False
SETUP_CREDIT_LIMIT_DETAIL,5,U_LEVEL,int,4,10,0,True,False
SETUP_CREDIT_LIMIT_DETAIL,6,PRODUCT_CATEGORY,int,4,10,0,True,False
SETUP_CREDIT_LIMIT_DETAIL,7,CREDIT_LIMIT,float,8,53,0,True,False
SETUP_CREDIT_LIMIT_DETAIL,8,GROUP_ID,int,4,10,0,True,False
SETUP_GUARANTOR_CONDITION,1,SETUP_GUAR_ID,int,4,10,0,False,True
SETUP_GUARANTOR_CONDITION,2,SETUP_TYPE,nvarchar,100,0,0,True,False
SETUP_GUARANTOR_CONDITION,3,SETUP_GROUP_OCCU,int,4,10,0,True,False
SETUP_GUARANTOR_CONDITION,4,CONDITION_DES,nvarchar,100,0,0,True,False
SETUP_GUARANTOR_CONDITION,5,CONDITION_MIN,nvarchar,100,0,0,True,False
SETUP_GUARANTOR_CONDITION,6,CONDITION_MAX,nvarchar,100,0,0,True,False
SETUP_GUARANTOR_CONDITION,7,CONDITION_VALUE,nvarchar,100,0,0,True,False
SETUP_GUARANTOR_CONDITION,8,RESULT,nvarchar,100,0,0,True,False
SETUP_MT_MODEL,1,MODEL_ID,int,4,10,0,False,True
SETUP_MT_MODEL,2,MODEL_NAME,nvarchar,100,0,0,True,False
SETUP_MT_MODEL,3,START_DATE,date,3,10,0,True,False
SETUP_MT_MODEL,4,END_DATE,date,3,10,0,True,False
SETUP_MT_MODEL,5,ACTIVE_STATUS,bit,1,1,0,True,False
SETUP_MT_MODEL_CONDITION,1,CONDITION_ID,int,4,10,0,False,True
SETUP_MT_MODEL_CONDITION,2,MODEL_ID,int,4,10,0,True,False
SETUP_MT_MODEL_CONDITION,3,CONDITION_NAME,nvarchar,200,0,0,True,False
SETUP_MT_MODEL_CONDITION,4,INPUT_REFERENCE,nvarchar,200,0,0,True,False
SETUP_MT_MODEL_CONDITION,5,ACTIVE_STATUS,bit,1,1,0,True,False
SETUP_MT_MODEL_CONDITION_DETAIL,1,CONDITION_DETAIL_ID,int,4,10,0,False,True
SETUP_MT_MODEL_CONDITION_DETAIL,2,MODEL_ID,int,4,10,0,True,False
SETUP_MT_MODEL_CONDITION_DETAIL,3,CONDITION_ID,int,4,10,0,True,False
SETUP_MT_MODEL_CONDITION_DETAIL,4,DETAIL_MINSCORE,decimal,9,18,4,True,False
SETUP_MT_MODEL_CONDITION_DETAIL,5,DETAIL_MAXSCORE,decimal,9,18,4,True,False
SETUP_MT_MODEL_CONDITION_DETAIL,6,DETAIL_TYPE,nvarchar,100,0,0,True,False
SETUP_MT_MODEL_CONDITION_DETAIL,7,DETAIL_DESCRIPTION,nvarchar,400,0,0,True,False
SETUP_MT_MODEL_CONDITION_DETAIL,8,SCORE,int,4,10,0,True,False
SETUP_MT_MODEL_CONDITION_DETAIL,9,ACTIVE_STATUS,bit,1,1,0,True,False
SETUP_PARTNER,1,PARTNER_ID,int,4,10,0,False,True
SETUP_PARTNER,2,ADDRESS_NON_ID,int,4,10,0,True,False
SETUP_PARTNER,3,PARTNER_CODE,nvarchar,40,0,0,True,False
SETUP_PARTNER,4,PARTNER_TYPE,int,4,10,0,True,False
SETUP_PARTNER,5,PARTNER_NAME,nvarchar,400,0,0,True,False
SETUP_PARTNER,6,PHONE,nvarchar,30,0,0,True,False
SETUP_PARTNER,7,FAX,nvarchar,30,0,0,True,False
SETUP_PARTNER,8,EMAIL,nvarchar,160,0,0,True,False
SETUP_PARTNER,9,LINEID,nvarchar,160,0,0,True,False
SETUP_PARTNER,10,FACEBOOK,nvarchar,160,0,0,True,False
SETUP_PARTNER,11,WEBSITE,nvarchar,160,0,0,True,False
SETUP_PARTNER,12,REGIST_NO,nvarchar,30,0,0,True,False
SETUP_PARTNER,13,REGISTER_DATE,date,3,10,0,True,False
SETUP_PARTNER,14,CAPITAL,float,8,53,0,True,False
SETUP_PARTNER,15,CAPITAL_PAY,float,8,53,0,True,False
SETUP_PARTNER,16,BUSINESS_YEAR,int,4,10,0,True,False
SETUP_PARTNER,17,PRODUCT_BRAND1,int,4,10,0,True,False
SETUP_PARTNER,18,PRODUCT_BRAND2,int,4,10,0,True,False
SETUP_PARTNER,19,PRODUCT_BRAND3,int,4,10,0,True,False
SETUP_PARTNER,20,PRODUCT_BRAND4,int,4,10,0,True,False
SETUP_PARTNER,21,INCOME,float,8,53,0,True,False
SETUP_PARTNER,22,PRINCIPLE,float,8,53,0,True,False
SETUP_PARTNER,23,EXPENSE,float,8,53,0,True,False
SETUP_PARTNER,24,NET_PROFIT,float,8,53,0,True,False
SETUP_PARTNER,25,HP_AMOUNT,float,8,53,0,True,False
SETUP_PARTNER,26,HP_NUMBER,int,4,10,0,True,False
SETUP_PARTNER,27,DIRECTOR_NAME01,nvarchar,200,0,0,True,False
SETUP_PARTNER,28,DIRECTOR_NAME02,nvarchar,200,0,0,True,False
SETUP_PARTNER,29,DIRECTOR_NAME03,nvarchar,200,0,0,True,False
SETUP_PARTNER,30,DIRECTOR_NAME04,nvarchar,200,0,0,True,False
SETUP_PARTNER,31,DIRECTOR_NAME05,nvarchar,200,0,0,True,False
SETUP_PARTNER,32,DIRECTOR_APR,nvarchar,-1,0,0,True,False
SETUP_PARTNER,33,REGIS_BOOK_FILE,nvarchar,-1,0,0,True,False
SETUP_PARTNER,34,BANK_STATE_FILE,nvarchar,-1,0,0,True,False
SETUP_PARTNER,35,CONTRACT_NAME,nvarchar,400,0,0,True,False
SETUP_PARTNER,36,CONTRACT_EMAIL,nvarchar,400,0,0,True,False
SETUP_PARTNER,37,CONTRACT_PHONE,nvarchar,20,0,0,True,False
SETUP_PARTNER,38,CONTRACT_LINEID,nvarchar,400,0,0,True,False
SETUP_PARTNER,39,CONTRACT_FACEBOOKID,nvarchar,400,0,0,True,False
SETUP_PARTNER,40,CONTRACT_TIME,datetime,8,23,3,True,False
SETUP_PARTNER,41,PAY_TYPE,int,4,10,0,True,False
SETUP_PARTNER,42,PAY_BANK,nvarchar,200,0,0,True,False
SETUP_PARTNER,43,PAY_BANK_BRANCH,nvarchar,200,0,0,True,False
SETUP_PARTNER,44,PAY_ACCOUNT,nvarchar,40,0,0,True,False
SETUP_PARTNER,45,EFFECTIVE_DATE,date,3,10,0,True,False
SETUP_PARTNER,46,END_DATE,date,3,10,0,True,False
SETUP_PARTNER,47,NOTICE_EMAIL,nvarchar,400,0,0,True,False
SETUP_PARTNER,48,NOTICE_MONTH,nvarchar,10,0,0,True,False
SETUP_PARTNER,49,REMARK,nvarchar,-1,0,0,True,False
SETUP_PARTNER,50,STATUS_ID,int,4,10,0,True,False
SETUP_PARTNER,51,CREATE_DATE,datetime,8,23,3,True,False
SETUP_PARTNER,52,UPDATE_DATE,datetime,8,23,3,True,False
SETUP_PARTNER,53,NAME_MAKE,nvarchar,400,0,0,True,False
SETUP_PARTNER_BRANCH,1,P_BRANCH_ID,int,4,10,0,False,True
SETUP_PARTNER_BRANCH,2,PARTNER_ID,int,4,10,0,True,False
SETUP_PARTNER_BRANCH,3,P_BRANCH_CODE,nvarchar,40,0,0,True,False
SETUP_PARTNER_BRANCH,4,BRANCH_TYPE,nvarchar,400,0,0,True,False
SETUP_PARTNER_BRANCH,5,BRANCH_NAME,nvarchar,400,0,0,True,False
SETUP_PARTNER_BRANCH,6,BRANCH_ADDRESS,nvarchar,-1,0,0,True,False
SETUP_PARTNER_BRANCH,7,SALLLER_PHONE,nvarchar,30,0,0,True,False
SETUP_PARTNER_BRANCH,8,CALLCENTER_PHONE,nvarchar,30,0,0,True,False
SETUP_PARTNER_BRANCH,9,FAX_PHONE,nvarchar,30,0,0,True,False
SETUP_PARTNER_BRANCH,10,EMAIL,nvarchar,200,0,0,True,False
SETUP_PARTNER_EMPLOYEE,1,P_EMP_ID,int,4,10,0,False,True
SETUP_PARTNER_EMPLOYEE,2,PARTNER_ID,int,4,10,0,True,False
SETUP_PARTNER_EMPLOYEE,3,PARTNER_CODE,nvarchar,40,0,0,True,False
SETUP_PARTNER_EMPLOYEE,4,P_BRANCH_ID,int,4,10,0,True,False
SETUP_PARTNER_EMPLOYEE,5,P_BRANCH_CODE,nvarchar,40,0,0,True,False
SETUP_PARTNER_EMPLOYEE,6,P_EMP_NAME,nvarchar,400,0,0,True,False
SETUP_PARTNER_EMPLOYEE,7,P_EMP_PHONE,nvarchar,30,0,0,True,False
SETUP_PARTNER_EMPLOYEE,8,P_EMP_LINEID,nvarchar,400,0,0,True,False
SETUP_PARTNER_EMPLOYEE,9,P_EMP_PAY_TYPE,int,4,10,0,True,False
SETUP_PARTNER_EMPLOYEE,10,P_EMP_PAY_BANK,nvarchar,200,0,0,True,False
SETUP_PARTNER_EMPLOYEE,11,P_EMP_PAY_BANK_BRANCH,nvarchar,200,0,0,True,False
SETUP_PARTNER_EMPLOYEE,12,P_EMP_PAY_ACCOUNT,nvarchar,40,0,0,True,False
SETUP_PARTNER_EMPLOYEE,13,P_EMP_COMMISSION,nvarchar,40,0,0,True,False
SETUP_PRODUCT_CONDITION,1,HP_PRODUCT_ID,int,4,10,0,False,True
SETUP_PRODUCT_CONDITION,2,PROD_CODE,nvarchar,40,0,0,True,False
SETUP_PRODUCT_CONDITION,3,PRODUCT_TYPE,int,4,10,0,True,False
SETUP_PRODUCT_CONDITION,4,PROJECT_NAME,nvarchar,300,0,0,True,False
SETUP_PRODUCT_CONDITION,5,OCCUPATION_ID,int,4,10,0,True,False
SETUP_PRODUCT_CONDITION,6,UNIVERSITY_ID,int,4,10,0,True,False
SETUP_PRODUCT_CONDITION,7,CAMPUS_ID,int,4,10,0,True,False
SETUP_PRODUCT_CONDITION,8,FACULTY_ID,int,4,10,0,True,False
SETUP_PRODUCT_CONDITION,9,U_LEVEL,int,4,10,0,True,False
SETUP_PRODUCT_CONDITION,10,PRODUCT_CATEGORY,int,4,10,0,True,False
SETUP_PRODUCT_CONDITION,11,PRODUCT_BAND,int,4,10,0,True,False
SETUP_PRODUCT_CONDITION,12,PRODUCT_SERIES,int,4,10,0,True,False
SETUP_PRODUCT_CONDITION,13,PRODUCT_SUB_SERIES,int,4,10,0,True,False
SETUP_PRODUCT_CONDITION,14,EFFECTIVE_DATE,date,3,10,0,True,False
SETUP_PRODUCT_CONDITION,15,END_DATE,date,3,10,0,True,False
SETUP_PRODUCT_CONDITION,16,NOTICE_EMAIL,nvarchar,400,0,0,True,False
SETUP_PRODUCT_CONDITION,17,NOTICE_MONTH,nvarchar,10,0,0,True,False
SETUP_PRODUCT_CONDITION,18,REMARK,nvarchar,-1,0,0,True,False
SETUP_PRODUCT_CONDITION,19,STATUS_ID,int,4,10,0,True,False
SETUP_PRODUCT_CONDITION,20,CREATE_DATE,datetime,8,23,3,True,False
SETUP_PRODUCT_CONDITION,21,UPDATE_DATE,datetime,8,23,3,True,False
SETUP_PRODUCT_CONDITION,22,NAME_MAKE,nvarchar,400,0,0,True,False
SETUP_PRODUCT_CONDITION_DETAIL,1,PROD_DETAIL_ID,int,4,10,0,False,True
SETUP_PRODUCT_CONDITION_DETAIL,2,HP_PRODUCT_ID,int,4,10,0,True,False
SETUP_PRODUCT_CONDITION_DETAIL,3,DOWN_ID,int,4,10,0,True,False
SETUP_PRODUCT_CONDITION_DETAIL,4,INTALLMENT_ID,nvarchar,6,0,0,True,False
SETUP_PRODUCT_CONDITION_DETAIL,5,INTEREST,float,8,53,0,True,False
SETUP_PRODUCT_CONDITION_DETAIL,6,COMMISSION,float,8,53,0,True,False
SETUP_PRODUCT_CONDITION_DETAIL,7,EXTRA_1,float,8,53,0,True,False
SETUP_PRODUCT_CONDITION_DETAIL,8,EXTRA_2,float,8,53,0,True,False
SETUP_PRODUCT_CONDITION_DETAIL,9,EXTRA_3,float,8,53,0,True,False
SETUP_SCORING,1,SETUP_SCORING_ID,int,4,10,0,False,True
SETUP_SCORING,2,SCORING_CODE,nvarchar,40,0,0,True,False
SETUP_SCORING,3,SCORING_NAME,nvarchar,100,0,0,True,False
SETUP_SCORING,4,EFFECTIVE_DATE,date,3,10,0,True,False
SETUP_SCORING,5,END_DATE,date,3,10,0,True,False
SETUP_SCORING,6,NOTICE_EMAIL,nvarchar,400,0,0,True,False
SETUP_SCORING,7,NOTICE_MONTH,nvarchar,10,0,0,True,False
SETUP_SCORING,8,REMARK,nvarchar,-1,0,0,True,False
SETUP_SCORING,9,STATUS_ID,int,4,10,0,True,False
SETUP_SCORING,10,CREATE_DATE,datetime,8,23,3,True,False
SETUP_SCORING,11,UPDATE_DATE,datetime,8,23,3,True,False
SETUP_SCORING,12,NAME_MAKE,nvarchar,400,0,0,True,False
SETUP_SCORING_LIST,1,LIST_SCR_ID,int,4,10,0,False,True
SETUP_SCORING_LIST,2,SETUP_SCORING_ID,int,4,10,0,True,False
SETUP_SCORING_LIST,3,LIST_SUBJECT,int,4,10,0,True,False
SETUP_SCORING_LIST,4,LIST_SUBJECT_NAME,nvarchar,400,0,0,True,False
SETUP_SCORING_LIST,5,LIST_SCORE,float,8,53,0,True,False
SETUP_SCORING_SUBLIST,1,SUBLIST_SCR_ID,int,4,10,0,False,True
SETUP_SCORING_SUBLIST,2,LIST_SCR_ID,int,4,10,0,True,False
SETUP_SCORING_SUBLIST,3,SETUP_SCORING_ID,int,4,10,0,True,False
SETUP_SCORING_SUBLIST,4,SUBLIST_SUBJECT,int,4,10,0,True,False
SETUP_SCORING_SUBLIST,5,SUBLIST_SUBJECT_NAME,nvarchar,400,0,0,True,False
SETUP_SCORING_SUBLIST,6,SUBLIST_SCORE,float,8,53,0,True,False
SETUP_UW_APR,1,UW_APR_ID,int,4,10,0,False,True
SETUP_UW_APR,2,APR_CRITERIA_ID,int,4,10,0,True,False
SETUP_UW_APR,3,UW_APR_NAME,nvarchar,200,0,0,True,False
SETUP_UW_APR,4,EFFECTIVE_DATE,date,3,10,0,True,False
SETUP_UW_APR,5,EXPIRE_DATE,date,3,10,0,True,False
SETUP_UW_APR,6,PRODUCT_ID,int,4,10,0,True,False
SETUP_UW_APR,7,HUB_ID,int,4,10,0,True,False
SETUP_UW_APR,8,REMARK,nvarchar,-1,0,0,True,False
SETUP_UW_APR_CRITERIA,1,APR_CRITERIA_ID,int,4,10,0,False,True
SETUP_UW_APR_CRITERIA,2,UW_APR_ID,int,4,10,0,True,False
SETUP_UW_APR_CRITERIA,3,SCORING,nvarchar,20,0,0,True,False
SETUP_UW_APR_CRITERIA,4,CDLIST_RESULT,nvarchar,20,0,0,True,False
SETUP_UW_APR_CRITERIA,5,NCB_RESULT,nvarchar,20,0,0,True,False
SETUP_UW_APR_CRITERIA,6,CHECKER_RESULT,nvarchar,20,0,0,True,False
SETUP_UW_APR_CRITERIA,7,APR_RESULT,nvarchar,20,0,0,True,False
SETUP_UW_APR_CRITERIA,8,AUTHORIZED,nvarchar,100,0,0,True,False
STATEMENT_FILE_PASSWORD,1,ID,int,4,10,0,False,True
STATEMENT_FILE_PASSWORD,2,QUOTATION_NO,varchar,15,0,0,True,False
STATEMENT_FILE_PASSWORD,3,FILE_PASSWORD,nvarchar,100,0,0,True,False
STATEMENT_FILE_PASSWORD,4,FILE_NAME,nvarchar,-1,0,0,True,False
STATEMENT_FILE_PASSWORD,5,CREATED_AT,datetime,8,23,3,True,False
SUB_EMPLOYEE,1,SUB_EMP_ID,int,4,10,0,False,True
SUB_EMPLOYEE,2,EMP_ID,int,4,10,0,True,False
SUB_EMPLOYEE,3,USER_ID,int,4,10,0,True,False
SUB_EMPLOYEE,4,GROUP_ID,int,4,10,0,True,False
SUB_EMPLOYEE,5,EMP_CODE,nvarchar,100,0,0,True,False
SUB_EMPLOYEE,6,EMP_NAME,nvarchar,500,0,0,True,False
SUB_EMPLOYEE,7,EMP_POSITION,nvarchar,400,0,0,True,False
TASK_SCHEDULER_QUEUE,1,ID,int,4,10,0,False,True
TASK_SCHEDULER_QUEUE,2,STATUS,int,4,10,0,False,False
TASK_SCHEDULER_QUEUE,3,FROM,date,3,10,0,True,False
TASK_SCHEDULER_QUEUE,4,TO,date,3,10,0,True,False
TASK_SCHEDULER_QUEUE,5,IN_PROGRESS,int,4,10,0,True,False
TASK_SCHEDULER_QUEUE,6,LOT_REF,varchar,40,0,0,False,False
TASK_SCHEDULER_QUEUE,7,create_at,datetime,8,23,3,True,False
TASK_SCHEDULER_QUEUE,8,create_by,int,4,10,0,True,False
TASK_SCHEDULER_QUEUE,9,update_at,datetime,8,23,3,True,False
TASK_SCHEDULER_QUEUE,10,update_by,int,4,10,0,True,False
TASK_SCHEDULER_QUEUE,11,DATE_WORK,datetime,8,23,3,True,False
TASK_SCHEDULER_QUEUE,12,NAME_JOBS,varchar,60,0,0,True,False
TASK_SCHEDULER_QUEUE,13,STOP_WORK,int,4,10,0,True,False
TASK_SCHEDULER_QUEUE,14,TYPE,int,4,10,0,False,False
TASK_SCHEDULER_QUEUE,15,LATEST_PAGE,int,4,10,0,False,False
TASK_SCHEDULER_QUEUE,16,TOTAL_PAGE,int,4,10,0,False,False
TAX_INVOICE,1,TAX_INVOICE_ID,int,4,10,0,False,True
TAX_INVOICE,2,REPAY_ID,int,4,10,0,True,False
TAX_INVOICE,3,CONTRACT_ID,int,4,10,0,True,False
TAX_INVOICE,4,CUSTOMER_CARD_ID,int,4,10,0,True,False
TAX_INVOICE,5,STATUS_ID,int,4,10,0,True,False
TAX_INVOICE,6,TAX_NUMBER,nvarchar,40,0,0,True,False
TAX_INVOICE,7,TAX_SUM_AMT,float,8,53,0,True,False
TAX_INVOICE,8,DES_SUM_AMT,nvarchar,400,0,0,True,False
TAX_INVOICE,9,CREATE_DATE,datetime,8,23,3,True,False
TAX_INVOICE,10,UPDATE_DATE,datetime,8,23,3,True,False
TAX_INVOICE,11,NAME_MAKE,nvarchar,400,0,0,True,False
TEMP_DATA_RECAL,1,SEQ,int,4,10,0,False,True
TEMP_DATA_RECAL,2,APP_ID,int,4,10,0,True,False
TEMP_DATA_RECAL,3,INSTALL,decimal,9,12,2,True,False
TEMP_DATA_RECAL,4,PROD_PRICE,decimal,9,12,2,True,False
TEMP_DATA_RECAL,5,WARRANTY_PRICE,decimal,9,12,2,True,False
TEMP_DATA_RECAL,6,ACS_PRICE,decimal,9,12,2,True,False
TEMP_DATA_RECAL,7,ICARE,decimal,9,12,2,True,False
TEMP_DATA_RECAL,8,TRADE_AMT,decimal,9,12,2,True,False
TEMP_DATA_RECAL,9,DOWN_PAY,decimal,9,12,2,True,False
TEMP_DATA_RECAL,10,DISC_AMT,decimal,9,12,2,True,False
TEMP_DATA_RECAL,11,PROJECT_CODE,nvarchar,40,0,0,True,False
TEMP_DATA_RECAL,12,URL_APP,nvarchar,-1,0,0,True,False
TEMP_DATA_RECAL,13,URL_CON,nvarchar,-1,0,0,True,False
TEMP_DATA_RECAL,14,URL_CUST,nvarchar,-1,0,0,True,False
TEMP_DATA_RECAL,15,OLD_CON_NO,nvarchar,40,0,0,True,False
TEMP_DATA_RECAL,16,OLD_APP_ID,int,4,10,0,True,False
TEMP_DATA_RECAL,17,FLAG_RECAL,bit,1,1,0,True,False
TEMP_DATA_RECEIPT,1,ID,int,4,10,0,False,True
TEMP_DATA_RECEIPT,2,CONTRACT_NUMBER,nvarchar,100,0,0,True,False
TEMP_DATA_RECEIPT,3,INSTALL_NUMBER,int,4,10,0,True,False
TEMP_DATA_RECEIPT,4,RECEIPT_DATE,date,3,10,0,True,False
TEMP_DATA_RECEIPT,5,RECEIPT_NUMBER,nvarchar,40,0,0,True,False
TEMP_DATA_RECEIPT,6,CUSTOMER_NUMBER,nvarchar,510,0,0,True,False
TEMP_DATA_RECEIPT,7,TAX_ID,nvarchar,26,0,0,True,False
TEMP_DATA_RECEIPT,8,PAY_AMOUNT,float,8,53,0,True,False
TEMP_DATA_RECEIPT,9,PAY_VAT,float,8,53,0,True,False
TEMP_DATA_RECEIPT,10,PAY_PENALTY,float,8,53,0,True,False
TEMP_DATA_RECEIPT,11,PAY_COLLECT,float,8,53,0,True,False
TEMP_DATA_RECEIPT,12,PAY_DUSCOUNT,float,8,53,0,True,False
TEMP_DATA_RECEIPT,13,PAY_SUM_AMOUNT,float,8,53,0,True,False
TEMP_DATA_RECEIPT,14,REPAY_TYPE,int,4,10,0,True,False
TEMP_DATA_RECEIPT,15,A1_NO,nvarchar,40,0,0,True,False
TEMP_DATA_RECEIPT,16,A1_MOI,nvarchar,40,0,0,True,False
TEMP_DATA_RECEIPT,17,A1_VILLAGE,nvarchar,200,0,0,True,False
TEMP_DATA_RECEIPT,18,A1_BUILDING,nvarchar,100,0,0,True,False
TEMP_DATA_RECEIPT,19,A1_FLOOR,nvarchar,10,0,0,True,False
TEMP_DATA_RECEIPT,20,A1_SOI,nvarchar,100,0,0,True,False
TEMP_DATA_RECEIPT,21,A1_ROAD,nvarchar,100,0,0,True,False
TEMP_DATA_RECEIPT,22,A1_ROOM_NO,nvarchar,30,0,0,True,False
TEMP_DATA_RECEIPT,23,A1_SUB_DISTRICT,nvarchar,200,0,0,True,False
TEMP_DATA_RECEIPT,24,A1_DISTRICT,nvarchar,200,0,0,True,False
TEMP_DATA_RECEIPT,25,A1_PROVINCE,nvarchar,200,0,0,True,False
TEMP_DATA_RECEIPT,26,A1_POSTALCODE,int,4,10,0,True,False
TEMP_DATA_RECEIPT,27,FLAG_STATUS,nvarchar,2,0,0,True,False
TEMP_DATA_RECEIPT,28,FLAG_COM1,bit,1,1,0,True,False
TEMP_DATA_RECEIPT,29,FLAG_COM2,bit,1,1,0,True,False
TEMP_DATA_RECEIPT,30,FLAG_COM3,bit,1,1,0,True,False
TEMP_DATA_RECEIPT,31,CREATE_DATE,datetime,8,23,3,True,False
TEMP_DATA_RECEIPT,32,UPDATE_DATE,datetime,8,23,3,True,False
TEMP_DATA_TAXINVOICE,1,ID,int,4,10,0,False,True
TEMP_DATA_TAXINVOICE,2,CONTRACT_NUMBER,nvarchar,100,0,0,True,False
TEMP_DATA_TAXINVOICE,3,INSTALL_NUMBER,int,4,10,0,True,False
TEMP_DATA_TAXINVOICE,4,TAX_DATE,date,3,10,0,True,False
TEMP_DATA_TAXINVOICE,5,TAX_NUMBER,nvarchar,40,0,0,True,False
TEMP_DATA_TAXINVOICE,6,CUSTOMER_NUMBER,nvarchar,510,0,0,True,False
TEMP_DATA_TAXINVOICE,7,TAX_ID,nvarchar,26,0,0,True,False
TEMP_DATA_TAXINVOICE,8,REPAY_AMOUNT,float,8,53,0,True,False
TEMP_DATA_TAXINVOICE,9,REPAY_VAT,float,8,53,0,True,False
TEMP_DATA_TAXINVOICE,10,REPAY_SUM_AMOUNT,float,8,53,0,True,False
TEMP_DATA_TAXINVOICE,11,REPAY_TYPE,int,4,10,0,True,False
TEMP_DATA_TAXINVOICE,12,A1_NO,nvarchar,40,0,0,True,False
TEMP_DATA_TAXINVOICE,13,A1_MOI,nvarchar,40,0,0,True,False
TEMP_DATA_TAXINVOICE,14,A1_VILLAGE,nvarchar,200,0,0,True,False
TEMP_DATA_TAXINVOICE,15,A1_BUILDING,nvarchar,100,0,0,True,False
TEMP_DATA_TAXINVOICE,16,A1_FLOOR,nvarchar,10,0,0,True,False
TEMP_DATA_TAXINVOICE,17,A1_SOI,nvarchar,100,0,0,True,False
TEMP_DATA_TAXINVOICE,18,A1_ROAD,nvarchar,100,0,0,True,False
TEMP_DATA_TAXINVOICE,19,A1_ROOM_NO,nvarchar,30,0,0,True,False
TEMP_DATA_TAXINVOICE,20,A1_SUB_DISTRICT,nvarchar,200,0,0,True,False
TEMP_DATA_TAXINVOICE,21,A1_DISTRICT,nvarchar,200,0,0,True,False
TEMP_DATA_TAXINVOICE,22,A1_PROVINCE,nvarchar,200,0,0,True,False
TEMP_DATA_TAXINVOICE,23,A1_POSTALCODE,int,4,10,0,True,False
TEMP_DATA_TAXINVOICE,24,FLAG_STATUS,nvarchar,2,0,0,True,False
TEMP_DATA_TAXINVOICE,25,FLAG_COM1,bit,1,1,0,True,False
TEMP_DATA_TAXINVOICE,26,FLAG_COM2,bit,1,1,0,True,False
TEMP_DATA_TAXINVOICE,27,FLAG_COM3,bit,1,1,0,True,False
TEMP_DATA_TAXINVOICE,28,CREATE_DATE,datetime,8,23,3,True,False
TEMP_DATA_TAXINVOICE,29,UPDATE_DATE,datetime,8,23,3,True,False
TEMP_ERROR_SEND_API,1,ID,int,4,10,0,False,True
TEMP_ERROR_SEND_API,2,CODE,varchar,5,0,0,True,False
TEMP_ERROR_SEND_API,3,PROJECT,varchar,20,0,0,True,False
TEMP_ERROR_SEND_API,4,COUNT,int,4,10,0,True,False
TEMP_ERROR_SEND_API,5,REQUEST,nvarchar,-1,0,0,True,False
TEMP_ERROR_SEND_API,6,CREATEDATE,datetime,8,23,3,True,False
TEMP_ERROR_SEND_API,7,UPDATEDATE,datetime,8,23,3,True,False
TEMP_GEN_PDF_TERMINATE,1,ID,int,4,10,0,False,True
TEMP_GEN_PDF_TERMINATE,2,CONTRACT_NO,nvarchar,40,0,0,True,False
TEMP_GEN_PDF_TERMINATE,3,CONTRACT_START,nvarchar,100,0,0,True,False
TEMP_GEN_PDF_TERMINATE,4,TERMINATE_DATE,nvarchar,100,0,0,True,False
TEMP_GEN_PDF_TERMINATE,5,CUSTOMER_NAME,nvarchar,600,0,0,True,False
TEMP_GEN_PDF_TERMINATE,6,CATEGORY_NAME,nvarchar,200,0,0,True,False
TEMP_GEN_PDF_TERMINATE,7,BRAND,nvarchar,100,0,0,True,False
TEMP_GEN_PDF_TERMINATE,8,SERIES_NAME,nvarchar,200,0,0,True,False
TEMP_GEN_PDF_TERMINATE,9,SUB_SERIES_NAME,nvarchar,100,0,0,True,False
TEMP_GEN_PDF_TERMINATE,10,MODEL_NO,nvarchar,100,0,0,True,False
TEMP_GEN_PDF_TERMINATE,11,SERIAL_NUMBER,nvarchar,100,0,0,True,False
TEMP_GEN_PDF_TERMINATE,12,ACCESSORY,nvarchar,100,0,0,True,False
TEMP_GEN_PDF_TERMINATE,13,WARRANTY,nvarchar,100,0,0,True,False
TEMP_GEN_PDF_TERMINATE,14,SUM_OUTSTAND,decimal,9,18,2,True,False
TEMP_GEN_PDF_TERMINATE,15,TH_SUM_OUTSTAND,nvarchar,600,0,0,True,False
TEMP_GEN_PDF_TERMINATE,16,INSTALL_OD,int,4,10,0,True,False
TEMP_GEN_PDF_TERMINATE,17,EMAIL,nvarchar,200,0,0,True,False
TEMP_GEN_PDF_TERMINATE,18,SEND_FLAG,bit,1,1,0,True,False
TEMP_GEN_PDF_TERMINATE,19,CREATE_BY,nvarchar,200,0,0,True,False
TEMP_GEN_PDF_TERMINATE,20,CREATE_DATE,datetime,8,23,3,True,False
TEMP_GEN_PDF_TERMINATE,21,SEND_EMAIL_DATE,datetime,8,23,3,True,False
Temp_History_OD,1,ID,int,4,10,0,False,True
Temp_History_OD,2,CONTRACT_ID,int,4,10,0,True,False
Temp_History_OD,3,DATA_DATE,date,3,10,0,True,False
Temp_History_OD,4,STATUS_ID,int,4,10,0,True,False
Temp_History_OD,5,APP_ID,int,4,10,0,True,False
Temp_History_OD,6,PERSON_ID,int,4,10,0,True,False
Temp_History_OD,7,P_BRANCH_ID,int,4,10,0,True,False
Temp_History_OD,8,EMP_ID,int,4,10,0,True,False
Temp_History_OD,9,CIF_PERSON_ID,int,4,10,0,True,False
Temp_History_OD,10,PRODUDCT_ID,int,4,10,0,True,False
Temp_History_OD,11,REPAY_ID,int,4,10,0,True,False
Temp_History_OD,12,APPLICATION_NUMBER,nvarchar,40,0,0,True,False
Temp_History_OD,13,CONTRACT_NUMBER,nvarchar,40,0,0,True,False
Temp_History_OD,14,CUSTOMER_NAME,nvarchar,400,0,0,True,False
Temp_History_OD,15,INSTALL,int,4,10,0,True,False
Temp_History_OD,16,PAY_DATE,date,3,10,0,True,False
Temp_History_OD,17,REPAY_DATE,date,3,10,0,True,False
Temp_History_OD,18,MAKE_DATE,date,3,10,0,True,False
Temp_History_OD,19,FLAG_EARLY_CLOSE,int,4,10,0,True,False
Temp_History_OD,20,CONTRACT_START,date,3,10,0,True,False
Temp_History_OD,21,CONTRACT_END,date,3,10,0,True,False
Temp_History_OD,22,PERIOD_DATE,date,3,10,0,True,False
Temp_History_OD,23,INSTALL_NUM_FINAL,int,4,10,0,True,False
Temp_History_OD,24,OVERDUE,int,4,10,0,True,False
Temp_History_OD,25,CREATE_DATE,datetime,8,23,3,True,False
Temp_History_OD,26,UPDATE_DATE,datetime,8,23,3,True,False
Temp_History_OD,27,NAME_MAKE,nvarchar,400,0,0,True,False
Temp_History_OD,28,OUTSTD_SUM_PRINCIPLE,float,8,53,0,True,False
Temp_History_OD,29,OUTSTD_SUM_INTEREST,float,8,53,0,True,False
Temp_History_OD,30,OUTSTD_SUM_VAT,float,8,53,0,True,False
Temp_IMPORT_CF_PO,1,SEQ_ID,int,4,10,0,False,True
Temp_IMPORT_CF_PO,2,PO_NUMBER,int,4,10,0,True,False
Temp_IMPORT_CF_PO,3,PO_DATE,date,3,10,0,True,False
Temp_IMPORT_CF_PO,4,INV_NO,nvarchar,100,0,0,True,False
Temp_IMPORT_CF_PO,5,INV_DATE,date,3,10,0,True,False
Temp_IMPORT_CF_PO,6,BRANCH_NO,nvarchar,100,0,0,True,False
Temp_IMPORT_CF_PO,7,PO_AMT,decimal,9,10,4,True,False
Temp_IMPORT_CF_PO,8,FLAG_CF_PO,nvarchar,100,0,0,True,False
Temp_IMPORT_CF_PO,9,FLAG_DATE,datetime,8,23,3,True,False
Temp_Log_GEN_INVOICEWITHBARCODE,1,ID,int,4,10,0,False,True
Temp_Log_GEN_INVOICEWITHBARCODE,2,SP_NAME,nvarchar,200,0,0,True,False
Temp_Log_GEN_INVOICEWITHBARCODE,3,USER_PARAM,nvarchar,50,0,0,True,False
Temp_Log_GEN_INVOICEWITHBARCODE,4,DATE_NOW,date,3,10,0,True,False
Temp_Log_GEN_INVOICEWITHBARCODE,5,DAY_NOW,date,3,10,0,True,False
Temp_Log_GEN_INVOICEWITHBARCODE,6,DUE_DATE,date,3,10,0,True,False
Temp_Log_GEN_INVOICEWITHBARCODE,7,INVOICE_COUNT,int,4,10,0,True,False
Temp_Log_GEN_INVOICEWITHBARCODE,8,LOOP_COUNT,int,4,10,0,True,False
Temp_Log_GEN_INVOICEWITHBARCODE,9,START_DATE,datetime,8,23,3,True,False
Temp_Log_GEN_INVOICEWITHBARCODE,10,END_DATE,datetime,8,23,3,True,False
Temp_Log_GEN_INVOICEWITHBARCODE,11,ERROR_MESSAGES,nvarchar,-1,0,0,True,False
Temp_Log_GEN_INVOICEWITHBARCODE,12,ERROR_STATUS,nvarchar,20,0,0,True,False
Temp_Log_GEN_INVOICEWITHBARCODE,13,ERROR_CODE,nvarchar,20,0,0,True,False
Temp_Log_GEN_INVOICEWITHBARCODE,14,ERROR_LINES,nvarchar,20,0,0,True,False
Temp_Log_SP_GEN_INVOICE,1,ID,bigint,8,19,0,False,True
Temp_Log_SP_GEN_INVOICE,2,SP_NAME,nvarchar,100,0,0,True,False
Temp_Log_SP_GEN_INVOICE,3,USER_PARAM,nvarchar,100,0,0,True,False
Temp_Log_SP_GEN_INVOICE,4,DATE_NOW,date,3,10,0,True,False
Temp_Log_SP_GEN_INVOICE,5,DAY_NOW,int,4,10,0,True,False
Temp_Log_SP_GEN_INVOICE,7,DUE_DATE,date,3,10,0,True,False
Temp_Log_SP_GEN_INVOICE,8,INVOICE_COUNT,int,4,10,0,True,False
Temp_Log_SP_GEN_INVOICE,9,LOOP_COUNT,int,4,10,0,True,False
Temp_Log_SP_GEN_INVOICE,10,START_DATE,datetime,8,23,3,True,False
Temp_Log_SP_GEN_INVOICE,11,END_DATE,datetime,8,23,3,True,False
Temp_log_SP_HISTORY_OD,1,ID,int,4,10,0,False,True
Temp_log_SP_HISTORY_OD,2,SP_NAME,nvarchar,100,0,0,True,False
Temp_log_SP_HISTORY_OD,3,USER_PARAM,nvarchar,100,0,0,True,False
Temp_log_SP_HISTORY_OD,4,DATE_NOW,date,3,10,0,True,False
Temp_log_SP_HISTORY_OD,5,DUE_DATE,date,3,10,0,True,False
Temp_log_SP_HISTORY_OD,6,COUNT_INSERT_DATA,int,4,10,0,True,False
Temp_log_SP_HISTORY_OD,7,START_DATE,datetime,8,23,3,True,False
Temp_log_SP_HISTORY_OD,8,END_DATE,datetime,8,23,3,True,False
Temp_OD_Ratio_Amount_Balance,1,Amount_ID,bigint,8,19,0,False,True
Temp_OD_Ratio_Amount_Balance,2,Amount_DueMonth,int,4,10,0,True,False
Temp_OD_Ratio_Amount_Balance,3,Amount_DueYear,int,4,10,0,True,False
Temp_OD_Ratio_Amount_Balance,4,Amount_TotalPort,decimal,9,18,2,True,False
Temp_OD_Ratio_Amount_Balance,5,Amount_Current,decimal,9,18,2,True,False
Temp_OD_Ratio_Amount_Balance,6,Amount_XDays,decimal,9,18,2,True,False
Temp_OD_Ratio_Amount_Balance,7,Amount_30Days,decimal,9,18,2,True,False
Temp_OD_Ratio_Amount_Balance,8,Amount_60Days,decimal,9,18,2,True,False
Temp_OD_Ratio_Amount_Balance,9,Amount_90Days,decimal,9,18,2,True,False
Temp_OD_Ratio_Amount_Balance,10,Amount_120Days,decimal,9,18,2,True,False
Temp_OD_Ratio_Amount_Balance,11,Amount_150Days,decimal,9,18,2,True,False
Temp_OD_Ratio_Amount_Balance,12,Amount_180DaysPlus,decimal,9,18,2,True,False
Temp_OD_Ratio_Amount_Balance,13,Amount_TotalOverDue,decimal,9,18,2,True,False
Temp_OD_Ratio_Amount_Balance,14,Amount_30DaysPlus,decimal,9,18,2,True,False
Temp_OD_Ratio_Amount_Balance,15,Amount_60DaysPlus,decimal,9,18,2,True,False
Temp_OD_Ratio_Amount_Balance,16,Amount_90DaysPlus,decimal,9,18,2,True,False
Temp_OD_Ratio_Unit_Balance,1,Unit_ID,bigint,8,19,0,False,True
Temp_OD_Ratio_Unit_Balance,2,Unit_DueMonth,int,4,10,0,True,False
Temp_OD_Ratio_Unit_Balance,3,Unit_DueYear,int,4,10,0,True,False
Temp_OD_Ratio_Unit_Balance,4,Unit_TotalPort,decimal,9,18,2,True,False
Temp_OD_Ratio_Unit_Balance,5,Unit_Current,decimal,9,18,2,True,False
Temp_OD_Ratio_Unit_Balance,6,Unit_XDays,decimal,9,18,2,True,False
Temp_OD_Ratio_Unit_Balance,7,Unit_30Days,decimal,9,18,2,True,False
Temp_OD_Ratio_Unit_Balance,8,Unit_60Days,decimal,9,18,2,True,False
Temp_OD_Ratio_Unit_Balance,9,Unit_90Days,decimal,9,18,2,True,False
Temp_OD_Ratio_Unit_Balance,10,Unit_120Days,decimal,9,18,2,True,False
Temp_OD_Ratio_Unit_Balance,11,Unit_150Days,decimal,9,18,2,True,False
Temp_OD_Ratio_Unit_Balance,12,Unit_180DaysPlus,decimal,9,18,2,True,False
Temp_OD_Ratio_Unit_Balance,13,Unit_TotalOverDue,decimal,9,18,2,True,False
Temp_OD_Ratio_Unit_Balance,14,Unit_30DaysPlus,decimal,9,18,2,True,False
Temp_OD_Ratio_Unit_Balance,15,Unit_60DaysPlus,decimal,9,18,2,True,False
Temp_OD_Ratio_Unit_Balance,16,Unit_90DaysPlus,decimal,9,18,2,True,False
Temp_Performance_DateRange,1,id,int,4,10,0,False,True
Temp_Performance_DateRange,2,count_bydate_id,int,4,10,0,True,False
Temp_Performance_DateRange,3,count_bydate_name,nvarchar,200,0,0,True,False
Temp_Performance_DateRange,4,count_bydate_qty,int,4,10,0,True,False
Temp_Performance_Month,1,id,int,4,10,0,False,True
Temp_Performance_Month,2,count_bymonth_id,int,4,10,0,True,False
Temp_Performance_Month,3,count_bymonth_name,nvarchar,200,0,0,True,False
Temp_Performance_Month,4,Jan,int,4,10,0,True,False
Temp_Performance_Month,5,Feb,int,4,10,0,True,False
Temp_Performance_Month,6,Mar,int,4,10,0,True,False
Temp_Performance_Month,7,Apr,int,4,10,0,True,False
Temp_Performance_Month,8,May,int,4,10,0,True,False
Temp_Performance_Month,9,Jun,int,4,10,0,True,False
Temp_Performance_Month,10,Jul,int,4,10,0,True,False
Temp_Performance_Month,11,Aug,int,4,10,0,True,False
Temp_Performance_Month,12,Sep,int,4,10,0,True,False
Temp_Performance_Month,13,Oct,int,4,10,0,True,False
Temp_Performance_Month,14,Nov,int,4,10,0,True,False
Temp_Performance_Month,15,Decem,int,4,10,0,True,False
Temp_Performance_Month,16,Sum_Year,int,4,10,0,True,False
Temp_Phone,1,Phone,nvarchar,100,0,0,True,False
Temp_QR_Down,1,TEMP_QR_DOWN_ID,int,4,10,0,False,True
Temp_QR_Down,2,APP_ID,int,4,10,0,True,False
Temp_QR_Down,4,API_ID,int,4,10,0,True,False
Temp_QR_Down,5,CREATE_DATE,datetime,8,23,3,True,False
Temp_TAX_Down0,1,TAX_ID,nvarchar,26,0,0,False,False
Temp_TAX_Down0,2,Remark,nvarchar,-1,0,0,True,False
Temp_TAX_Down0,3,Active,bit,1,1,0,True,False
Temp_TAX_Down0,4,CreateBy,nvarchar,200,0,0,True,False
Temp_TAX_Down0,5,CreateByName,nvarchar,200,0,0,True,False
Temp_TAX_Down0,6,CreateByDisplayName,nvarchar,200,0,0,True,False
Temp_TAX_Down0,7,CreateDate,datetime,8,23,3,True,False
Temp_TAX_Down0,8,UpdateBy,nvarchar,200,0,0,True,False
Temp_TAX_Down0,9,UpdateByName,nvarchar,200,0,0,True,False
Temp_TAX_Down0,10,UpdateByDisplayName,nvarchar,200,0,0,True,False
Temp_TAX_Down0,11,UpdateDate,datetime,8,23,3,True,False
TEMP_UNLOCK_UFUND,1,SEQ_ID,int,4,10,0,False,True
TEMP_UNLOCK_UFUND,2,CONTRACT_NUMBER,nvarchar,40,0,0,True,False
TEMP_UNLOCK_UFUND,3,SERIAL_NUMBER,nvarchar,200,0,0,True,False
TEMP_UNLOCK_UFUND,4,IMEI,nvarchar,200,0,0,True,False
TEMP_UNLOCK_UFUND,5,BRAND_NAME,nvarchar,200,0,0,True,False
TEMP_UNLOCK_UFUND,6,PHONE,nvarchar,20,0,0,True,False
TEMP_UNLOCK_UFUND,8,CREATE_DATE,datetime,8,23,3,True,False
TEMP_UNLOCK_UFUND,9,UNLOCK_DATE,datetime,8,23,3,True,False
TEMP_UNLOCK_UFUND,10,RETRY,int,4,10,0,True,False
TEMP_UNLOCK_UFUND,11,CATEGORY_NAME,nvarchar,100,0,0,True,False
TEMPLATE_IMPORT_EXCEL,1,TEMPLATE_ID,int,4,10,0,False,True
TEMPLATE_IMPORT_EXCEL,2,TEMPLATE_NAME,nvarchar,200,0,0,True,False
TEMPLATE_IMPORT_EXCEL,3,TEMPLATE_FILE,nvarchar,-1,0,0,True,False
TRANSACTION_CONTRACT_WRITE_OFF,1,TRAN_CONT_WO_ID,int,4,10,0,False,True
TRANSACTION_CONTRACT_WRITE_OFF,2,CONTRACT_NUMBER,nvarchar,40,0,0,True,False
TRANSACTION_CONTRACT_WRITE_OFF,3,REPAY_AMT,decimal,9,10,4,True,False
TRANSACTION_CONTRACT_WRITE_OFF,4,REPAY_DATE,datetime,8,23,3,True,False
TRANSACTION_CONTRACT_WRITE_OFF,5,CREATE_BY,nvarchar,400,0,0,True,False
TRANSACTION_CONTRACT_WRITE_OFF,6,CREATE_DATE,datetime,8,23,3,True,False
TRANSACTION_CONTRACT_WRITE_OFF,7,UPDATE_BY,nvarchar,400,0,0,True,False
TRANSACTION_CONTRACT_WRITE_OFF,8,UPDATE_DATE,datetime,8,23,3,True,False
TRANSACTION_CREDIT_NOTE,1,TRANSACTION_ID,int,4,10,0,False,True
TRANSACTION_CREDIT_NOTE,2,CREDIT_NOTE_ID,int,4,10,0,True,False
TRANSACTION_CREDIT_NOTE,3,REPAY_ID,int,4,10,0,True,False
TRANSACTION_CREDIT_NOTE,4,INSTALL_NUM,int,4,10,0,True,False
TRANSACTION_CREDIT_NOTE,5,DESCRIPTION,nvarchar,400,0,0,True,False
TRANSACTION_CREDIT_NOTE,6,TAX_AMT,float,8,53,0,True,False
TRANSACTION_CREDIT_NOTE,7,TRUE_AMT,float,8,53,0,True,False
TRANSACTION_CREDIT_NOTE,8,CREDIT_NOTE_AMT,float,8,53,0,True,False
TRANSACTION_CREDIT_NOTE,9,CREDIT_NOTE_VAT,float,8,53,0,True,False
TRANSACTION_CREDIT_NOTE,10,CREDIT_NOTE_SUM,float,8,53,0,True,False
TRANSACTION_REPAY,1,TRANSACTION_ID,int,4,10,0,False,True
TRANSACTION_REPAY,2,REPAY_ID,int,4,10,0,True,False
TRANSACTION_REPAY,3,INSTALL_NUM,int,4,10,0,True,False
TRANSACTION_REPAY,4,DESCRIPTION,nvarchar,400,0,0,True,False
TRANSACTION_REPAY,5,AMOUNT,float,8,53,0,True,False
TRANSACTION_REPAY,6,LOG_DATE,datetime,8,23,3,True,False
TRANSACTION_REPAY,7,NAME_MAKE,nvarchar,300,0,0,True,False
TTA_COUNTRY,1,SEQ_ID,int,4,10,0,False,True
TTA_COUNTRY,2,COUNTRY_CODE,nvarchar,40,0,0,False,False
TTA_COUNTRY,3,NAME_TH,nvarchar,200,0,0,True,False
TTA_COUNTRY,4,NAME_EN,nvarchar,200,0,0,True,False
TTA_COUNTRY,5,REF_DESC2,nvarchar,200,0,0,True,False
TTA_COUNTRY,6,REF_DESC3,nvarchar,200,0,0,True,False
TTA_COUNTRY,7,STATUS,nvarchar,2,0,0,True,False
TTA_COUNTRY,8,GIS_CODE,nvarchar,2,0,0,True,False
TTA_COUNTRY,9,ORDER_BY,nvarchar,2,0,0,True,False
TTA_COUNTRY,10,CREATE_BY,nvarchar,100,0,0,True,False
TTA_COUNTRY,11,CREATE_DATE,datetime,8,23,3,True,False
TTA_COUNTRY,12,UPDATE_BY,nvarchar,100,0,0,True,False
TTA_COUNTRY,13,UPDATE_DATE,datetime,8,23,3,True,False
TTA_DISTRICT,1,SEQ_ID,int,4,10,0,False,True
TTA_DISTRICT,2,PROVINCE_CODE,nvarchar,40,0,0,False,False
TTA_DISTRICT,3,DISTRICT_CODE,nvarchar,40,0,0,False,False
TTA_DISTRICT,4,NAME_TH,nvarchar,200,0,0,True,False
TTA_DISTRICT,5,NAME_EN,nvarchar,200,0,0,True,False
TTA_DISTRICT,6,NAME_WEB,nvarchar,200,0,0,True,False
TTA_DISTRICT,7,STATUS,nvarchar,2,0,0,True,False
TTA_DISTRICT,8,CREATE_BY,nvarchar,100,0,0,True,False
TTA_DISTRICT,9,CREATE_DATE,datetime,8,23,3,True,False
TTA_DISTRICT,10,UPDATE_BY,nvarchar,100,0,0,True,False
TTA_DISTRICT,11,UPDATE_DATE,datetime,8,23,3,True,False
TTA_PROVINCE,1,SEQ_ID,int,4,10,0,False,True
TTA_PROVINCE,2,COUNTRY_CODE,nvarchar,40,0,0,False,False
TTA_PROVINCE,3,PROVINCE_CODE,nvarchar,40,0,0,False,False
TTA_PROVINCE,4,NAME_TH,nvarchar,200,0,0,True,False
TTA_PROVINCE,5,NAME_EN,nvarchar,200,0,0,True,False
TTA_PROVINCE,6,NAME_WEB,nvarchar,200,0,0,True,False
TTA_PROVINCE,7,STATUS,nvarchar,2,0,0,True,False
TTA_PROVINCE,8,CREATE_BY,nvarchar,100,0,0,True,False
TTA_PROVINCE,9,CREATE_DATE,datetime,8,23,3,True,False
TTA_PROVINCE,10,UPDATE_BY,nvarchar,100,0,0,True,False
TTA_PROVINCE,11,UPDATE_DATE,datetime,8,23,3,True,False
TTA_SUB_DISTRICT,1,SEQ_ID,int,4,10,0,False,True
TTA_SUB_DISTRICT,2,DISTRICT_CODE,nvarchar,40,0,0,False,False
TTA_SUB_DISTRICT,3,SUB_DISTRICT_CODE,nvarchar,40,0,0,False,False
TTA_SUB_DISTRICT,4,NAME_TH,nvarchar,200,0,0,True,False
TTA_SUB_DISTRICT,5,NAME_EN,nvarchar,200,0,0,True,False
TTA_SUB_DISTRICT,6,NAME_WEB,nvarchar,200,0,0,True,False
TTA_SUB_DISTRICT,7,STATUS,nvarchar,2,0,0,True,False
TTA_SUB_DISTRICT,8,POST_CODE,nvarchar,20,0,0,True,False
TTA_SUB_DISTRICT,9,CREATE_BY,nvarchar,100,0,0,True,False
TTA_SUB_DISTRICT,10,CREATE_DATE,datetime,8,23,3,True,False
TTA_SUB_DISTRICT,11,UPDATE_BY,nvarchar,100,0,0,True,False
TTA_SUB_DISTRICT,12,UPDATE_DATE,datetime,8,23,3,True,False
TTP_ACCESS_TOKEN,1,SEQ_ID,int,4,10,0,False,False
TTP_ACCESS_TOKEN,2,USER_ID,numeric,9,10,0,True,False
TTP_ACCESS_TOKEN,3,ACCESS_TOKEN,nvarchar,1024,0,0,True,False
TTP_ACCESS_TOKEN,4,REFRESH_TOKEN,nvarchar,1024,0,0,True,False
TTP_ACCESS_TOKEN,5,EXPIRED_ON,numeric,13,25,0,True,False
TTP_ACTIVITIES_LOG,1,SEQ_ID,int,4,10,0,False,False
TTP_ACTIVITIES_LOG,2,LOG_DATETIME,datetime,8,23,3,False,False
TTP_ACTIVITIES_LOG,3,ACTION,nvarchar,100,0,0,True,False
TTP_ACTIVITIES_LOG,4,MODULE,nvarchar,100,0,0,True,False
TTP_ACTIVITIES_LOG,5,URL,nvarchar,400,0,0,True,False
TTP_ACTIVITIES_LOG,6,MESSAGE,nvarchar,4000,0,0,True,False
TTP_ACTIVITIES_LOG,7,REMARK,nvarchar,500,0,0,True,False
TTP_ACTIVITIES_LOG,8,USER_ID,nvarchar,40,0,0,True,False
TTP_ACTIVITIES_LOG,9,USER_AGENT,nvarchar,200,0,0,True,False
TTP_API_KEY,1,SEQ_ID,int,4,10,0,False,False
TTP_API_KEY,2,USER_ID,nvarchar,20,0,0,True,False
TTP_API_KEY,3,APP_ID,nvarchar,400,0,0,True,False
TTP_API_KEY,4,SECRET_KEY,nvarchar,100,0,0,True,False
TTP_API_KEY,5,STATUS,nvarchar,2,0,0,True,False
TTP_API_KEY,6,CREATE_DATE,datetime,8,23,3,True,False
TTP_API_KEY,7,CREATE_BY,nvarchar,400,0,0,True,False
TTP_API_KEY,8,UPDATE_DATE,datetime,8,23,3,True,False
TTP_API_KEY,9,UPDATE_BY,nvarchar,400,0,0,True,False
TTP_APPL_PAYMENT,1,SEQ_ID,int,4,10,0,False,True
TTP_APPL_PAYMENT,2,APP_ID,int,4,10,0,False,False
TTP_APPL_PAYMENT,3,PAYMENT_CHANNEL,nvarchar,40,0,0,True,False
TTP_APPL_PAYMENT,4,PAYMENT_TYPE,nvarchar,40,0,0,True,False
TTP_APPL_PAYMENT,5,PAYMENT_DATE,datetime,8,23,3,True,False
TTP_APPL_PAYMENT,6,INSTALLMENT_MODE,nvarchar,40,0,0,True,False
TTP_APPL_PAYMENT,7,BANK_CODE,nvarchar,40,0,0,True,False
TTP_APPL_PAYMENT,8,CARD_CODE,nvarchar,40,0,0,True,False
TTP_APPL_PAYMENT,9,CREDIT_TYPE,nvarchar,100,0,0,True,False
TTP_APPL_PAYMENT,10,CARD_TYPE,nvarchar,100,0,0,True,False
TTP_APPL_PAYMENT,11,CARD_HOLDER_NAME,nvarchar,510,0,0,True,False
TTP_APPL_PAYMENT,12,CARD_EXPIRY,nvarchar,10,0,0,True,False
TTP_APPL_PAYMENT,13,CARD_HOLDER_RELATIONSHIP,int,4,10,0,True,False
TTP_APPL_PAYMENT,14,EDC,nvarchar,40,0,0,True,False
TTP_APPL_PAYMENT,15,TID,nvarchar,40,0,0,True,False
TTP_APPL_PAYMENT,16,APPROVE_STATUS,nvarchar,40,0,0,True,False
TTP_APPL_PAYMENT,17,APPROVE_CODE,nvarchar,100,0,0,True,False
TTP_APPL_PAYMENT,18,SALE_SLIP,nvarchar,100,0,0,True,False
TTP_APPL_PAYMENT,19,PAYMENT_NOTE,nvarchar,500,0,0,True,False
TTP_APPL_PAYMENT,20,IPP_PLAN,int,4,10,0,True,False
TTP_APPL_PAYMENT,21,INSTALLMENT_NUM,int,4,10,0,True,False
TTP_APPL_PAYMENT,22,CARD_INTEREST,numeric,5,5,2,True,False
TTP_APPL_PAYMENT,23,CUST_INTEREST,numeric,5,5,2,True,False
TTP_APPL_PAYMENT,24,PAYMENT_AMT,numeric,9,10,2,True,False
TTP_APPL_PAYMENT,25,INSTALLMENT_AMT,numeric,9,10,2,True,False
TTP_APPL_PAYMENT,26,CUST_INTEREST_AMT,numeric,9,10,2,True,False
TTP_APPL_PAYMENT,27,CARD_INTEREST_AMT,numeric,9,10,2,True,False
TTP_APPL_PAYMENT,28,ITEM_CODE,nvarchar,100,0,0,True,False
TTP_APPL_PAYMENT,29,INVOICE_NO,nvarchar,40,0,0,True,False
TTP_APPL_PAYMENT,30,PGW_URL_ID,int,4,10,0,True,False
TTP_APPL_PAYMENT,31,PGW_TRANS_ID,numeric,9,10,0,True,False
TTP_APPL_PAYMENT,32,ERROR_CODE,nvarchar,40,0,0,True,False
TTP_APPL_PAYMENT,33,ERROR_NAME,nvarchar,510,0,0,True,False
TTP_APPL_PAYMENT,34,CREATE_BY,nvarchar,100,0,0,True,False
TTP_APPL_PAYMENT,35,CREATE_DATE,datetime,8,23,3,True,False
TTP_APPL_PAYMENT,36,UPDATE_BY,nvarchar,100,0,0,True,False
TTP_APPL_PAYMENT,37,UPDATE_DATE,datetime,8,23,3,True,False
TTP_APPL_TRANS,1,SEQ_ID,int,4,10,0,False,True
TTP_APPL_TRANS,2,PAYMENT_REF1,nvarchar,100,0,0,False,False
TTP_APPL_TRANS,3,PAYMENT_REF2,nvarchar,100,0,0,True,False
TTP_APPL_TRANS,4,APPL_NO,nvarchar,60,0,0,True,False
TTP_APPL_TRANS,5,APPL_DATE,datetime,8,23,3,True,False
TTP_APPL_TRANS,6,INFORM_DATE,datetime,8,23,3,True,False
TTP_APPL_TRANS,7,CHANNEL_CODE,nvarchar,40,0,0,True,False
TTP_APPL_TRANS,8,CHANNEL_NAME,nvarchar,200,0,0,True,False
TTP_APPL_TRANS,9,SELLER_CODE,nvarchar,40,0,0,True,False
TTP_APPL_TRANS,10,SELLER_NAME,nvarchar,200,0,0,True,False
TTP_APPL_TRANS,11,POLICY_TYPE,nvarchar,40,0,0,True,False
TTP_APPL_TRANS,12,PRODUCT_TYPE,nvarchar,40,0,0,True,False
TTP_APPL_TRANS,13,PRODUCT_CODE,nvarchar,40,0,0,True,False
TTP_APPL_TRANS,14,PRODUCT_NAME,nvarchar,200,0,0,True,False
TTP_APPL_TRANS,15,PACKAGE_CODE,nvarchar,40,0,0,True,False
TTP_APPL_TRANS,16,PACKAGE_NAME,nvarchar,200,0,0,True,False
TTP_APPL_TRANS,17,ASSURED_NAME,nvarchar,510,0,0,True,False
TTP_APPL_TRANS,18,COVER_YEAR,int,4,10,0,True,False
TTP_APPL_TRANS,19,MOBILE_NO,nvarchar,100,0,0,True,False
TTP_APPL_TRANS,20,EMAIL_ADDRESS,nvarchar,200,0,0,True,False
TTP_APPL_TRANS,21,PREMIUM_AMT,numeric,9,10,2,True,False
TTP_APPL_TRANS,22,START_COVER_DATE,datetime,8,23,3,True,False
TTP_APPL_TRANS,23,END_COVER_DATE,datetime,8,23,3,True,False
TTP_APPL_TRANS,24,PAYMENT_DATE,datetime,8,23,3,True,False
TTP_APPL_TRANS,25,PAYMENT_TYPE,nvarchar,40,0,0,True,False
TTP_APPL_TRANS,26,INSTALLMENT_MODE,nvarchar,40,0,0,True,False
TTP_APPL_TRANS,27,BANK_CODE,nvarchar,40,0,0,True,False
TTP_APPL_TRANS,28,INSTALLMENT_NUM,int,4,10,0,True,False
TTP_APPL_TRANS,29,REMARK,nvarchar,1000,0,0,True,False
TTP_APPL_TRANS,30,CAR_LICENSE_NO,nvarchar,40,0,0,True,False
TTP_APPL_TRANS,31,CAR_LICENSE_TYPE,nvarchar,40,0,0,True,False
TTP_APPL_TRANS,32,PAYMENT_NOTIFY,nvarchar,40,0,0,True,False
TTP_APPL_TRANS,33,OTP_VERIFY_CODE,nvarchar,40,0,0,True,False
TTP_APPL_TRANS,34,LINK_EXPIRED_TIME,nvarchar,20,0,0,True,False
TTP_APPL_TRANS,35,OTP_LOGIN,nvarchar,40,0,0,True,False
TTP_APPL_TRANS,36,PAYMENT_STATUS,nvarchar,40,0,0,True,False
TTP_APPL_TRANS,37,CREATE_BY,nvarchar,100,0,0,True,False
TTP_APPL_TRANS,38,CREATE_DATE,datetime,8,23,3,True,False
TTP_APPL_TRANS,39,UPDATE_BY,nvarchar,100,0,0,True,False
TTP_APPL_TRANS,40,UPDATE_DATE,datetime,8,23,3,True,False
TTP_BILLPAY_IMP,1,SEQ_ID,int,4,10,0,False,False
TTP_BILLPAY_IMP,2,IMPORT_BATCH,nvarchar,40,0,0,True,False
TTP_BILLPAY_IMP,3,PAYMENT_CHANNEL,nvarchar,40,0,0,True,False
TTP_BILLPAY_IMP,4,PAYMENT_REF1,nvarchar,40,0,0,True,False
TTP_BILLPAY_IMP,5,PAYMENT_REF2,nvarchar,40,0,0,True,False
TTP_BILLPAY_IMP,6,PAYMENT_TYPE,nvarchar,40,0,0,True,False
TTP_BILLPAY_IMP,7,PAYMENT_DATE,datetime,8,23,3,True,False
TTP_BILLPAY_IMP,8,INSTALLMENT_MODE,nvarchar,40,0,0,True,False
TTP_BILLPAY_IMP,9,BANK_CODE,nvarchar,40,0,0,True,False
TTP_BILLPAY_IMP,10,APPROVE_STATUS,nvarchar,40,0,0,True,False
TTP_BILLPAY_IMP,11,APPROVE_CODE,nvarchar,100,0,0,True,False
TTP_BILLPAY_IMP,12,SALE_SLIP,nvarchar,100,0,0,True,False
TTP_BILLPAY_IMP,13,PAYMENT_NOTE,nvarchar,500,0,0,True,False
TTP_BILLPAY_IMP,14,INSTALLMENT_NUM,int,4,10,0,True,False
TTP_BILLPAY_IMP,15,PAYMENT_AMT,numeric,9,18,6,True,False
TTP_BILLPAY_IMP,16,IMP_STATUS,int,4,10,0,True,False
TTP_BILLPAY_IMP,17,IMP_MSG,nvarchar,510,0,0,True,False
TTP_BILLPAY_IMP,18,CREATE_BY,nvarchar,100,0,0,True,False
TTP_BILLPAY_IMP,19,CREATE_DATE,datetime,8,23,3,True,False
TTP_BILLPAY_IMP,20,UPDATE_BY,nvarchar,100,0,0,True,False
TTP_BILLPAY_IMP,21,UPDATE_DATE,datetime,8,23,3,True,False
TTP_BILLPAY_RESULT_IMP,1,SEQ_ID,int,4,10,0,False,False
TTP_BILLPAY_RESULT_IMP,2,IMPORT_BATCH,nvarchar,40,0,0,True,False
TTP_BILLPAY_RESULT_IMP,3,IMPORT_DATE,datetime,8,23,3,True,False
TTP_BILLPAY_RESULT_IMP,4,IMPORT_FILENAME,nvarchar,510,0,0,True,False
TTP_BILLPAY_RESULT_IMP,5,IMPORT_CHANNEL,nvarchar,20,0,0,True,False
TTP_BILLPAY_RESULT_IMP,6,PAYMENT_AMT,numeric,9,18,6,True,False
TTP_BILLPAY_RESULT_IMP,7,UPD_OK,int,4,10,0,True,False
TTP_BILLPAY_RESULT_IMP,8,UPD_NG,int,4,10,0,True,False
TTP_BILLPAY_RESULT_IMP,9,CREATE_BY,nvarchar,100,0,0,True,False
TTP_BILLPAY_RESULT_IMP,10,CREATE_DATE,datetime,8,23,3,True,False
TTP_BILLPAY_RESULT_IMP,11,UPDATE_BY,nvarchar,100,0,0,True,False
TTP_BILLPAY_RESULT_IMP,12,UPDATE_DATE,datetime,8,23,3,True,False
TTP_CAC_RPT,1,SEQ_ID,int,4,10,0,False,True
TTP_CAC_RPT,2,LOG_DATETIME,datetime,8,23,3,False,False
TTP_CAC_RPT,3,SEQ_RPT_ID,int,4,10,0,False,False
TTP_CAC_RPT,4,APPLICATION_NUMBER,nvarchar,40,0,0,True,False
TTP_CAC_RPT,5,P_BRANCH_ID,int,4,10,0,True,False
TTP_CAC_RPT,6,P_BRANCH_CD,nvarchar,40,0,0,True,False
TTP_CAC_RPT,7,P_BRANCH_NAME,nvarchar,400,0,0,True,False
TTP_CAC_RPT,8,PAY_DATE,datetime,8,23,3,True,False
TTP_CAC_RPT,9,PHY_ID,nvarchar,100,0,0,True,False
TTP_CAC_RPT,10,CUSTOMER_NAME,nvarchar,400,0,0,True,False
TTP_CAC_RPT,11,PRODUCT_CATEGORY,int,4,10,0,True,False
TTP_CAC_RPT,12,PRODUCT_CATEGORY_DESC,nvarchar,200,0,0,True,False
TTP_CAC_RPT,13,PRODUCT_SERIES,int,4,10,0,True,False
TTP_CAC_RPT,14,PRODUCT_SERIES_DESC,nvarchar,200,0,0,True,False
TTP_CAC_RPT,15,PRODUCT_SUB_SERIES,int,4,10,0,True,False
TTP_CAC_RPT,16,PRODUCT_SUB_SERIES_DESC,nvarchar,200,0,0,True,False
TTP_CAC_RPT,17,PAY_AMT,float,8,53,0,True,False
TTP_CAC_RPT,18,PAY_VAT,float,8,53,0,True,False
TTP_CAC_RPT,19,PAY_TOTAL_AMT,float,8,53,0,True,False
TTP_CAC_RPT,20,UPDATE_DATE,datetime,8,23,3,True,False
TTP_CAC_RPT,21,UPDATE_BY,nvarchar,400,0,0,True,False
TTP_COMPANY_DATA,1,COMP_CODE,int,4,10,0,False,False
TTP_COMPANY_DATA,2,COMP_STS,nvarchar,2,0,0,True,False
TTP_COMPANY_DATA,3,COMP_NAME_TH,nvarchar,200,0,0,False,False
TTP_COMPANY_DATA,4,COMP_NAME_EN,nvarchar,200,0,0,True,False
TTP_COMPANY_DATA,5,COMP_ABBV,nvarchar,40,0,0,True,False
TTP_COMPANY_DATA,6,COMP_PREFIX,nvarchar,10,0,0,True,False
TTP_COMPANY_DATA,7,COMP_CLOSE_FLG,nvarchar,2,0,0,True,False
TTP_COMPANY_DATA,8,COMP_DATE1,datetime,8,23,3,True,False
TTP_COMPANY_DATA,9,COMP_DATE2,datetime,8,23,3,True,False
TTP_COMPANY_DATA,10,COMP_FLAG1,nvarchar,4,0,0,True,False
TTP_COMPANY_DATA,11,COMP_FLAG2,nvarchar,4,0,0,True,False
TTP_COMPANY_DATA,12,COMP_REMRK1,nvarchar,-1,0,0,True,False
TTP_COMPANY_DATA,13,COMP_REMRK2,nvarchar,200,0,0,True,False
TTP_COMPANY_DATA,14,COMP_TAXID,nvarchar,40,0,0,True,False
TTP_COMPANY_DATA,15,COMP_REGID,nvarchar,40,0,0,True,False
TTP_COMPANY_DATA,16,COMP_ADDR1,nvarchar,800,0,0,True,False
TTP_COMPANY_DATA,17,COMP_ADDR2,nvarchar,800,0,0,True,False
TTP_COMPANY_DATA,18,COMP_DISTRICT,nvarchar,60,0,0,True,False
TTP_COMPANY_DATA,19,COMP_PROVINCE,nvarchar,40,0,0,True,False
TTP_COMPANY_DATA,20,COMP_ZIPCODE,nvarchar,10,0,0,True,False
TTP_COMPANY_DATA,21,COMP_TELNO,nvarchar,60,0,0,True,False
TTP_COMPANY_DATA,22,COMP_FAXNO,nvarchar,60,0,0,True,False
TTP_COMPANY_DATA,23,COMP_WWW,nvarchar,200,0,0,True,False
TTP_COMPANY_DATA,24,COMP_LOGO,nvarchar,-1,0,0,True,False
TTP_COMPANY_DATA,25,SSO_LOGIN,nvarchar,2,0,0,True,False
TTP_COMPANY_DATA,26,CREATE_BY,nvarchar,400,0,0,True,False
TTP_COMPANY_DATA,27,CREATE_DATE,datetime,8,23,3,True,False
TTP_COMPANY_DATA,28,UPDATE_BY,nvarchar,100,0,0,True,False
TTP_COMPANY_DATA,29,UPDATE_DATE,datetime,8,23,3,True,False
TTP_CONT_APPL_RPT,1,SEQ_ID,int,4,10,0,False,True
TTP_CONT_APPL_RPT,2,LOG_DATETIME,datetime,8,23,3,False,False
TTP_CONT_APPL_RPT,3,SEQ_RPT_ID,int,4,10,0,False,False
TTP_CONT_APPL_RPT,4,RPT_TYPE,nvarchar,2,0,0,True,False
TTP_CONT_APPL_RPT,5,P_BRANCH_ID,int,4,10,0,True,False
TTP_CONT_APPL_RPT,6,P_BRANCH_CD,nvarchar,40,0,0,True,False
TTP_CONT_APPL_RPT,7,P_BRANCH_NAME,nvarchar,400,0,0,True,False
TTP_CONT_APPL_RPT,8,CONTRACT_ID,int,4,10,0,True,False
TTP_CONT_APPL_RPT,9,CONTRACT_NUMBER,nvarchar,40,0,0,True,False
TTP_CONT_APPL_RPT,10,CONTRACT_DATE,date,3,10,0,True,False
TTP_CONT_APPL_RPT,11,APP_ID,int,4,10,0,True,False
TTP_CONT_APPL_RPT,12,APPLICATION_NUMBER,nvarchar,40,0,0,True,False
TTP_CONT_APPL_RPT,13,APPLICATION_DATE,date,3,10,0,True,False
TTP_CONT_APPL_RPT,14,CUSTOMER_NAME,nvarchar,400,0,0,True,False
TTP_CONT_APPL_RPT,15,PRODUCT_SERIES,int,4,10,0,True,False
TTP_CONT_APPL_RPT,16,PRODUCT_SERIES_DESC,nvarchar,200,0,0,True,False
TTP_CONT_APPL_RPT,17,HP_VAT_SUM,float,8,53,0,True,False
TTP_CONT_APPL_RPT,18,DOWN_SUM_AMT,float,8,53,0,True,False
TTP_CONT_APPL_RPT,19,CONTRACT_STATUS,int,4,10,0,True,False
TTP_CONT_APPL_RPT,20,CONTRACT_STATUS_DESC,nvarchar,100,0,0,True,False
TTP_CONT_APPL_RPT,21,UPDATE_DATE,datetime,8,23,3,True,False
TTP_CONT_APPL_RPT,22,UPDATE_BY,nvarchar,400,0,0,True,False
TTP_CONTRACT_DUTY_RPT,1,SEQ_ID,int,4,10,0,False,True
TTP_CONTRACT_DUTY_RPT,2,LOG_DATETIME,datetime,8,23,3,False,False
TTP_CONTRACT_DUTY_RPT,3,SEQ_RPT_ID,int,4,10,0,False,False
TTP_CONTRACT_DUTY_RPT,4,P_BRANCH_ID,int,4,10,0,True,False
TTP_CONTRACT_DUTY_RPT,5,P_BRANCH_CD,nvarchar,40,0,0,True,False
TTP_CONTRACT_DUTY_RPT,6,P_BRANCH_NAME,nvarchar,400,0,0,True,False
TTP_CONTRACT_DUTY_RPT,7,DUTY_TYPE,nvarchar,6,0,0,True,False
TTP_CONTRACT_DUTY_RPT,8,DUTY_TYPE_DESC,nvarchar,510,0,0,True,False
TTP_CONTRACT_DUTY_RPT,9,CONTRACT_ID,int,4,10,0,True,False
TTP_CONTRACT_DUTY_RPT,10,CONTRACT_DATE,date,3,10,0,True,False
TTP_CONTRACT_DUTY_RPT,11,CONTRACT_NUMBER,nvarchar,40,0,0,True,False
TTP_CONTRACT_DUTY_RPT,12,CUSTOMER_NAME,nvarchar,400,0,0,True,False
TTP_CONTRACT_DUTY_RPT,13,CUST_TAX_ID,nvarchar,40,0,0,True,False
TTP_CONTRACT_DUTY_RPT,14,SUM_HP_AMT,float,8,53,0,True,False
TTP_CONTRACT_DUTY_RPT,15,SUM_HP_DUTY,float,8,53,0,True,False
TTP_CONTRACT_DUTY_RPT,16,DUTY_20,float,8,53,0,True,False
TTP_CONTRACT_DUTY_RPT,17,DUTY_5,float,8,53,0,True,False
TTP_CONTRACT_DUTY_RPT,18,DUTY_1,float,8,53,0,True,False
TTP_CONTRACT_DUTY_RPT,19,COPY_DUTY,float,8,53,0,True,False
TTP_CONTRACT_DUTY_RPT,20,GUARANTOR_DUTY,float,8,53,0,True,False
TTP_CONTRACT_DUTY_RPT,21,GUARANTOR_COPY_DUTY,float,8,53,0,True,False
TTP_CONTRACT_DUTY_RPT,22,SUM_DUTY,int,4,10,0,True,False
TTP_CONTRACT_DUTY_RPT,23,SUM_DUTY_AMT,float,8,53,0,True,False
TTP_CONTRACT_DUTY_RPT,24,GUARANTOR_NUMBER,int,4,10,0,True,False
TTP_CONTRACT_DUTY_RPT,25,UPDATE_DATE,datetime,8,23,3,True,False
TTP_CONTRACT_DUTY_RPT,26,UPDATE_BY,nvarchar,400,0,0,True,False
TTP_EDC_TID_DATA,1,SEQ_ID,int,4,10,0,False,True
TTP_EDC_TID_DATA,2,BANK_CODE,nvarchar,30,0,0,False,False
TTP_EDC_TID_DATA,3,TID_NO,nvarchar,50,0,0,True,False
TTP_EDC_TID_DATA,4,CREATE_BY,nvarchar,100,0,0,True,False
TTP_EDC_TID_DATA,5,CREATE_DATE,datetime,8,23,3,True,False
TTP_EDC_TID_DATA,6,UPDATE_BY,nvarchar,100,0,0,True,False
TTP_EDC_TID_DATA,7,UPDATE_DATE,datetime,8,23,3,True,False
TTP_FIN_RECEIPT_RPT,1,SEQ_ID,int,4,10,0,False,True
TTP_FIN_RECEIPT_RPT,2,LOG_DATETIME,datetime,8,23,3,True,False
TTP_FIN_RECEIPT_RPT,3,SEQ_RPT_ID,int,4,10,0,True,False
TTP_FIN_RECEIPT_RPT,4,REPAY_STS,int,4,10,0,True,False
TTP_FIN_RECEIPT_RPT,5,REPAY_TYPE,nvarchar,2,0,0,True,False
TTP_FIN_RECEIPT_RPT,6,REPAY_DATE,date,3,10,0,True,False
TTP_FIN_RECEIPT_RPT,7,REPAY_CRT_DATE,date,3,10,0,True,False
TTP_FIN_RECEIPT_RPT,8,RECEIPT_NUMBER,nvarchar,40,0,0,True,False
TTP_FIN_RECEIPT_RPT,9,TEMP_RECEIPT_NO,nvarchar,40,0,0,True,False
TTP_FIN_RECEIPT_RPT,10,TAX_INV_NO,nvarchar,40,0,0,True,False
TTP_FIN_RECEIPT_RPT,11,DOC_REF_NO,nvarchar,40,0,0,True,False
TTP_FIN_RECEIPT_RPT,12,DOC_REF_TYPE,nvarchar,2,0,0,True,False
TTP_FIN_RECEIPT_RPT,13,CUSTOMER_NAME,nvarchar,400,0,0,True,False
TTP_FIN_RECEIPT_RPT,14,REPAY_TYPE_DESC,nvarchar,400,0,0,True,False
TTP_FIN_RECEIPT_RPT,15,REPAY_DESC,nvarchar,400,0,0,True,False
TTP_FIN_RECEIPT_RPT,16,REPAY_NAME,nvarchar,200,0,0,True,False
TTP_FIN_RECEIPT_RPT,17,REPAY_NET_AMT,float,8,53,0,True,False
TTP_FIN_RECEIPT_RPT,18,REPAY_VAT_AMT,float,8,53,0,True,False
TTP_FIN_RECEIPT_RPT,19,REPAY_TTL_AMT,float,8,53,0,True,False
TTP_FIN_RECEIPT_RPT,20,OTHER_REPAY_AMT,float,8,53,0,True,False
TTP_FIN_RECEIPT_RPT,21,WHT_REPAY_AMT,float,8,53,0,True,False
TTP_FIN_RECEIPT_RPT,22,DISC_REPAY_AMT,float,8,53,0,True,False
TTP_FIN_RECEIPT_RPT,23,TEMP_RECEIPT_AMT,float,8,53,0,True,False
TTP_FIN_RECEIPT_RPT,24,REPAY_REMARK,nvarchar,400,0,0,True,False
TTP_FIN_RECEIPT_RPT,25,CREATE_BY,nvarchar,400,0,0,True,False
TTP_FIN_RECEIPT_RPT,26,APPROVE_BY,nvarchar,400,0,0,True,False
TTP_FIN_RECEIPT_RPT,27,CANCEL_BY,nvarchar,400,0,0,True,False
TTP_FIN_RECEIPT_RPT,28,UPDATE_DATE,datetime,8,23,3,True,False
TTP_FIN_RECEIPT_RPT,29,UPDATE_BY,nvarchar,400,0,0,True,False
TTP_INV_BARCODE,1,SEQ_ID,int,4,10,0,False,True
TTP_INV_BARCODE,2,INV_NO,nvarchar,40,0,0,True,False
TTP_INV_BARCODE,3,INV_DATE,datetime,8,23,3,True,False
TTP_INV_BARCODE,4,DUE_DATE,datetime,8,23,3,True,False
TTP_INV_BARCODE,5,REF1_NO,nvarchar,40,0,0,True,False
TTP_INV_BARCODE,6,REF2_NO,nvarchar,40,0,0,True,False
TTP_INV_BARCODE,7,INV_AMT,nvarchar,40,0,0,True,False
TTP_INV_BARCODE,8,CUST_CARD_ID,int,4,10,0,True,False
TTP_INV_BARCODE,9,BARCODE_FILE,nvarchar,510,0,0,True,False
TTP_INV_BARCODE,10,QRCODE_FILE,nvarchar,510,0,0,True,False
TTP_INV_BARCODE,11,CRT_FLG,nvarchar,2,0,0,True,False
TTP_INV_BARCODE,12,UPDATE_DATE,datetime,8,23,3,True,False
TTP_INV_BARCODE,13,UPDATE_BY,nvarchar,400,0,0,True,False
TTP_JOB_MONITOR,1,SEQ_ID,int,4,10,0,False,True
TTP_JOB_MONITOR,2,JOB_ID,nvarchar,30,0,0,False,False
TTP_JOB_MONITOR,3,JOB_NAME,nvarchar,510,0,0,True,False
TTP_JOB_MONITOR,4,JOB_RUNDATE,varchar,8,0,0,True,False
TTP_JOB_MONITOR,5,JOB_START_DATE,datetime,8,23,3,True,False
TTP_JOB_MONITOR,6,JOB_END_DATE,datetime,8,23,3,True,False
TTP_JOB_RUNNING,1,SEQ_ID,int,4,10,0,False,True
TTP_JOB_RUNNING,2,JOB_ID,nvarchar,30,0,0,False,False
TTP_JOB_RUNNING,3,JOB_NAME,nvarchar,510,0,0,True,False
TTP_JOB_RUNNING,4,JOB_DESC,nvarchar,510,0,0,True,False
TTP_JOB_RUNNING,5,JOB_START_DATE,datetime,8,23,3,True,False
TTP_JOB_RUNNING,6,JOB_END_DATE,datetime,8,23,3,True,False
TTP_JOB_RUNNING,7,JOB_STATUS,nvarchar,2,0,0,True,False
TTP_JOB_RUNNING,8,JOB_COMMAND,nvarchar,510,0,0,True,False
TTP_JOB_RUNNING,9,JOB_SEQ,int,4,10,0,True,False
TTP_JOB_RUNNING,10,CREATE_DATE,datetime,8,23,3,True,False
TTP_JOB_RUNNING,11,UPDATE_DATE,datetime,8,23,3,True,False
TTP_JOB_RUNNING,12,CREATE_BY,nvarchar,400,0,0,True,False
TTP_JOB_RUNNING,13,UPDATE_BY,nvarchar,400,0,0,True,False
TTP_OS_HPCUST_RPT,1,SEQ_ID,int,4,10,0,False,True
TTP_OS_HPCUST_RPT,2,LOG_DATETIME,datetime,8,23,3,False,False
TTP_OS_HPCUST_RPT,3,SEQ_RPT_ID,int,4,10,0,False,False
TTP_OS_HPCUST_RPT,4,ASOF_DATE,datetime,8,23,3,False,False
TTP_OS_HPCUST_RPT,5,CONTRACT_ID,int,4,10,0,True,False
TTP_OS_HPCUST_RPT,6,CONTRACT_NUMBER,nvarchar,40,0,0,True,False
TTP_OS_HPCUST_RPT,7,P_BRANCH_ID,int,4,10,0,True,False
TTP_OS_HPCUST_RPT,8,P_BRANCH_CD,nvarchar,40,0,0,True,False
TTP_OS_HPCUST_RPT,9,P_BRANCH_NAME,nvarchar,400,0,0,True,False
TTP_OS_HPCUST_RPT,10,DUE_DATE,datetime,8,23,3,True,False
TTP_OS_HPCUST_RPT,11,PAY_DATE,datetime,8,23,3,True,False
TTP_OS_HPCUST_RPT,12,TAX_NUMBER,nvarchar,100,0,0,True,False
TTP_OS_HPCUST_RPT,13,INSTAL_NUM,int,4,10,0,True,False
TTP_OS_HPCUST_RPT,14,CUSTOMER_NAME,nvarchar,400,0,0,True,False
TTP_OS_HPCUST_RPT,15,HP_INVEST_AMT,float,8,53,0,True,False
TTP_OS_HPCUST_RPT,16,INSTAL_AMT,int,4,10,0,True,False
TTP_OS_HPCUST_RPT,17,OUTSTD_SUM_PRINCIPLE,float,8,53,0,True,False
TTP_OS_HPCUST_RPT,18,OUT_SUM_INTEREST,float,8,53,0,True,False
TTP_OS_HPCUST_RPT,19,LAST_PAY_INTEREST,float,8,53,0,True,False
TTP_OS_HPCUST_RPT,20,CURR_PAY_INTEREST,float,8,53,0,True,False
TTP_OS_HPCUST_RPT,21,REVERSE_AMT,float,8,53,0,True,False
TTP_OS_HPCUST_RPT,22,OVERDUE_FLG,nvarchar,2,0,0,True,False
TTP_OS_HPCUST_RPT,23,REMAIN_UNEARN_AMT,float,8,53,0,True,False
TTP_OS_HPCUST_RPT,24,CONTRACT_STATUS,int,4,10,0,True,False
TTP_OS_HPCUST_RPT,25,CONTRACT_STATUS_DESC,nvarchar,100,0,0,True,False
TTP_OS_HPCUST_RPT,26,UPDATE_DATE,datetime,8,23,3,True,False
TTP_OS_HPCUST_RPT,27,UPDATE_BY,nvarchar,400,0,0,True,False
TTP_PARAMETER_DATA,1,SEQ_ID,int,4,10,0,False,False
TTP_PARAMETER_DATA,2,PARAM_CODE,nvarchar,30,0,0,True,False
TTP_PARAMETER_DATA,3,PARAM_GROUP,nvarchar,40,0,0,True,False
TTP_PARAMETER_DATA,4,PARAM_NAME,nvarchar,510,0,0,True,False
TTP_PARAMETER_DATA,5,PARAM_VALUE1,nvarchar,510,0,0,True,False
TTP_PARAMETER_DATA,6,PARAM_VALUE2,nvarchar,510,0,0,True,False
TTP_PARAMETER_DATA,7,PARAM_CONDITION1,nvarchar,510,0,0,True,False
TTP_PARAMETER_DATA,8,PARAM_CONDITION2,nvarchar,510,0,0,True,False
TTP_PARAMETER_DATA,9,PARAM_MISC1_NUM,numeric,9,11,2,True,False
TTP_PARAMETER_DATA,10,PARAM_MISC2_NUM,numeric,9,11,2,True,False
TTP_PARAMETER_DATA,11,PARAM_MISC3_NUM,numeric,9,11,2,True,False
TTP_PARAMETER_DATA,12,PARAM_MISC1,nvarchar,510,0,0,True,False
TTP_PARAMETER_DATA,13,PARAM_MISC2,nvarchar,510,0,0,True,False
TTP_PARAMETER_DATA,14,PARAM_MISC3,nvarchar,510,0,0,True,False
TTP_PARAMETER_DATA,15,PARAM_MISC4,nvarchar,510,0,0,True,False
TTP_PARAMETER_DATA,16,PARAM_COMMENT,nvarchar,1000,0,0,True,False
TTP_PARAMETER_DATA,17,STATUS,nvarchar,2,0,0,True,False
TTP_PARAMETER_DATA,18,CREATE_DATE,datetime,8,23,3,True,False
TTP_PARAMETER_DATA,19,CREATE_BY,nvarchar,400,0,0,True,False
TTP_PARAMETER_DATA,20,UPDATE_DATE,datetime,8,23,3,True,False
TTP_PARAMETER_DATA,21,UPDATE_BY,nvarchar,400,0,0,True,False
TTP_PARAMETER_GROUP,1,SEQ_ID,int,4,10,0,False,False
TTP_PARAMETER_GROUP,2,GROUP_CODE,nvarchar,40,0,0,True,False
TTP_PARAMETER_GROUP,3,GROUP_NAME,nvarchar,510,0,0,True,False
TTP_PARAMETER_GROUP,4,GROUP_TYPE,nvarchar,2,0,0,True,False
TTP_PARAMETER_GROUP,5,STATUS,nvarchar,2,0,0,True,False
TTP_PARAMETER_GROUP,6,CREATE_DATE,datetime,8,23,3,True,False
TTP_PARAMETER_GROUP,7,CREATE_BY,nvarchar,400,0,0,True,False
TTP_PARAMETER_GROUP,8,UPDATE_DATE,datetime,8,23,3,True,False
TTP_PARAMETER_GROUP,9,UPDATE_BY,nvarchar,400,0,0,True,False
TTP_PERMISSION,1,SEQ_ID,int,4,10,0,False,True
TTP_PERMISSION,2,PGM_CODE,nvarchar,40,0,0,True,False
TTP_PERMISSION,3,PGM_TYPE,nvarchar,2,0,0,True,False
TTP_PERMISSION,4,PGM_THAI_DESC,nvarchar,510,0,0,True,False
TTP_PERMISSION,5,PGM_ENG_DESC,nvarchar,510,0,0,True,False
TTP_PERMISSION,6,IS_MENU,nvarchar,2,0,0,True,False
TTP_PERMISSION,7,PGM_LEVEL,int,4,10,0,True,False
TTP_PERMISSION,8,PGM_PARENT_ID,nvarchar,40,0,0,True,False
TTP_PERMISSION,9,PGM_URL,nvarchar,510,0,0,True,False
TTP_PERMISSION,10,PGM_SEQ,int,4,10,0,True,False
TTP_PERMISSION,11,PGM_KEY,nvarchar,40,0,0,True,False
TTP_PERMISSION,12,PGM_MODULE,nvarchar,40,0,0,True,False
TTP_PERMISSION,13,PGM_ICON,nvarchar,40,0,0,True,False
TTP_PERMISSION,14,STATUS,nvarchar,2,0,0,True,False
TTP_PERMISSION,15,CREATE_DATE,datetime,8,23,3,True,False
TTP_PERMISSION,16,CREATE_BY,nvarchar,400,0,0,True,False
TTP_PERMISSION,17,UPDATE_DATE,datetime,8,23,3,True,False
TTP_PERMISSION,18,UPDATE_BY,nvarchar,400,0,0,True,False
TTP_QR_DOWN,1,QRD_ID,int,4,10,0,False,True
TTP_QR_DOWN,2,PAYMENT_REF1,nvarchar,100,0,0,True,False
TTP_QR_DOWN,3,PAYMENT_REF2,varchar,255,0,0,True,False
TTP_QR_DOWN,4,QR_PAY_DOWN,nvarchar,-1,0,0,True,False
TTP_QR_DOWN,5,UUID,varchar,255,0,0,True,False
TTP_QR_DOWN,6,CREATE_DATE,datetime,8,23,3,True,False
TTP_QR_DOWN,7,CREATE_BY,nvarchar,100,0,0,True,False
TTP_ROLE,1,SEQ_ID,int,4,10,0,False,True
TTP_ROLE,2,ROLE_NAME,nvarchar,510,0,0,True,False
TTP_ROLE,3,STATUS,nvarchar,2,0,0,True,False
TTP_ROLE,4,CREATE_DATE,datetime,8,23,3,True,False
TTP_ROLE,5,CREATE_BY,nvarchar,400,0,0,True,False
TTP_ROLE,6,UPDATE_DATE,datetime,8,23,3,True,False
TTP_ROLE,7,UPDATE_BY,nvarchar,400,0,0,True,False
TTP_ROLE_PERMISSION,1,SEQ_ID,int,4,10,0,False,True
TTP_ROLE_PERMISSION,2,ROLE_ID,int,4,10,0,True,False
TTP_ROLE_PERMISSION,3,PERMIT_ID,int,4,10,0,True,False
TTP_ROLE_PERMISSION,4,STATUS,nvarchar,2,0,0,True,False
TTP_ROLE_PERMISSION,5,CREATE_DATE,datetime,8,23,3,True,False
TTP_ROLE_PERMISSION,6,CREATE_BY,nvarchar,400,0,0,True,False
TTP_ROLE_PERMISSION,7,UPDATE_DATE,datetime,8,23,3,True,False
TTP_ROLE_PERMISSION,8,UPDATE_BY,nvarchar,400,0,0,True,False
TTP_SMS_RESULT,1,SEQ_ID,int,4,10,0,False,False
TTP_SMS_RESULT,2,SEND_DATE,datetime,8,23,3,True,False
TTP_SMS_RESULT,3,SEND_TIME,nvarchar,100,0,0,True,False
TTP_SMS_RESULT,4,REF_NO1,nvarchar,100,0,0,True,False
TTP_SMS_RESULT,5,REF_NO2,nvarchar,100,0,0,True,False
TTP_SMS_RESULT,6,PAY_AMT,numeric,5,8,2,True,False
TTP_SMS_RESULT,7,MOBILE_NO,nvarchar,100,0,0,True,False
TTP_SMS_RESULT,8,SEND_STATUS,nvarchar,100,0,0,True,False
TTP_SMS_RESULT,9,SEND_RESULT,nvarchar,100,0,0,True,False
TTP_SMS_RESULT,10,SEND_MSG,nvarchar,-1,0,0,True,False
TTP_STOCK_MOVEMENT,1,SEQ_ID,int,4,10,0,False,True
TTP_STOCK_MOVEMENT,2,DOC_NO,nvarchar,40,0,0,True,False
TTP_STOCK_MOVEMENT,3,DOC_TYPE,nvarchar,2,0,0,True,False
TTP_STOCK_MOVEMENT,4,DOC_DATE,datetime,8,23,3,True,False
TTP_STOCK_MOVEMENT,5,PROD_ID,int,4,10,0,True,False
TTP_STOCK_MOVEMENT,6,STOCK_BF_QTY,int,4,10,0,True,False
TTP_STOCK_MOVEMENT,7,STOCK_IN_QTY,int,4,10,0,True,False
TTP_STOCK_MOVEMENT,8,STOCK_OUT_QTY,int,4,10,0,True,False
TTP_STOCK_MOVEMENT,9,STOCK_CF_QTY,int,4,10,0,True,False
TTP_STOCK_MOVEMENT,10,PROD_SERIAL_NO,nvarchar,100,0,0,True,False
TTP_STOCK_MOVEMENT,11,PRC_FLG,nvarchar,2,0,0,True,False
TTP_STOCK_MOVEMENT,12,UPDATE_DATE,datetime,8,23,3,True,False
TTP_STOCK_MOVEMENT,13,UPDATE_BY,nvarchar,400,0,0,True,False
TTP_USER,1,SEQ_ID,int,4,10,0,False,True
TTP_USER,2,USER_ID,nvarchar,20,0,0,True,False
TTP_USER,3,PASSWORD,nvarchar,400,0,0,True,False
TTP_USER,4,USER_NAME,nvarchar,200,0,0,True,False
TTP_USER,5,USER_LEVEL,nvarchar,2,0,0,True,False
TTP_USER,6,ROLE_ID,int,4,10,0,True,False
TTP_USER,7,MOBILE_NO,nvarchar,30,0,0,True,False
TTP_USER,8,EMAIL,nvarchar,200,0,0,True,False
TTP_USER,9,LOCALE,nvarchar,20,0,0,True,False
TTP_USER,10,CHANNEL_CODE,nvarchar,40,0,0,True,False
TTP_USER,11,STATUS,nvarchar,2,0,0,True,False
TTP_USER,12,OTP_LOGIN,nvarchar,40,0,0,True,False
TTP_USER,13,EXPIRED_BY,numeric,13,20,0,True,False
TTP_USER,14,CREATE_DATE,datetime,8,23,3,True,False
TTP_USER,15,CREATE_BY,nvarchar,400,0,0,True,False
TTP_USER,16,UPDATE_DATE,datetime,8,23,3,True,False
TTP_USER,17,UPDATE_BY,nvarchar,400,0,0,True,False
TTP_VAT_RPT,1,SEQ_ID,int,4,10,0,False,True
TTP_VAT_RPT,2,MONTH_YEAR,nvarchar,12,0,0,True,False
TTP_VAT_RPT,3,TAX_TYPE,nvarchar,2,0,0,True,False
TTP_VAT_RPT,4,LOG_DATETIME,datetime,8,23,3,False,False
TTP_VAT_RPT,5,SEQ_RPT_ID,int,4,10,0,False,False
TTP_VAT_RPT,6,TAX_DATE,date,3,10,0,True,False
TTP_VAT_RPT,7,TAX_NUMBER,nvarchar,100,0,0,True,False
TTP_VAT_RPT,8,TAX__NAME,nvarchar,400,0,0,True,False
TTP_VAT_RPT,9,TAX_ID1,nvarchar,26,0,0,True,False
TTP_VAT_RPT,10,TAX_CORP_NUM_CENTER,nvarchar,40,0,0,True,False
TTP_VAT_RPT,11,TAX_CORP_NUM_BRANCH,nvarchar,40,0,0,True,False
TTP_VAT_RPT,12,TAX_AMT,float,8,53,0,True,False
TTP_VAT_RPT,13,TAX_VAT_AMT,float,8,53,0,True,False
TTP_VAT_RPT,14,TAX_TTL_AMT,float,8,53,0,True,False
TTP_VAT_RPT,15,UPDATE_DATE,datetime,8,23,3,True,False
TTP_VAT_RPT,16,UPDATE_BY,nvarchar,400,0,0,True,False
TTP_VAT_RPT,17,APPL_NO,nvarchar,40,0,0,True,False
TTP_VAT_RPT,18,CONT_NO,nvarchar,40,0,0,True,False
TTP_VERSION,1,SEQ_ID,int,4,10,0,False,True
TTP_VERSION,2,VERSION,nvarchar,40,0,0,True,False
TTP_VERSION,3,CREATE_DATE,datetime,8,23,3,True,False
TTP_VERSION,4,UPDATE_DATE,datetime,8,23,3,True,False
TTP_VOUCHER_DETAIL,1,SEQ_ID,bigint,8,19,0,False,True
TTP_VOUCHER_DETAIL,2,LOG_DATETIME,datetime,8,23,3,True,False
TTP_VOUCHER_DETAIL,3,VOUCHER_NO,nvarchar,40,0,0,True,False
TTP_VOUCHER_DETAIL,4,VOUCHER_TYPE,nvarchar,2,0,0,True,False
TTP_VOUCHER_DETAIL,5,VOUCHER_REF_ID,int,4,10,0,True,False
TTP_VOUCHER_DETAIL,6,DOC_TYPE,nvarchar,2,0,0,True,False
TTP_VOUCHER_DETAIL,7,DOC_REF_NO,nvarchar,100,0,0,True,False
TTP_VOUCHER_DETAIL,8,TRANS_DATE,datetime,8,23,3,True,False
TTP_VOUCHER_DETAIL,9,POST_DATE,datetime,8,23,3,True,False
TTP_VOUCHER_DETAIL,10,ARAP_CODE,nvarchar,100,0,0,True,False
TTP_VOUCHER_DETAIL,11,ACC_TYPE,nvarchar,20,0,0,True,False
TTP_VOUCHER_DETAIL,12,ACC_CODE,nvarchar,100,0,0,True,False
TTP_VOUCHER_DETAIL,13,ACC_DESC,nvarchar,400,0,0,True,False
TTP_VOUCHER_DETAIL,14,DIM_PRODUCT,nvarchar,20,0,0,True,False
TTP_VOUCHER_DETAIL,15,DIM_BRANCH,nvarchar,20,0,0,True,False
TTP_VOUCHER_DETAIL,16,DIM_TAX_BR,nvarchar,20,0,0,True,False
TTP_VOUCHER_DETAIL,17,DIM_DEPT,nvarchar,20,0,0,True,False
TTP_VOUCHER_DETAIL,18,VOUCHER_DR_AMT,float,8,53,0,True,False
TTP_VOUCHER_DETAIL,19,VOUCHER_CR_AMT,float,8,53,0,True,False
TTP_VOUCHER_DETAIL,20,APPCON_REF_NO,nvarchar,100,0,0,True,False
TTP_VOUCHER_DETAIL,21,UPDATE_DATE,datetime,8,23,3,True,False
TTP_VOUCHER_DETAIL,22,UPDATE_BY,nvarchar,400,0,0,True,False
TTP_VOUCHER_SUMMARY,1,SEQ_ID,int,4,10,0,False,True
TTP_VOUCHER_SUMMARY,2,LOG_DATETIME,datetime,8,23,3,True,False
TTP_VOUCHER_SUMMARY,3,POST_DATE,datetime,8,23,3,True,False
TTP_VOUCHER_SUMMARY,4,ACC_TYPE,nvarchar,20,0,0,True,False
TTP_VOUCHER_SUMMARY,5,ACC_CODE,nvarchar,100,0,0,True,False
TTP_VOUCHER_SUMMARY,6,ACC_DESC,nvarchar,400,0,0,True,False
TTP_VOUCHER_SUMMARY,7,DIM_PRODUCT,nvarchar,20,0,0,True,False
TTP_VOUCHER_SUMMARY,8,DIM_BRANCH,nvarchar,20,0,0,True,False
TTP_VOUCHER_SUMMARY,9,DIM_TAX_BR,nvarchar,20,0,0,True,False
TTP_VOUCHER_SUMMARY,10,DIM_DEPT,nvarchar,20,0,0,True,False
TTP_VOUCHER_SUMMARY,11,VOUCHER_DR_AMT,float,8,53,0,True,False
TTP_VOUCHER_SUMMARY,12,VOUCHER_CR_AMT,float,8,53,0,True,False
TTP_VOUCHER_SUMMARY,13,APPCON_REF_NO,nvarchar,100,0,0,True,False
TTP_VOUCHER_SUMMARY,14,UPDATE_DATE,datetime,8,23,3,True,False
TTP_VOUCHER_SUMMARY,15,UPDATE_BY,nvarchar,400,0,0,True,False
TTP_XBANK_LOG,1,SEQ_ID,int,4,10,0,False,True
TTP_XBANK_LOG,2,BANK_REF,nvarchar,100,0,0,True,False
TTP_XBANK_LOG,3,BILLER_NO,nvarchar,40,0,0,True,False
TTP_XBANK_LOG,4,PAYMENT_REF1,nvarchar,50,0,0,True,False
TTP_XBANK_LOG,5,PAYMENT_REF2,nvarchar,50,0,0,True,False
TTP_XBANK_LOG,6,QR_ID,nvarchar,60,0,0,True,False
TTP_XBANK_LOG,7,PAYER_NAME,nvarchar,510,0,0,True,False
TTP_XBANK_LOG,8,PAYER_BANK,nvarchar,510,0,0,True,False
TTP_XBANK_LOG,9,PAYMENT_AMT,decimal,9,10,3,True,False
TTP_XBANK_LOG,10,PAYMENT_FEE,decimal,9,10,3,True,False
TTP_XBANK_LOG,11,PAY_RESULT_CD,nvarchar,10,0,0,True,False
TTP_XBANK_LOG,12,PAY_RESULT_DESC,nvarchar,510,0,0,True,False
TTP_XBANK_LOG,13,PAY_TRANS_DATE,nvarchar,70,0,0,True,False
TTP_XBANK_LOG,14,CREATE_DATE,date,3,10,0,True,False
TTP_XBANK_LOG,15,CREATE_BY,nvarchar,20,0,0,True,False
TTP_XBANK_LOG,16,UPDATE_DATE,date,3,10,0,True,False
TTP_XBANK_LOG,17,UPDATE_BY,nvarchar,20,0,0,True,False
UFUNDInterface,1,Interface_ID,int,4,10,0,False,True
UFUNDInterface,2,PST_CUST_ID,int,4,10,0,True,False
UFUNDInterface,3,QUOTATION_ID,int,4,10,0,True,False
UFUNDInterface,4,Payload,nvarchar,510,0,0,True,False
UFUNDInterface,5,PostingDate,datetime,8,23,3,True,False
UFUNDInterface,6,Code,nvarchar,100,0,0,True,False
UFUNDInterface,7,Status,nvarchar,100,0,0,True,False
UFUNDInterface,8,URL,varchar,500,0,0,True,False
UFUNDInterface,9,Filename,nvarchar,510,0,0,True,False
UFUNDInterface,10,FileType,nvarchar,100,0,0,True,False
UFUNDInterface,11,Active,bit,1,1,0,True,False
UFUNDInterface,12,Remark,nvarchar,510,0,0,True,False
ZZ_PRODUCT_K2_ITOS_mapping,1,K2_SERIES_NAME,nvarchar,2000,0,0,False,False
ZZ_PRODUCT_K2_ITOS_mapping,2,K2_SUB_SERIES_NAME,nvarchar,100,0,0,False,False
ZZ_PRODUCT_K2_ITOS_mapping,3,K2_COLOR_NAME,nvarchar,100,0,0,False,False
ZZ_PRODUCT_K2_ITOS_mapping,4,MODEL_NAME,nvarchar,2000,0,0,False,False
ZZ_PRODUCT_K2_ITOS_mapping,5,MODEL_CODE,nvarchar,200,0,0,True,False
ZZ_PRODUCT_K2_ITOS_mapping,6,BRAND_ID,nvarchar,100,0,0,True,False
ZZ_PRODUCT_K2_ITOS_mapping,7,BRAND_CODE,nvarchar,100,0,0,True,False
ZZ_PRODUCT_K2_ITOS_mapping,8,MODEL_TYPE,nvarchar,100,0,0,True,False
ZZ_PRODUCT_K2_ITOS_mapping,9,STORAGE_SIZE,nvarchar,100,0,0,True,False
ZZ_PRODUCT_K2_ITOS_mapping,10,COLOR,nvarchar,100,0,0,True,False
ZZ_PRODUCT_K2_ITOS_mapping,11,NAME_THA,nvarchar,2000,0,0,True,False
ZZ_PRODUCT_K2_ITOS_mapping,12,NAME_ENG,nvarchar,2000,0,0,True,False
